SAMPLEID,undifferentiated,granitic,intermediate,carbonate,sedimentary,shale,basaltic,sandstone,carbonates,ultramafic,WGS84_WORLD_LL_Calc_X,WGS84_WORLD_LL_Calc_Y,Ag_ppm,Al_pct,As_ppm,Ba_ppm,Be_ppm,Bi_ppm,Ca_pct,Cd_ppm,Ce_ppm,Co_ppm,Cr_ppm,Cs_ppm,Cu_ppm,Fe_pct,Ga_ppm,Ge_ppm,Hf_ppm,In_ppm,K_pct,La_ppm,Li_ppm,Mg_pct,Mn_ppm,Mo_ppm,Na_pct,Nb_ppm,Ni_ppm,P_ppm,Pb_ppm,Rb_ppm,S_pct,Sb_ppm,Sc_ppm,Se_ppm,Sn_ppm,Sr_ppm,Ta_ppm,Te_ppm,Th_ppm,Ti_pct,Tl_ppm,U_ppm,V_ppm,W_ppm,Y_ppm,Zn_ppm,Zr_ppm,st_area(shape),st_perimeter(shape),COUNT,Phyllosilicates_MEAN,Phyllosilicates_STD,Phyllosilicates_MAJORITY,Phyllosilicates_MAJORITY_PERCENT,Phyllosilicates_MINORITY,Phyllosilicates_MINORITY_PERCENT,Gossan_MEAN,Gossan_STD,Gossan_MAJORITY,Gossan_MAJORITY_PERCENT,Gossan_MINORITY,Gossan_MINORITY_PERCENT,Mag_MEAN,Mag_STD,Mag_MAJORITY,Mag_MAJORITY_PERCENT,Mag_MINORITY,Mag_MINORITY_PERCENT,Uranium_MEAN,Uranium_STD,Uranium_MAJORITY,Uranium_MAJORITY_PERCENT,Uranium_MINORITY,Uranium_MINORITY_PERCENT
40309500.0,11.4801043,44.259947992,0.0,0.0,0.0,0.0,0.0,0.0,0.0,0.0,-108.4183741,31.88046377,0.251,5.53,9.8,439.0,1.54,0.21,13.85,0.589,50.1,10.05,31.6,7.21,27.0,2.73,14.2,0.1,2.26,0.061,1.57,22.8,33.2,0.89,639.0,1.08,0.489,9.22,16.55,890.0,32.8,83.4,0.02,1.37,9.55,0.6,1.98,309.0,0.62,0.07,7.3,0.322,0.553,1.99,71.5,1.015,19.75,99.2,81.0,358369.2735,5179.689995,3368.0,164.215855,40.29615,131.0,2.8897,40.0,0.0584,52.830874,45.545559,1.0,2.2325,115.0,0.029,-88.073454,6.233634,-89.0,73.8514,-97.0,1.5031,26.929742,5.999589,21.0,50.5855,33.0,49.4145
40309951.0,40.074216588,17.91186336,0.0,0.0,0.0,0.0,1.93970351,0.0,0.0,0.0,-107.4261501,32.54850533,0.172,7.71,5.01,757.0,2.32,0.415,1.45,0.504,68.1,11.6,46.7,6.14,61.5,3.4,20.3,0.13,3.61,0.073,2.24,35.5,38.0,0.79,554.0,1.19,1.16,14.65,25.3,850.0,32.3,106.0,0.04,0.82,11.2,0.3,3.98,284.0,0.94,0.07,11.1,0.401,0.553,2.02,67.1,1.59,24.7,103.5,117.5,3021326.136,10291.75132,29139.0,71.827963,35.422833,51.0,2.3679,157.0,0.0103,64.57077,34.607953,50.0,1.6884,227.0,0.0034,220.12538,13.611269,231.0,37.9183,178.0,0.6288,2.328454,0.740963,2.0,83.5773,4.0,16.4227
40309952.0,0.280067397,0.0,0.0,0.0,0.0,0.0,99.71993261,0.0,0.0,0.0,-107.3929083,32.33158782,0.097,7.29,4.03,765.0,1.84,0.296,2.15,0.329,61.0,13.0,59.6,3.66,40.6,3.6,19.6,0.12,3.32,0.07,2.08,30.3,26.8,0.94,596.0,1.05,1.66,14.9,26.2,850.0,23.9,83.7,0.03,0.67,10.0,0.5,3.13,457.0,0.92,0.06,8.48,0.451,0.426,1.63,81.0,1.235,18.7,97.5,111.5,1519.661832,161.4278948,24.0,72.208333,25.547308,63.0,29.1667,15.0,8.3333,62.636364,10.477445,49.0,9.0909,44.0,4.5455,31.0,0.0,31.0,100.0,31.0,100.0,17.0,0.0,17.0,100.0,17.0,100.0
40309501.0,46.30799297,45.51012217,0.0,0.0,0.0,0.0,8.181884392,0.0,0.0,0.0,-108.9762303,31.43848634,0.031,7.28,2.75,713.0,2.91,0.345,1.15,0.134,87.9,7.73,7.2,5.91,10.35,2.26,18.65,0.14,4.07,0.031,3.62,42.6,23.3,0.39,645.0,1.39,1.735,21.4,5.88,320.0,39.2,221.0,0.01,0.32,5.47,0.2,2.86,233.0,1.65,0.06,23.1,0.278,0.823,4.0,49.2,1.45,31.4,60.5,116.0,10872807.3,24530.21725,52238.0,176.658142,48.333387,255.0,3.9416,33.0,0.0019,140.290456,65.390978,255.0,3.0013,6.0,0.0174,2.328934,92.568714,59.0,10.4729,31.0,0.0158,23.0,0.0,23.0,100.0,23.0,100.0
40309953.0,22.95792387,77.04207622,0.0,0.0,0.0,0.0,0.0,0.0,0.0,0.0,-107.5830568,32.20762448,0.107,6.64,44.7,9580.0,5.6,0.41,2.61,0.397,76.8,13.15,45.2,9.73,44.2,3.37,21.9,0.13,3.46,0.067,2.55,33.5,45.5,0.65,15250.0,8.63,0.927,21.1,22.6,750.0,331.0,149.5,0.16,8.62,8.64,0.3,3.52,356.0,1.34,0.09,12.6,0.393,3.26,3.34,81.1,12.35,30.6,146.0,109.0,319475.3424,4068.381234,2875.0,86.660522,44.252598,65.0,3.9513,97.0,0.0329,70.24923,26.540936,58.0,2.1774,1.0,0.0325,-147.6832,6.841155,-142.0,59.104,-153.0,1.408,7.0,0.0,7.0,100.0,7.0,100.0
40303753.0,0.0,49.999999975,0.0,0.0,0.0,0.0,0.0,0.0,0.0,0.0,-108.4905957,31.8307327,0.114,7.76,8.42,844.0,1.5,0.532,4.61,0.336,90.7,21.9,32.5,1.72,59.5,8.02,21.6,0.19,0.842,0.067,1.67,45.6,17.0,1.31,1065.0,1.93,2.46,19.4,15.75,2570.0,16.05,50.3,0.04,0.91,12.7,0.3,2.02,783.0,1.2,0.13,7.16,0.703,0.278,1.81,199.5,1.35,27.7,75.6,24.7,2492130.675,8938.778218,23483.0,206.275561,36.177137,255.0,12.6626,35.0,0.0084,97.615996,33.677521,89.0,1.528,1.0,0.0042,133.237402,55.65672,152.0,36.9945,71.0,0.5382,16.643229,0.765674,17.0,82.1614,15.0,17.8386
40303752.0,29.83187284,70.16812715,0.0,0.0,0.0,0.0,0.0,0.0,0.0,0.0,-108.491682,31.83665202,0.292,7.84,7.81,898.0,1.45,0.507,4.94,0.559,72.3,16.9,20.2,2.0,78.9,4.93,21.9,0.15,0.849,0.072,2.01,34.6,22.1,1.5,1145.0,2.95,2.37,14.1,15.4,2950.0,15.85,46.9,0.05,0.99,12.05,0.3,2.25,787.0,0.9,0.13,6.72,0.539,0.33,1.77,135.5,1.46,24.0,110.5,21.8,1564378.27,8732.655606,14634.0,215.092183,40.603626,255.0,28.662,81.0,0.0267,104.902005,36.228611,101.0,1.3273,5.0,0.0067,60.54093,42.20845,71.0,46.1733,70.0,0.0065,16.95172,0.306966,17.0,97.586,15.0,2.414
40303750.0,66.31547612,28.62438845,0.0,0.0,0.0,0.0,5.060134972,0.0,0.0,0.0,-108.4868729,31.84492592,0.194,6.65,10.05,686.0,1.54,1.705,8.04,0.348,76.1,20.6,34.1,2.96,108.5,4.96,19.1,0.16,1.645,0.073,1.96,36.7,24.1,1.53,1090.0,4.07,1.655,16.4,23.3,2130.0,25.6,72.5,0.03,1.09,11.5,0.6,22.1,520.0,1.03,0.25,7.18,0.543,0.331,2.39,133.0,2.1,24.3,90.1,50.2,58727.85705,1201.451832,555.0,159.72973,33.059037,156.0,3.7702,175.0,0.3591,110.800731,33.167275,108.0,2.1898,42.0,0.1825,91.096386,12.602939,99.0,71.7728,71.0,28.2272,17.0,0.0,17.0,100.0,17.0,100.0
40303751.0,4.0887303555,91.82253931,0.0,0.0,0.0,0.0,0.0,0.0,0.0,0.0,-108.4933835,31.83896718,0.8,6.17,10.6,762.0,1.75,0.6,8.05,1.19,62.3,13.15,26.1,5.28,124.0,4.41,18.3,0.13,1.7,0.071,1.62,32.9,38.7,1.49,1500.0,2.39,0.985,13.15,14.35,1540.0,20.6,70.8,0.09,1.17,9.56,0.4,1.99,467.0,0.83,0.28,7.79,0.384,0.41,1.99,95.9,7.48,19.3,305.0,60.1,437038.5724,4295.548585,4183.0,201.990677,34.906681,255.0,10.074,247.0,0.0239,90.220994,29.725709,78.0,1.6791,21.0,0.024,95.972093,8.695584,99.0,89.1861,71.0,10.814,16.005706,0.999984,17.0,50.2853,15.0,49.7147
40303755.0,24.991676115,0.0,0.0,0.0,0.0,0.0,50.0166478,0.0,0.0,0.0,-108.3101229,31.84409549,1.375,7.43,14.5,722.0,2.59,42.8,2.81,1.67,86.3,13.85,23.6,4.75,260.0,3.45,19.15,0.14,1.995,0.258,2.76,42.4,27.1,0.68,753.0,5.48,1.785,22.8,15.55,810.0,402.0,149.0,0.02,1.08,7.61,0.4,5.27,239.0,1.58,0.27,12.25,0.38,1.14,2.77,78.1,54.7,27.5,627.0,59.4,30514.7814,1057.227865,411.0,139.248175,36.152243,154.0,6.8127,192.0,0.2433,49.87931,29.727957,1.0,7.6355,8.0,0.2463,207.0,0.0,207.0,100.0,207.0,100.0,2.0,0.0,2.0,100.0,2.0,100.0
40303754.0,12.25454947,43.872724864999995,0.0,0.0,0.0,0.0,0.0,0.0,0.0,0.0,-108.296349,31.81399121,0.171,6.8,7.66,618.0,2.21,0.466,4.87,0.515,80.0,11.85,33.4,5.41,50.5,3.63,18.2,0.14,2.8,0.069,2.37,40.0,35.0,0.85,795.0,2.78,1.3,18.0,16.4,750.0,105.5,119.0,0.02,1.03,9.35,0.3,2.35,227.0,1.19,0.07,10.7,0.45,0.755,2.23,81.3,3.58,24.9,109.5,101.5,3692500.128,14509.89309,35256.0,120.429062,42.595551,138.0,1.829,25.0,0.017,39.756122,29.529772,1.0,5.52,179.0,0.0028,237.393179,5.674244,237.0,29.1551,223.0,0.0165,8.229201,1.577677,9.0,80.73,5.0,19.27
40309954.0,100.0,0.0,0.0,0.0,0.0,0.0,0.0,0.0,0.0,0.0,-108.0020361,32.43264333,0.162,7.08,6.4,651.0,2.55,0.401,2.09,0.218,83.1,11.0,47.5,5.76,40.4,3.3,18.45,0.15,3.31,0.064,2.59,42.4,33.7,0.7,734.0,1.05,1.155,19.55,21.3,660.0,24.4,132.0,0.01,0.89,9.85,0.2,2.77,209.0,1.35,0.08,17.55,0.441,0.713,2.51,75.1,2.22,31.4,91.1,104.5,156213.3158,2440.62651,1505.0,82.727575,24.66647,88.0,4.5153,74.0,0.0664,94.563211,34.576035,80.0,2.8094,38.0,0.0669,-108.94651,6.022009,-113.0,68.8193,-100.0,31.1807,3.050265,0.21849,3.0,94.9735,4.0,5.0265
40303757.0,7.90098384,92.09901646,0.0,0.0,0.0,0.0,0.0,0.0,0.0,0.0,-108.0175854,32.85238934,2.49,5.6,15.3,366.0,1.98,0.272,6.92,1.165,53.1,15.45,49.5,11.0,31.6,3.01,14.3,0.12,2.11,0.053,2.82,26.9,18.4,1.67,522.0,9.91,0.232,10.25,33.5,630.0,145.5,125.5,0.03,2.47,10.55,0.4,2.91,119.5,0.72,0.04,8.2,0.294,1.81,4.79,79.3,1.295,18.85,264.0,80.0,72461.38536,1820.600377,7.0,177.857143,32.572682,145.0,0.3425,243.0,0.1712,75.454545,25.209535,96.0,0.5119,48.0,0.1706,-95.285513,24.237196,-91.0,35.7243,-98.0,7.173,28.487069,6.352423,32.0,76.5805,17.0,23.4195
40303756.0,27.22261388,72.77744824,0.0,0.0,0.0,0.0,0.0,0.0,0.0,0.0,-108.0002341,32.85159555,5.46,5.59,12.7,405.0,1.83,0.331,8.24,1.125,56.1,13.0,53.1,9.2,45.5,3.13,14.25,0.11,2.44,0.077,2.24,30.1,22.4,1.46,623.0,5.75,0.417,11.3,27.9,580.0,241.0,110.0,0.03,2.43,10.05,0.4,5.09,167.0,0.76,0.05,8.63,0.318,1.265,3.62,87.8,1.665,21.1,258.0,77.9,82276.75248,1530.906731,136.0,189.117647,32.658901,202.0,1.4888,136.0,0.1241,148.966102,59.006741,213.0,0.6242,27.0,0.1248,-65.0,0.0,-65.0,100.0,-65.0,100.0,26.585769,7.49951,34.0,50.5718,19.0,49.4282
40303758.0,0.0,31.469038105,0.0,0.0,0.0,0.0,37.06192363,0.0,0.0,0.0,-108.0074448,32.83375538,0.208,6.04,8.8,331.0,2.05,0.237,6.75,0.371,58.5,12.95,66.1,8.87,31.9,3.07,14.85,0.11,2.47,0.05,2.34,30.3,29.6,1.07,576.0,2.78,0.329,11.9,32.6,490.0,41.1,117.0,0.02,1.18,10.95,0.3,2.23,142.0,0.88,0.04,9.3,0.339,0.795,2.94,82.6,1.53,22.1,115.0,89.6,3013062.395,10407.89184,747.0,190.360107,45.290172,255.0,0.3325,105.0,0.0037,103.364431,40.375585,78.0,0.0442,1.0,0.0037,-140.818545,11.259442,-150.0,22.5737,-126.0,0.1455,17.159202,0.541349,17.0,92.0399,19.0,7.9601
40309955.0,2.966162134,0.0,0.0,0.0,0.0,0.0,97.03383801,0.0,0.0,0.0,-107.595297,32.03103463,0.115,6.23,5.08,515.0,3.33,0.298,3.82,1.085,169.0,16.8,48.6,3.82,28.1,5.56,22.8,0.25,2.66,0.13,2.22,83.1,22.3,1.54,1265.0,2.05,1.74,85.7,24.8,1170.0,95.0,92.2,0.02,0.86,12.85,0.6,5.2,231.0,4.92,0.08,14.85,0.981,0.366,2.14,130.5,2.35,44.4,298.0,83.1,,,,,,,,,,,,,,,,,,,,,,,,,,,
40303759.0,0.0,100.0,0.0,0.0,0.0,0.0,0.0,0.0,0.0,0.0,-108.0259496,32.86451617,0.207,7.24,7.62,680.0,1.81,0.357,3.96,0.922,63.7,12.85,44.8,3.16,53.2,3.72,19.15,0.12,2.87,0.155,1.74,32.2,18.0,0.86,925.0,1.67,1.14,11.95,22.6,770.0,99.1,69.1,0.03,0.88,11.25,0.1,2.44,316.0,0.78,0.04,8.49,0.423,0.527,2.07,87.2,1.255,21.7,375.0,101.5,12829.84566,689.6969519,26.0,217.5,33.589433,255.0,6.6038,172.0,0.9434,92.357143,20.396453,110.0,4.717,52.0,0.9434,-73.0,0.0,-73.0,100.0,-73.0,100.0,32.0,0.0,32.0,100.0,32.0,100.0
40309503.0,0.0,100.0,0.0,0.0,0.0,0.0,0.0,0.0,0.0,0.0,-108.0052511,32.98106907,0.033,7.76,1.26,817.0,2.17,0.198,2.32,0.077,111.5,18.6,114.5,1.61,18.7,5.0,23.0,0.2,4.01,0.056,2.45,54.7,16.3,1.02,880.0,0.87,2.43,21.6,32.2,1020.0,17.05,95.8,0.01,0.2,10.4,0.2,2.54,480.0,1.27,0.04,18.15,0.717,0.428,2.69,126.0,0.709,29.7,102.5,130.5,19219081.1,30170.06765,11434.0,138.523089,42.766687,144.0,0.0935,23.0,0.0005,137.707291,43.649677,143.0,0.0688,5.0,0.0005,79.104979,43.123333,53.0,6.0138,2.0,0.0101,11.557241,3.272935,11.0,38.6111,9.0,0.0043
40309502.0,100.0,0.0,0.0,0.0,0.0,0.0,0.0,0.0,0.0,0.0,-108.0050158,32.97948573,0.057,8.41,1.84,954.0,1.83,0.253,2.29,0.171,65.1,20.2,81.3,1.83,39.2,4.3,22.3,0.12,4.91,0.06,1.93,31.4,16.9,1.05,796.0,0.83,1.95,12.75,42.9,1040.0,18.2,70.2,0.02,0.29,12.2,0.4,1.96,522.0,0.68,0.05,7.29,0.577,0.411,1.29,103.0,0.69,19.85,91.9,187.5,6783.839741,450.2808226,2.0,66.0,0.0,66.0,4.6512,66.0,4.6512,97.0,10.0,87.0,4.4444,87.0,4.4444,89.0,0.0,89.0,100.0,89.0,100.0,9.0,0.0,9.0,100.0,9.0,100.0
40309956.0,100.0000002,0.0,0.0,0.0,0.0,0.0,0.0,0.0,0.0,0.0,-107.79889,32.825635,2.6,5.25,12.4,477.0,1.63,2.91,10.7,41.4,41.3,17.7,38.7,2.78,78.4,2.85,13.8,0.1,1.825,0.061,1.39,21.3,19.3,2.52,3480.0,38.2,1.2,8.72,28.8,900.0,3890.0,69.5,0.21,1.97,6.69,1.1,4.78,363.0,0.55,1.34,6.96,0.272,0.506,2.37,61.8,1.045,14.35,9520.0,69.3,17371.27016,901.2023624,,,,,,,,31.0,0.0,31.0,0.6061,31.0,0.6061,73.0,0.0,73.0,100.0,73.0,100.0,4.0,0.0,4.0,100.0,4.0,100.0
40303762.0,0.0,49.999999895,0.0,0.0,0.0,0.0,0.0,0.0,0.0,0.0,-108.0800917,33.01592117,0.038,7.73,2.34,920.0,1.87,0.127,3.08,0.09,74.7,17.55,100.5,1.55,24.2,4.24,19.8,0.13,4.31,0.043,2.29,36.4,15.7,1.05,757.0,0.78,2.2,15.55,36.5,850.0,17.3,70.0,0.01,0.34,10.25,0.2,1.92,625.0,0.93,0.02,8.59,0.564,0.303,1.58,122.0,0.732,21.1,86.9,156.5,286280.2972,4628.125854,219.0,162.776256,43.942368,210.0,0.4707,99.0,0.0362,110.035242,39.126121,82.0,0.2899,27.0,0.0362,35.807105,11.280097,45.0,54.9201,51.0,0.5329,2.0,0.0,2.0,100.0,2.0,100.0
40303761.0,36.513306624,0.0,0.0,26.97338634,0.0,0.0,0.0,0.0,0.0,0.0,-108.0916172,32.99538247,0.091,7.31,3.51,879.0,1.66,0.332,3.43,0.268,60.1,15.25,66.0,2.26,60.0,3.58,19.3,0.12,4.49,0.055,1.62,30.4,19.2,1.05,574.0,1.46,1.66,12.2,28.0,930.0,32.7,53.3,0.03,0.55,9.23,0.1,21.5,683.0,0.74,0.02,7.37,0.465,0.343,1.63,90.2,0.751,17.15,95.8,175.0,1874402.384,11523.73702,449.0,137.74833,53.044809,255.0,0.112,20.0,0.0062,48.113333,53.429106,1.0,0.4421,37.0,0.0062,108.338243,50.695214,45.0,28.2639,31.0,0.2935,23.477403,12.915776,35.0,55.6823,9.0,44.3177
40303763.0,100.0,0.0,0.0,0.0,0.0,0.0,0.0,0.0,0.0,0.0,-108.2479244,32.89929101,0.067,7.55,3.69,911.0,2.05,0.45,1.54,0.275,85.4,16.25,73.2,4.03,59.2,3.66,18.85,0.14,4.98,0.064,2.54,44.0,22.1,0.78,997.0,1.24,1.555,15.2,30.8,580.0,30.1,116.5,0.02,0.59,10.9,0.5,2.92,294.0,0.99,0.06,12.4,0.504,0.534,3.0,92.7,1.27,25.9,87.6,177.5,2454791.591,9925.79186,91.0,130.89011,44.342436,171.0,0.0254,17.0,0.0042,62.663043,31.573681,41.0,0.017,14.0,0.0042,-644.908318,207.664293,-641.0,33.7381,-980.0,0.0332,12.814955,6.80409,9.0,76.0577,21.0,0.3953
40303764.0,87.73850009,0.0,0.0,0.0,0.0,0.0,0.0,12.26149955,0.0,0.0,-108.2605332,32.90839502,0.05,7.74,2.65,1080.0,2.41,0.271,1.9,0.171,99.9,11.3,24.5,4.08,33.7,3.0,20.2,0.17,5.51,0.065,2.66,46.8,22.7,0.74,806.0,1.28,2.09,14.15,19.35,840.0,25.3,116.0,0.03,0.45,9.32,0.4,2.49,343.0,0.95,0.05,14.15,0.397,0.394,3.64,75.5,1.35,30.7,74.7,194.0,12421853.21,21052.52129,2114.0,172.868496,59.17748,255.0,0.2321,28.0,0.0008,181.224163,66.551197,255.0,0.3285,4.0,0.0008,-766.556908,190.613553,-751.0,9.2931,-332.0,0.0877,20.969594,5.96933,25.0,56.777,31.0,0.818
40303765.0,100.0,0.0,0.0,0.0,0.0,0.0,0.0,0.0,0.0,0.0,-108.2868225,32.8994565,0.121,7.82,6.57,1030.0,2.52,0.337,3.63,0.36,65.8,26.6,67.7,5.13,80.0,6.38,19.55,0.17,3.87,0.081,3.28,30.6,24.1,1.72,1360.0,1.0,1.92,8.73,28.1,4190.0,40.4,143.0,0.01,0.51,22.0,0.1,2.28,626.0,0.49,0.02,7.78,0.614,0.908,2.65,200.0,1.26,28.5,186.5,133.5,300154.7552,3206.461065,10.0,218.2,18.935681,204.0,0.2002,255.0,0.1001,70.6,33.464011,1.0,0.0505,1.0,0.0505,-171.016616,9.100848,-171.0,98.508,-266.0,0.5765,15.0,0.0,15.0,100.0,15.0,100.0
40303767.0,0.0,0.0,0.0,0.0,0.0,0.0,0.0,100.0,0.0,0.0,-108.2826478,32.89861743,0.244,7.96,5.33,885.0,2.27,0.778,1.51,3.45,80.2,16.35,43.9,7.03,130.0,3.43,19.5,0.13,4.7,0.089,2.65,41.1,26.8,0.84,1095.0,1.74,1.27,14.7,30.3,770.0,47.5,132.5,0.03,0.72,12.2,0.6,2.97,284.0,0.96,0.06,12.8,0.452,0.647,2.94,77.5,1.535,28.2,367.0,167.0,3403487.84,10964.71627,42.0,206.714286,34.766764,227.0,0.0274,81.0,0.003,87.774194,43.6472,31.0,0.0061,29.0,0.003,-143.59756,123.4864,-71.0,33.3762,-538.0,0.3408,13.834108,2.374036,15.0,80.5685,9.0,19.4315
40309957.0,100.0,0.0,0.0,0.0,0.0,0.0,0.0,0.0,0.0,0.0,-108.5687055,32.84070532,0.076,7.27,5.7,858.0,2.91,0.339,0.68,0.294,104.5,5.86,19.5,8.07,21.0,2.03,20.1,0.16,3.31,0.064,3.19,47.0,35.4,0.46,1080.0,2.26,1.755,18.7,7.76,330.0,41.6,154.5,0.02,0.68,7.72,0.2,2.93,161.0,1.16,0.06,13.8,0.298,0.771,2.79,42.9,2.56,30.9,95.6,90.6,8298.708067,541.9916242,34.0,96.176471,23.683539,103.0,7.3171,53.0,1.2195,75.714286,42.056813,1.0,2.381,3.0,1.1905,74.037037,12.078391,69.0,85.1852,103.0,14.8148,15.0,0.0,15.0,100.0,15.0,100.0
40309958.0,24.1943012,37.70828808,0.389122465,0.0,0.0,0.0,0.0,0.0,0.0,0.0,-108.5617382,32.84783757,0.164,7.6,7.87,851.0,2.7,0.346,1.06,0.259,126.0,6.76,27.6,8.91,20.7,2.52,22.0,0.18,3.8,0.069,3.41,60.1,34.1,0.52,1350.0,1.24,1.39,20.5,11.5,690.0,31.9,183.0,0.03,1.6,9.37,0.3,3.07,165.0,1.28,0.02,15.75,0.362,1.14,3.17,48.2,2.05,35.7,99.7,105.0,4526.241664,330.7745042,22.0,83.409091,25.021189,72.0,20.0,37.0,5.0,52.888889,18.691122,39.0,8.8889,28.0,2.2222,18.333333,21.746009,9.0,84.4444,69.0,15.5556,15.0,0.0,15.0,100.0,15.0,100.0
40309959.0,22.65235397,38.673823054,0.0,0.0,0.0,0.0,0.0,0.0,0.0,0.0,-108.1675914,32.80307084,0.107,7.99,3.79,1040.0,2.45,0.276,2.95,0.461,55.6,26.2,43.9,5.46,133.0,5.64,20.0,0.14,3.73,0.079,3.39,24.8,16.3,1.27,1135.0,1.3,1.775,8.32,24.0,3550.0,22.8,140.5,0.02,0.36,18.6,0.2,2.63,657.0,0.46,0.06,7.04,0.537,0.802,2.35,161.5,1.105,25.9,132.5,129.0,3020.338555,280.4178789,23.0,203.652174,28.636566,187.0,23.3333,151.0,3.3333,151.88,24.057132,130.0,6.6667,107.0,3.3333,45.0,0.0,45.0,100.0,45.0,100.0,25.0,0.0,25.0,100.0,25.0,100.0
40303768.0,100.0,0.0,0.0,0.0,0.0,0.0,0.0,0.0,0.0,0.0,-108.1563268,32.83795078,0.051,8.07,1.88,1080.0,2.29,0.119,2.74,0.109,50.1,25.3,43.8,4.57,72.5,5.57,19.5,0.13,3.93,0.046,3.3,21.2,15.5,1.29,991.0,0.67,2.01,8.43,25.6,2910.0,15.75,129.5,0.01,0.19,15.85,0.2,2.0,649.0,0.45,0.04,6.6,0.581,0.766,2.33,163.0,0.977,21.8,100.0,137.0,14811257.19,25065.0157,1641.0,226.083486,39.028088,255.0,0.4529,44.0,0.0007,145.463488,53.825127,255.0,0.0293,2.0,0.0007,-362.738251,128.858195,-172.0,7.7738,-189.0,0.0839,30.541071,6.093798,35.0,53.3035,28.0,11.941
40303771.0,0.0,100.0,0.0,0.0,0.0,0.0,0.0,0.0,0.0,0.0,-108.1433647,32.81151804,0.164,7.87,5.09,868.0,2.19,0.619,2.13,0.372,59.4,17.0,38.7,3.85,68.7,4.48,20.1,0.13,2.77,0.133,2.34,28.2,17.7,0.81,1325.0,1.44,1.325,11.3,18.2,1790.0,36.0,92.3,0.02,0.75,14.6,0.4,2.05,406.0,0.69,0.18,7.25,0.506,0.722,2.02,104.5,1.395,28.2,199.5,93.0,2265.111012,211.3076166,24.0,178.75,33.755555,145.0,37.5,148.0,12.5,211.791667,24.770579,229.0,8.3333,168.0,4.1667,-22.0,0.0,-22.0,100.0,-22.0,100.0,25.0,0.0,25.0,100.0,25.0,100.0
40303770.0,100.0,0.0,0.0,0.0,0.0,0.0,0.0,0.0,0.0,0.0,-108.1518941,32.83763352,0.13,7.43,1.82,968.0,1.98,0.153,3.83,0.175,43.8,26.2,25.0,3.49,83.9,5.81,18.7,0.13,3.18,0.07,3.02,18.15,13.0,1.47,1255.0,0.73,1.865,6.8,18.05,3470.0,22.3,110.0,0.02,0.22,16.7,0.2,1.69,647.0,0.35,0.02,4.98,0.537,0.818,2.05,166.0,0.831,21.9,159.0,112.5,3073875.921,10754.93388,383.0,205.644909,46.691692,255.0,0.2053,45.0,0.0034,119.638614,49.167103,62.0,0.0202,3.0,0.0034,-208.156487,85.279763,-222.0,33.9983,-52.0,0.0099,33.909954,0.995938,33.0,54.5023,35.0,45.4977
40303769.0,53.41773492,43.72901967,0.0,0.0,0.0,0.0,2.853245861,0.0,0.0,0.0,-108.1571472,32.83600394,0.092,7.71,2.27,849.0,2.39,0.189,2.86,0.293,41.4,30.2,32.0,4.57,142.5,5.78,20.7,0.13,3.31,0.067,2.68,17.3,17.8,1.41,1260.0,1.41,1.515,6.96,25.7,3180.0,24.4,98.6,0.02,0.28,19.85,0.3,3.8,576.0,0.37,0.06,5.5,0.47,0.654,2.12,140.5,0.872,21.7,102.5,115.5,381176.3885,3873.334284,505.0,225.918812,29.987115,255.0,3.5384,81.0,0.0272,167.933586,38.538595,255.0,1.1382,49.0,0.0271,-49.050734,16.491519,-52.0,82.6702,-73.0,8.3044,33.0,0.0,33.0,100.0,33.0,100.0
40303772.0,28.402648754666668,0.0,1.699973612,0.0,0.0,0.0,13.09208009,0.0,0.0,0.0,-108.1463336,32.81283,0.088,8.07,2.06,1020.0,2.17,0.131,3.05,0.134,52.5,25.7,46.6,4.66,74.4,5.67,19.75,0.14,3.55,0.059,3.11,23.2,13.9,1.38,1105.0,0.71,1.915,8.03,22.1,3110.0,18.7,127.5,0.01,0.26,17.35,0.3,1.81,648.0,0.44,0.04,6.49,0.559,0.76,2.32,165.5,0.903,23.5,116.5,126.5,10210298.37,28974.4495,17814.0,206.121983,37.892308,255.0,2.2486,6.0,0.001,157.345951,42.659469,163.0,0.2401,26.0,0.001,-101.430139,115.110126,17.0,11.2081,-52.0,0.2743,30.629222,3.083357,33.0,41.0766,34.0,5.9273
40309960.0,32.99664750666667,0.0,0.0,0.0,0.0,0.0,1.010057371,0.0,0.0,0.0,-108.9732139,32.84673249,0.328,7.66,11.9,735.0,1.64,0.255,1.9,0.521,50.5,20.3,46.6,6.42,54.6,3.83,19.05,0.13,2.68,0.049,2.23,21.6,29.9,1.25,884.0,2.03,1.265,9.46,34.0,720.0,50.3,80.6,0.05,1.22,12.6,0.6,2.0,324.0,0.63,0.12,7.98,0.412,0.941,1.63,104.5,3.4,17.35,109.0,86.9,2262.246296,220.4736128,11.0,114.090909,31.75318,104.0,19.0476,112.0,4.7619,55.714286,16.368212,60.0,7.4074,28.0,3.7037,-25.0,0.0,-25.0,100.0,-25.0,100.0,31.0,0.0,31.0,100.0,31.0,100.0
40303773.0,73.55375445,0.56951284,0.0,12.9383662835,0.0,0.0,0.0,0.0,0.0,0.0,-109.04849,31.49960095,0.061,7.92,5.09,567.0,2.69,0.674,1.26,0.26,72.9,12.6,13.4,6.73,35.6,3.48,20.2,0.13,3.26,0.067,1.99,35.7,23.1,0.89,567.0,1.88,1.055,14.2,10.5,860.0,26.3,115.0,0.21,0.48,10.55,0.5,2.6,256.0,0.98,0.35,16.1,0.344,0.602,3.38,76.5,1.39,26.5,89.7,99.9,1550862.456,7862.019887,2497.0,169.678815,43.5605,255.0,0.7644,55.0,0.0068,123.422195,44.808445,136.0,0.2232,3.0,0.0068,-100.16177,12.752982,-102.0,70.2115,-222.0,0.0588,16.567938,1.911285,16.0,91.8866,23.0,8.1134
40309948.0,0.038341313,0.0,0.0,0.0,0.0,0.0,0.0,99.9616546,0.0,0.0,-108.4398157,31.77613516,0.06,8.45,3.3,530.0,3.74,1.08,1.33,0.48,76.1,6.6,11.0,3.84,48.8,2.33,23.8,0.21,0.9,0.043,3.01,36.5,28.2,0.47,653.0,5.84,2.83,20.2,6.4,820.0,26.4,160.0,0.01,0.56,7.3,2.0,1.9,235.0,1.31,0.15,14.45,0.288,0.58,2.5,36.0,2.8,31.9,59.0,30.4,,,,,,,,,,,,,,,,,,,,,,,,,,,
40309947.0,13.6667846,17.78469075,0.0,0.0,0.0,0.0,68.5485248,0.0,0.0,0.0,-108.465795,31.78390568,0.14,5.32,14.9,450.0,1.73,0.49,1.59,0.48,74.3,7.0,26.0,4.52,42.8,2.3,13.4,0.19,1.3,0.051,1.55,36.5,28.4,0.44,388.0,1.23,0.84,12.2,12.3,300.0,23.6,83.3,0.02,0.89,6.8,1.0,1.8,148.0,0.82,0.08,10.15,0.271,0.48,1.8,48.0,1.3,17.1,57.0,45.1,2010239.116,7536.37282,18735.0,153.51273,54.501355,255.0,8.7155,1.0,0.0104,56.756848,36.261026,1.0,2.486,191.0,0.0052,-18.830543,6.112897,-14.0,45.3437,-31.0,0.0152,4.275964,1.792943,3.0,61.2265,12.0,1.8793
40309949.0,64.00257117,35.99742869,0.0,0.0,0.0,0.0,0.0,0.0,0.0,0.0,-108.4202404,31.78157457,0.06,6.31,5.6,470.0,2.47,0.67,1.05,0.25,114.0,9.8,25.0,3.99,22.3,6.93,19.4,0.25,1.3,0.062,2.04,58.1,28.2,0.42,664.0,3.29,1.51,25.1,10.3,540.0,20.3,105.5,0.01,0.66,6.7,2.0,1.9,167.5,1.88,0.08,19.75,0.352,0.5,3.7,98.0,2.9,29.9,62.0,39.8,3816.364022,332.5583852,39.0,106.948718,29.67512,158.0,23.0769,96.0,5.1282,71.452381,29.798692,42.0,4.7619,20.0,2.381,-89.0,0.0,-89.0,100.0,-89.0,100.0,2.0,0.0,2.0,100.0,2.0,100.0
40309507.0,100.0,0.0,0.0,0.0,0.0,0.0,0.0,0.0,0.0,0.0,-109.018041,31.5157257,0.09,6.8,5.2,490.0,5.68,1.61,0.76,0.98,187.5,4.8,9.0,7.55,77.8,1.51,20.6,0.3,4.3,0.098,3.76,87.5,42.0,0.26,1210.0,2.77,1.79,28.2,6.7,260.0,60.6,276.0,0.02,0.74,4.6,3.0,3.9,132.5,2.23,0.2,31.0,0.214,1.09,6.5,23.0,1.7,69.9,84.0,134.0,1549156.043,8868.585003,5005.0,160.586214,41.298891,200.0,0.7046,50.0,0.0068,103.609674,61.780743,1.0,0.6494,245.0,0.0068,-94.022113,23.621614,-111.0,42.8394,-222.0,0.4514,22.577635,1.666782,23.0,93.9662,16.0,6.0338
40309506.0,100.0,0.0,0.0,0.0,0.0,0.0,0.0,0.0,0.0,0.0,-109.0340599,31.51203,0.07,7.2,3.9,470.0,5.24,0.93,0.87,0.61,158.5,6.3,7.0,7.56,46.1,1.94,21.5,0.29,4.4,0.07,3.46,65.8,38.6,0.37,851.0,2.16,1.78,28.1,6.0,310.0,42.6,262.0,0.01,0.49,5.8,2.0,3.3,174.5,2.23,0.15,27.1,0.251,0.85,5.7,29.0,1.6,56.0,75.0,138.0,17594.64994,870.7686546,81.0,127.728395,31.784386,118.0,6.0773,57.0,0.5525,73.719512,40.943827,35.0,1.6393,1.0,0.5464,-98.431953,2.960757,-99.0,96.4497,-83.0,3.5503,23.0,0.0,23.0,100.0,23.0,100.0
40309508.0,100.0,0.0,0.0,0.0,0.0,0.0,0.0,0.0,0.0,0.0,-109.0180163,31.515723,0.13,7.2,3.4,430.0,4.76,0.39,0.81,0.14,112.0,5.2,7.0,6.81,11.0,1.64,21.6,0.25,5.1,0.048,4.03,50.8,33.7,0.28,471.0,2.38,2.15,29.7,5.7,170.0,34.1,294.0,0.01,0.27,4.3,2.0,3.2,125.0,2.45,0.06,30.5,0.223,1.01,6.3,29.0,1.4,42.8,50.0,161.5,,,,,,,,,,,,,,,,,,,,,,,,,,,
40309504.0,7.341381216,46.255504977,0.0,0.0,0.0,0.0,0.147608749,0.0,0.0,0.0,-108.9972596,31.5146941,0.02,6.87,4.0,470.0,4.55,0.52,0.63,0.16,114.0,3.1,4.0,7.59,10.2,1.38,20.7,0.23,5.6,0.053,4.18,54.1,29.2,0.22,488.0,2.38,1.86,31.7,3.9,130.0,37.7,297.0,0.01,0.27,3.3,2.0,3.6,140.5,2.63,0.06,33.0,0.192,1.25,6.5,20.0,1.3,43.9,50.0,170.5,5839857.612,15330.61785,23740.0,157.575779,44.102039,255.0,0.7813,12.0,0.0018,104.613525,55.626462,1.0,0.4868,247.0,0.0036,-132.859642,75.39223,-222.0,19.3658,-119.0,0.6856,22.997232,0.139164,23.0,99.9605,16.0,0.0395
40309509.0,100.0,0.0,0.0,0.0,0.0,0.0,0.0,0.0,0.0,0.0,-108.9934552,31.5149771,0.04,7.19,3.6,500.0,5.23,1.67,0.99,0.39,191.5,3.9,7.0,9.42,20.2,1.55,21.4,0.29,5.8,0.097,3.69,82.7,25.9,0.3,1020.0,1.55,1.08,38.3,4.5,200.0,50.9,279.0,0.01,0.49,4.3,3.0,5.0,165.0,2.81,0.09,35.3,0.251,1.96,7.7,20.0,1.0,68.3,65.0,177.5,61964.48439,1886.597994,168.0,155.511905,45.62698,127.0,1.8333,82.0,0.1667,86.32948,35.003073,89.0,1.473,1.0,0.1637,28.224756,54.929107,70.0,63.355,-44.0,36.645,23.0,0.0,23.0,100.0,23.0,100.0
40304001.0,100.0,0.0,0.0,0.0,0.0,0.0,0.0,0.0,0.0,0.0,-109.0109492,32.8437972,0.09,8.16,11.6,870.0,2.66,0.28,1.63,0.31,106.5,23.4,60.0,10.45,67.5,5.05,22.8,0.24,5.5,0.073,2.4,49.3,52.2,1.11,873.0,1.82,1.65,18.9,41.0,1670.0,21.2,123.5,0.02,1.26,13.7,2.0,2.2,337.0,1.04,0.06,9.6,0.746,0.43,1.8,123.0,3.8,30.8,104.0,223.0,450170.9454,5046.727976,3279.0,110.949375,31.387307,126.0,1.9306,43.0,0.023,77.808608,30.254562,81.0,1.4039,2.0,0.023,137.807294,80.476722,175.0,80.3692,-41.0,2.4088,27.695732,2.98453,25.0,55.0711,31.0,44.9289
40304006.0,58.73073628,2.183209633,0.0,0.0,0.0,0.0,39.08605412,0.0,0.0,0.0,-109.0448944,32.8827055,0.06,6.83,28.3,810.0,1.38,2.96,0.3,0.11,70.6,6.8,54.0,3.07,37.5,6.08,21.0,0.2,2.0,0.074,1.82,35.4,27.5,0.24,228.0,10.85,0.53,13.1,13.7,880.0,29.4,85.7,1.18,2.3,8.1,7.0,2.9,487.0,0.82,1.83,11.1,0.505,0.85,2.0,132.0,7.1,12.3,36.0,74.5,1232373.013,6358.797478,7544.0,73.23913,41.725261,1.0,2.2708,172.0,0.0084,81.66929,42.253111,1.0,1.0586,191.0,0.0084,-60.705011,35.689579,-67.0,35.4316,-47.0,13.1161,28.310515,5.333836,25.0,53.126,19.0,7.79
40304005.0,100.0,0.0,0.0,0.0,0.0,0.0,0.0,0.0,0.0,0.0,-109.0303181,32.8710843,0.05,7.9,7.6,750.0,1.77,0.25,0.89,0.14,71.2,18.9,41.0,3.99,50.2,4.32,19.3,0.19,2.4,0.052,1.91,34.6,23.2,0.59,415.0,2.27,1.51,11.1,26.1,780.0,19.4,89.9,0.29,0.64,11.4,2.0,1.6,380.0,0.69,0.36,9.27,0.488,0.51,1.7,115.0,1.6,19.6,69.0,81.1,4487372.342,14057.67959,24358.0,104.668569,51.115793,1.0,1.1654,233.0,0.0023,85.064494,34.612826,82.0,0.8061,185.0,0.0023,-80.332294,37.873087,-69.0,25.6299,-159.0,0.0068,33.520224,3.495081,35.0,81.2779,34.0,4.3603
40304200.0,32.99009853333333,0.0,0.0,0.0,0.0,0.0,1.029704525,0.0,0.0,0.0,-110.693262,31.33605384,0.2,7.48,6.6,900.0,1.72,0.45,1.6,0.15,67.3,7.3,7.0,4.88,213.0,2.46,18.0,0.18,1.0,0.051,3.39,34.2,19.3,0.52,393.0,7.43,2.3,8.4,10.1,910.0,23.0,137.0,0.01,4.1,4.8,1.0,1.3,364.0,0.79,0.02,51.8,0.274,0.63,8.5,69.0,4.4,13.0,60.0,22.8,1540651.516,6849.278174,2236.0,176.607335,37.444086,255.0,0.3947,69.0,0.0068,172.295475,47.290151,255.0,1.2556,34.0,0.0068,161.562435,38.004807,179.0,52.8314,283.0,1.6701,23.0,0.0,23.0,100.0,23.0,100.0
40312570.0,8.881268963,34.515470569499996,16.24633346,5.841456591,0.0,0.0,0.0,0.0,0.0,0.0,-110.683382,31.377021,8.2,6.0,49.3,690.0,1.51,34.2,3.93,21.2,54.9,21.7,20.0,7.35,2440.0,4.31,14.65,0.17,1.1,1.185,2.33,26.7,20.0,0.75,2450.0,23.2,1.67,8.0,8.6,590.0,1450.0,103.5,0.4,17.1,4.0,3.0,2.1,299.0,0.64,0.88,8.71,0.266,0.91,3.6,74.0,46.0,12.5,8570.0,31.5,376589.8677,4602.534033,488.0,181.713115,40.26164,185.0,0.8338,64.0,0.0278,117.190669,36.596314,117.0,0.3619,1.0,0.0278,57.031974,57.975978,15.0,65.5476,137.0,34.4524,23.0,0.0,23.0,100.0,23.0,100.0
40312569.0,79.73550256,20.26449743,0.0,0.0,0.0,0.0,0.0,0.0,0.0,0.0,-110.669004,31.362864,11.2,3.41,62.8,330.0,1.04,88.4,8.1,17.3,109.5,49.5,79.0,3.94,5220.0,18.2,17.1,0.21,1.3,2.08,1.31,53.0,9.4,0.51,5150.0,21.2,0.76,22.3,18.1,750.0,1960.0,63.9,1.48,16.75,5.3,3.0,7.4,137.0,1.87,1.4,31.3,0.772,0.43,8.6,348.0,205.0,26.2,4520.0,47.0,94925.87569,1972.124579,75.0,132.626667,37.884658,138.0,1.4493,172.0,0.1115,129.480519,60.023504,255.0,0.3386,14.0,0.1129,-62.892781,15.12377,-58.0,82.3779,-105.0,3.0786,23.0,0.0,23.0,100.0,23.0,100.0
40312599.0,23.62760474,76.37239508,0.0,0.0,0.0,0.0,0.0,0.0,0.0,0.0,-110.870303,31.628103,0.47,7.46,12.2,690.0,1.87,0.68,1.93,0.49,75.8,17.9,50.0,20.1,87.9,8.36,19.55,0.14,1.6,0.067,2.56,35.3,30.8,0.85,1380.0,3.24,1.81,16.8,24.3,930.0,58.7,163.0,0.04,10.4,9.2,1.0,3.0,388.0,1.32,0.12,22.5,0.764,0.81,6.3,312.0,11.7,19.0,227.0,45.4,2528161.873,8297.181848,3867.0,146.275666,33.701062,140.0,0.4091,49.0,0.0041,141.245813,32.013345,134.0,0.3145,27.0,0.0041,433.961581,49.851901,465.0,42.3441,402.0,0.1073,23.0,0.0,23.0,100.0,23.0,100.0
40312568.0,17.877671045,61.22847764,0.0,0.0,0.0,0.0,3.016180396,0.0,0.0,0.0,-110.752052,31.379729,0.25,6.98,6.6,690.0,1.69,0.54,2.34,0.11,125.0,17.4,45.0,5.4,133.5,12.1,20.1,0.25,2.1,0.065,2.38,58.9,14.5,0.76,964.0,3.36,2.18,18.3,16.6,1250.0,26.9,112.0,0.04,3.34,7.8,2.0,2.9,389.0,1.93,0.02,85.1,0.641,0.56,14.4,346.0,2.9,29.4,89.0,53.4,5585627.857,14190.16072,5904.0,181.598577,42.27318,255.0,0.7389,51.0,0.0019,179.751967,51.58174,255.0,1.194,6.0,0.0019,145.418361,30.728762,181.0,20.2137,146.0,0.0324,23.0,0.0,23.0,100.0,23.0,100.0
40312567.0,0.956771602,0.0,0.0,0.0,0.0,0.0,99.04322848,0.0,0.0,0.0,-110.839827,31.377645,0.29,5.93,17.9,550.0,1.33,48.2,2.42,0.22,113.5,32.9,113.0,4.86,171.0,21.1,21.1,0.24,1.4,0.091,1.69,55.3,17.1,1.09,1500.0,3.17,1.56,18.0,28.6,1330.0,43.2,82.2,0.01,4.69,12.4,1.0,2.7,313.0,1.61,0.15,58.1,0.963,0.42,13.0,704.0,5.6,30.5,142.0,28.0,474555.4391,5414.028318,3738.0,148.708668,43.331748,156.0,1.6197,219.0,0.0222,193.793185,53.35171,255.0,16.908,4.0,0.0223,69.399491,11.619747,81.0,49.8728,42.0,0.4453,18.505182,3.355643,16.0,64.2117,23.0,35.7883
40312566.0,64.92455327,35.07544636,0.0,0.0,0.0,0.0,0.0,0.0,0.0,0.0,-110.819081,31.340771,0.06,3.45,5.6,320.0,0.85,1.27,2.4,0.16,128.5,45.4,182.0,2.46,37.2,37.8,24.1,0.24,1.5,0.06,0.92,60.7,10.1,0.67,1940.0,4.97,0.84,24.0,33.9,1420.0,30.5,41.8,0.005,1.94,8.8,2.0,2.6,169.0,1.97,0.1,96.1,1.075,0.21,11.8,1200.0,37.6,35.8,153.0,33.1,7942057.18,24116.16355,52869.0,160.624203,42.431769,255.0,1.9653,25.0,0.0013,164.552052,50.068265,255.0,4.9143,2.0,0.0013,112.298369,44.439914,100.0,14.279,104.0,0.0076,19.522318,6.599139,23.0,78.2645,7.0,21.7355
40304201.0,75.77380771,0.0,4.064004754,0.0,14.49890653,0.0,0.0,0.0,0.0,0.0,-110.6930711,31.3621427,0.16,7.74,7.4,720.0,1.67,0.43,2.39,0.18,112.0,14.3,43.0,7.62,243.0,9.25,20.5,0.22,1.7,0.069,2.58,54.6,16.4,0.69,713.0,5.66,2.48,15.0,15.8,1110.0,32.8,121.5,0.02,4.3,7.5,1.0,2.8,419.0,1.62,0.02,87.7,0.532,0.56,22.4,278.0,10.3,23.7,74.0,37.2,19138.49343,845.1995684,,,,,,,,,,,,,,24.439791,29.85033,3.0,65.9686,66.0,34.0314,23.0,0.0,23.0,100.0,23.0,100.0
40303858.0,1.5124813485,0.0,96.97503699,0.0,0.0,0.0,0.0,0.0,0.0,0.0,-108.94745,33.60292,0.06,3.92,4.9,420.0,1.1,0.43,2.07,0.15,103.5,54.9,211.0,2.3,27.7,22.2,24.9,0.19,3.3,0.189,1.07,48.9,13.5,0.83,2460.0,1.43,0.88,26.9,59.3,540.0,27.5,47.2,0.01,0.82,14.2,2.0,4.5,305.0,1.63,0.02,8.37,2.4,0.25,1.8,859.0,1.6,31.0,342.0,121.0,,,,,,,,,,,,,,,,,,,,,,,,,,,
40303859.0,17.047584992,0.0,44.48816542,0.0,0.0,0.0,4.369079722,0.0,0.0,0.0,-108.96349,33.5955,0.05,8.09,2.7,670.0,1.05,0.11,4.16,0.13,48.3,29.6,42.0,1.83,34.2,7.41,19.65,0.16,3.3,0.074,1.35,24.2,13.6,1.49,1120.0,0.55,2.03,7.7,24.5,730.0,27.4,42.0,0.005,0.33,15.0,1.0,1.4,812.0,0.44,0.02,3.77,0.79,0.14,0.9,259.0,0.6,20.6,116.0,128.0,1612791.784,8454.256495,367.0,153.408719,42.035819,186.0,0.1207,48.0,0.0064,87.277333,27.295282,91.0,0.0825,14.0,0.0063,-30.526558,11.077021,-25.0,43.2096,-5.0,1.3279,9.403663,6.122772,7.0,86.6463,25.0,13.3537
40304202.0,99.99999984,0.0,0.0,0.0,0.0,0.0,0.0,0.0,0.0,0.0,-110.6571597,31.3353296,0.09,4.22,3.4,350.0,1.32,0.76,0.66,0.05,73.8,17.0,145.0,2.66,28.4,24.6,18.7,0.19,1.1,0.047,2.52,36.8,5.8,0.12,890.0,1.63,1.1,13.3,24.1,430.0,29.6,118.0,0.01,1.59,3.9,1.0,2.3,124.5,1.21,0.05,35.4,0.375,0.59,7.2,781.0,3.4,12.7,70.0,25.9,474744.1276,4747.538956,670.0,174.665672,45.440351,255.0,0.7067,66.0,0.0221,169.915493,56.166244,255.0,1.4919,27.0,0.0223,-135.525804,1.888431,-136.0,86.4425,-122.0,1.692,23.0,0.0,23.0,100.0,23.0,100.0
40303861.0,69.1777577,30.822242,0.0,0.0,0.0,0.0,0.0,0.0,0.0,0.0,-108.94847,33.61759,0.03,2.09,5.4,160.0,0.67,0.68,0.99,0.13,117.0,84.8,311.0,1.47,31.8,37.9,33.8,0.24,3.3,0.222,0.45,57.3,6.9,0.73,3490.0,1.67,0.39,26.2,84.4,450.0,55.9,19.9,0.005,0.92,17.2,2.0,6.5,121.5,1.37,0.02,9.6,3.44,0.13,1.9,1440.0,1.6,35.8,522.0,114.0,550930.9029,4949.601169,266.0,100.022556,53.701481,1.0,0.5034,24.0,0.0186,86.00365,40.722803,1.0,0.112,4.0,0.0187,-13.373709,1.183675,-14.0,71.1099,-1.0,0.3503,3.457164,1.272658,3.0,88.5709,7.0,11.4291
40303860.0,33.33333364333333,0.0,0.0,0.0,0.0,0.0,0.0,0.0,0.0,0.0,-108.968,33.602,0.07,7.69,3.4,610.0,0.9,0.09,4.34,0.11,41.4,47.3,56.0,1.19,38.1,11.55,22.2,0.13,3.3,0.098,1.15,20.7,11.1,1.78,1420.0,0.4,1.97,5.8,32.6,730.0,54.0,32.2,0.005,0.42,21.0,1.0,1.6,782.0,0.33,0.02,2.58,1.125,0.12,0.6,431.0,0.4,18.9,165.0,128.5,25520962.24,32148.21009,17199.0,159.981104,48.8587,255.0,0.3316,5.0,0.0004,96.683759,40.422881,81.0,0.0783,203.0,0.0004,-36.133254,13.197372,-34.0,13.0785,-82.0,0.002,21.906098,9.442205,31.0,40.765,35.0,0.4981
40303862.0,0.0,100.0,0.0,0.0,0.0,0.0,0.0,0.0,0.0,0.0,-108.81168,33.73647,0.07,7.02,3.2,650.0,1.38,0.16,2.96,0.12,55.9,16.2,41.0,3.82,23.6,4.25,16.25,0.12,3.0,0.053,1.92,27.2,17.7,1.08,747.0,0.52,1.84,9.3,20.0,520.0,36.9,79.5,0.01,0.6,12.0,1.0,1.5,461.0,0.65,0.02,7.37,0.505,0.36,1.4,133.0,1.1,21.8,75.0,110.5,766737.1741,7110.977334,424.0,143.235849,35.102828,136.0,0.1864,55.0,0.0133,99.363431,26.706687,103.0,0.1603,31.0,0.0134,-237.472219,0.606449,-238.0,53.1495,-236.0,5.9276,14.0,0.0,14.0,100.0,14.0,100.0
40303864.0,40.55582300499999,0.0,0.0,9.444177461,0.0,0.0,0.0,0.0,0.0,0.0,-108.89201,33.57091,0.04,7.01,3.4,590.0,1.78,0.18,2.94,0.15,87.3,17.1,43.0,3.21,21.0,5.17,17.1,0.15,3.4,0.071,2.05,43.2,19.7,0.92,841.0,0.6,1.8,16.8,19.7,530.0,25.6,92.0,0.01,0.47,10.4,2.0,2.1,517.0,0.99,0.02,10.15,0.642,0.31,2.0,165.0,1.1,31.5,98.0,114.0,147359.6788,2966.826698,118.0,165.805085,43.361363,143.0,0.5517,115.0,0.069,75.591667,42.724602,118.0,0.4199,2.0,0.07,-80.0,0.0,-80.0,100.0,-80.0,100.0,16.0,0.0,16.0,100.0,16.0,100.0
40303863.0,0.0,0.0,0.0,0.0,0.0,0.0,100.0,0.0,0.0,0.0,-108.81721,33.75009,0.05,6.31,2.4,540.0,1.13,0.19,2.98,0.14,71.7,38.2,113.0,3.02,27.9,10.9,19.7,0.16,3.5,0.096,1.57,35.6,15.9,1.55,1500.0,0.76,1.69,13.3,45.2,650.0,63.8,65.7,0.005,0.48,18.5,1.0,2.7,404.0,0.84,0.02,7.31,1.28,0.28,1.4,441.0,1.2,26.2,194.0,124.0,5841208.666,17097.3396,1345.0,158.872862,40.443336,154.0,0.0508,82.0,0.0018,102.808249,36.792355,110.0,0.0385,6.0,0.0017,-156.71552,38.386566,-190.0,18.4913,-123.0,0.7667,11.060591,3.586751,14.0,53.5898,3.0,10.3149
40304203.0,0.0,100.0,0.0,0.0,0.0,0.0,0.0,0.0,0.0,0.0,-110.6734288,31.382256,0.65,5.84,36.1,690.0,2.0,2.78,1.44,1.41,82.9,5.8,12.0,10.25,122.5,2.71,13.75,0.17,1.4,0.152,3.2,38.7,16.9,0.33,776.0,2.26,1.25,12.1,5.3,410.0,164.0,154.5,0.06,12.0,5.6,1.0,2.2,185.0,0.92,0.36,21.4,0.25,1.21,4.3,56.0,3.0,25.5,288.0,48.6,5160410.909,17373.79259,2281.0,134.912758,51.350203,255.0,0.1506,50.0,0.002,95.58685,31.922272,90.0,0.0813,2.0,0.002,33.410821,68.728149,54.0,24.3619,190.0,0.0234,23.0,0.0,23.0,100.0,23.0,100.0
40312703.0,100.0,0.0,0.0,0.0,0.0,0.0,0.0,0.0,0.0,0.0,-110.8315626,31.567664,0.14,8.79,8.6,680.0,2.04,0.2,2.15,0.31,84.9,19.4,51.0,12.2,150.0,5.85,22.1,0.18,1.8,0.08,2.13,40.4,28.3,1.1,1100.0,1.61,1.76,13.3,34.7,1100.0,66.9,126.0,0.02,4.0,14.3,1.0,2.5,396.0,0.94,0.02,24.6,0.694,0.72,4.3,206.0,3.0,23.4,189.0,52.4,797447.009,4486.920534,3495.0,92.739914,34.556187,85.0,1.219,30.0,0.0131,139.403147,40.205484,126.0,0.6567,3.0,0.0131,163.744116,102.289248,219.0,38.3763,38.0,13.4802,23.0,0.0,23.0,100.0,23.0,100.0
40312704.0,0.0,0.0,0.0,0.0,0.0,0.0,100.0,0.0,0.0,0.0,-110.830514,31.595443,11.2,7.97,57.5,240.0,3.16,5.13,0.22,17.65,146.5,5.3,23.0,33.4,111.0,3.85,20.5,0.23,7.0,11.4,3.11,67.2,40.0,0.29,824.0,10.35,0.67,23.9,6.6,510.0,3580.0,233.0,0.48,79.1,8.7,2.0,7.4,57.3,1.72,1.08,71.9,0.295,1.91,32.8,54.0,7.8,24.5,3840.0,160.0,12218.53451,562.9668775,,,,,,,,,,,,,,119.0,0.0,119.0,100.0,119.0,100.0,23.0,0.0,23.0,100.0,23.0,100.0
40304204.0,75.79077607,24.20922393,0.0,0.0,0.0,0.0,0.0,0.0,0.0,0.0,-110.6760923,31.5047934,0.04,6.08,24.2,810.0,2.1,0.48,1.22,0.53,91.3,29.3,170.0,19.0,149.5,14.8,21.2,0.25,4.9,0.1,2.15,42.2,32.0,1.26,1840.0,5.78,1.2,31.3,64.0,1420.0,48.4,153.5,0.11,5.78,16.1,3.0,5.5,354.0,1.95,0.29,28.2,1.585,1.04,8.4,562.0,5.7,24.0,247.0,185.5,4504628.095,13336.16849,16693.0,124.684239,48.935363,114.0,0.5257,14.0,0.0047,217.053119,44.038293,255.0,13.0984,9.0,0.0023,435.11481,112.643268,443.0,25.0731,598.0,0.2008,23.0,0.0,23.0,100.0,23.0,100.0
40304205.0,33.04925023,24.6135497925,0.0,0.0,0.0,0.0,17.72365046,0.0,0.0,0.0,-110.7936119,31.6192356,0.31,6.74,16.9,910.0,1.89,0.32,1.04,0.67,48.4,12.8,18.0,28.1,43.4,3.78,17.85,0.16,2.1,0.055,2.91,21.8,58.2,0.43,1780.0,2.32,1.5,8.9,10.8,920.0,75.2,157.0,0.04,11.45,6.7,1.0,1.7,239.0,0.66,0.11,9.61,0.38,1.06,2.9,104.0,2.6,10.4,185.0,71.2,12106774.51,29910.67966,8866.0,86.173021,42.503938,1.0,0.2195,168.0,0.0009,120.635103,43.036104,139.0,0.0864,4.0,0.0009,192.252738,216.603906,135.0,9.3286,-64.0,0.0116,17.496461,7.090551,23.0,51.4066,3.0,16.1693
40304206.0,49.99992691,0.0,0.0,0.0,0.0,0.0,0.0,0.0,0.0,0.0,-110.7922008,31.6154339,2.08,7.97,64.7,1020.0,2.02,3.9,0.62,0.46,75.3,12.9,27.0,36.8,216.0,5.86,19.25,0.18,2.4,0.314,3.08,35.4,59.4,0.59,1300.0,3.84,1.16,11.3,11.5,1140.0,516.0,211.0,0.16,48.7,9.9,1.0,2.9,211.0,0.78,0.33,15.65,0.541,1.57,7.0,174.0,8.0,16.8,322.0,80.0,7965792.689,23192.22959,7337.0,112.103721,42.423708,131.0,0.1483,4.0,0.0013,116.413464,38.916345,112.0,0.1327,5.0,0.0013,264.786814,137.776463,236.0,12.9881,96.0,0.0164,20.01165,3.4624,23.0,57.3093,16.0,42.6907
40311425.0,100.0,0.0,0.0,0.0,0.0,0.0,0.0,0.0,0.0,0.0,-110.5976796,31.90194579,0.24,6.73,5.6,750.0,1.88,0.28,3.63,0.44,80.5,6.6,22.0,10.3,20.8,3.19,14.95,0.16,1.4,0.049,2.57,39.6,24.6,0.78,580.0,5.8,1.03,11.6,9.4,520.0,133.0,118.5,0.02,2.56,7.2,1.0,1.9,79.2,0.89,0.02,14.45,0.306,0.63,2.5,72.0,2.2,19.1,99.0,45.5,,,,,,,,,,,,,,,,,,,,,,,,,,,
40311426.0,100.0,0.0,0.0,0.0,0.0,0.0,0.0,0.0,0.0,0.0,-110.9149002,31.93717837,0.05,4.87,8.5,610.0,1.33,0.33,6.54,0.14,56.2,5.8,13.0,16.95,15.1,2.36,10.35,0.15,1.5,0.032,1.7,26.3,34.5,0.7,692.0,1.36,1.03,10.7,6.9,380.0,24.9,85.8,0.01,1.38,5.2,1.0,1.4,174.0,0.78,0.05,7.9,0.261,0.47,2.2,48.0,2.1,16.5,48.0,52.0,4107900.798,18351.57358,38130.0,28.200787,23.53273,1.0,20.1764,121.0,0.0076,115.135397,32.508986,113.0,1.2668,11.0,0.0025,-40.980679,8.421507,-45.0,25.7575,-37.0,0.088,23.0,0.0,23.0,100.0,23.0,100.0
40311427.0,61.73801412,3.501080109,0.0,0.0,0.0,0.0,34.76090584,0.0,0.0,0.0,-110.5261315,31.89696426,0.05,4.22,12.7,760.0,1.31,0.29,8.78,0.23,68.7,5.4,17.0,5.36,16.4,2.58,9.37,0.15,1.6,0.037,1.62,34.3,26.1,0.56,639.0,1.99,0.72,9.3,7.5,410.0,18.8,67.8,0.01,2.2,4.1,1.0,1.3,209.0,0.66,0.05,9.1,0.257,0.48,2.0,67.0,2.1,15.7,58.0,53.1,5763070.65,16119.91978,49506.0,99.19838,36.353344,79.0,1.301,11.0,0.0036,166.125182,52.861876,255.0,8.4669,5.0,0.0018,1.22191,18.585046,-9.0,18.0748,-2.0,0.0105,28.29841,6.210848,34.0,48.2095,15.0,10.4044
40311428.0,5.639363152,94.36063683,0.0,0.0,0.0,0.0,0.0,0.0,0.0,0.0,-110.4931585,31.83609006,0.06,6.38,23.0,880.0,1.99,0.23,2.8,0.17,97.9,4.0,10.0,16.8,13.6,1.81,15.05,0.19,3.0,0.056,2.73,47.4,50.4,0.39,661.0,1.66,1.09,11.3,5.4,490.0,19.1,106.0,0.03,0.89,6.4,1.0,1.8,221.0,0.81,0.05,15.25,0.206,0.68,2.2,42.0,1.4,21.3,59.0,105.0,383161.5715,3575.911474,2338.0,75.346022,37.380509,76.0,1.4576,159.0,0.0275,204.978562,38.143586,255.0,9.1355,42.0,0.0273,-47.141618,6.55657,-51.0,74.2775,-36.0,25.7225,33.0,0.0,33.0,100.0,33.0,100.0
40311429.0,48.0700243185,0.0,0.0,0.0,0.0,0.0,3.859951345,0.0,0.0,0.0,-110.3416346,31.87852537,0.06,7.65,4.6,370.0,5.63,2.3,1.15,0.19,249.0,11.1,45.0,26.3,36.6,7.72,21.0,0.37,0.9,0.121,3.2,102.5,47.4,0.46,1810.0,1.25,1.68,46.8,11.6,2590.0,41.7,279.0,0.01,1.05,18.3,5.0,4.9,107.0,4.98,0.07,50.4,0.664,1.2,9.4,108.0,20.6,111.5,109.0,26.8,44924.95132,1175.751098,409.0,67.151589,33.066526,58.0,6.7416,15.0,0.2247,235.982097,31.002635,255.0,49.6454,106.0,0.2364,181.578125,3.329812,184.0,65.4018,177.0,34.5982,16.0,0.0,16.0,100.0,16.0,100.0
40311430.0,0.49332249250000004,22.481635645,0.0,19.655937390000002,0.0,0.0,10.98161942,3.756589601,0.0,0.0,-110.2662827,31.91910615,0.05,5.76,3.4,420.0,3.27,1.27,2.17,0.18,123.0,6.1,40.0,13.3,15.0,6.47,11.95,0.22,1.2,0.045,2.96,57.4,26.4,0.3,1200.0,0.63,1.66,37.3,7.7,1100.0,29.3,210.0,0.01,1.03,7.1,2.0,3.4,169.5,5.07,0.02,29.8,0.62,1.01,5.5,100.0,5.1,48.3,52.0,34.9,,,,,,,,,,,,,,,,,,,,,,,,,,,
40311431.0,36.91774644,63.08225385,0.0,0.0,0.0,0.0,0.0,0.0,0.0,0.0,-111.0636769,31.41083827,0.2,5.97,20.5,490.0,2.04,0.35,0.32,0.27,79.8,2.8,6.0,8.19,11.5,1.55,12.5,0.19,2.1,0.041,3.8,37.6,14.7,0.16,1140.0,1.01,1.38,18.5,2.9,210.0,92.5,209.0,0.01,7.32,3.5,1.0,2.1,97.6,1.32,0.02,25.6,0.164,1.28,4.6,23.0,2.4,17.6,88.0,57.8,3119755.023,12864.4528,23574.0,130.344362,42.672929,119.0,1.1653,31.0,0.0034,169.68352,51.908951,255.0,6.6243,2.0,0.0034,-19.488072,3.311287,-21.0,30.5684,-24.0,0.6816,23.0,0.0,23.0,100.0,23.0,100.0
40311432.0,46.24838995499999,0.0,5.698974948,1.204263749,0.0,0.599981365,0.0,0.0,0.0,0.0,-111.1055573,31.37029974,0.19,6.18,15.4,490.0,2.01,0.28,0.2,0.3,90.0,2.9,4.0,9.59,8.1,1.92,13.55,0.16,2.2,0.042,4.26,36.3,23.9,0.14,1160.0,1.04,1.3,24.3,2.1,130.0,117.5,245.0,0.005,9.16,4.1,1.0,3.3,61.1,1.68,0.02,26.4,0.196,1.45,5.5,22.0,3.2,19.1,136.0,57.9,4730472.8,13918.21642,19796.0,133.073348,47.705222,142.0,0.7255,2.0,0.0022,124.278168,42.830627,128.0,0.4791,3.0,0.0022,-1.826218,22.507432,-11.0,23.9359,20.0,0.0042,23.0,0.0,23.0,100.0,23.0,100.0
40311433.0,16.325257554,0.0,19.7928047415,3.178665457,3.629387776,0.0,0.0,0.0,0.0,0.0,-111.0687548,31.3530114,0.1,7.03,19.1,520.0,2.4,0.37,0.14,0.22,81.6,2.8,3.0,7.89,8.5,1.49,14.9,0.17,2.7,0.051,4.7,33.9,12.2,0.12,1080.0,1.07,1.98,21.5,2.0,100.0,48.7,261.0,0.005,7.8,3.9,1.0,2.2,77.9,1.51,0.02,24.9,0.15,1.76,5.1,18.0,2.8,15.6,72.0,69.9,,,,,,,,,,,,,,,,,,,,,,,,,,,
40311434.0,47.55074286,16.1855424455,0.0,0.0,0.0,0.0,20.07817228,0.0,0.0,0.0,-111.0862791,31.3728139,0.18,7.13,26.5,550.0,2.39,0.64,0.17,0.22,86.6,3.0,4.0,8.28,9.5,2.3,15.0,0.16,2.7,0.046,4.99,38.9,16.5,0.12,1040.0,1.54,1.77,27.8,2.0,130.0,66.5,233.0,0.005,9.56,4.3,1.0,3.6,76.8,1.98,0.02,27.9,0.214,1.64,5.8,23.0,3.7,17.2,95.0,67.2,1530.873359,170.7278524,6.0,37.0,8.485281,31.0,33.3333,49.0,16.6667,120.25,15.155445,106.0,10.0,106.0,10.0,-42.0,0.0,-42.0,100.0,-42.0,100.0,23.0,0.0,23.0,100.0,23.0,100.0
40311437.0,31.25712703,34.3714363815,0.0,0.0,0.0,0.0,0.0,0.0,0.0,0.0,-110.994799,31.3373858,0.3,7.58,18.6,850.0,2.26,0.66,0.74,0.39,99.4,9.5,91.0,11.45,50.2,3.71,19.25,0.15,2.9,0.094,3.47,46.2,20.5,0.72,1430.0,3.15,1.69,17.5,28.6,420.0,71.1,187.0,0.03,5.21,8.1,1.0,2.5,153.5,1.25,0.09,19.2,0.333,1.19,4.7,75.0,3.4,20.6,196.0,84.2,134766.0761,2510.897201,722.0,121.50277,43.592524,163.0,1.938,9.0,0.0775,142.710991,34.565915,124.0,1.0277,38.0,0.0791,-65.814678,5.419515,-64.0,89.9185,-82.0,10.0815,23.0,0.0,23.0,100.0,23.0,100.0
40311435.0,100.0000016,0.0,0.0,0.0,0.0,0.0,0.0,0.0,0.0,0.0,-110.9861049,31.4228518,0.17,6.2,24.1,620.0,2.0,0.6,0.42,0.15,91.7,9.1,42.0,8.99,15.3,8.13,16.05,0.18,3.3,0.068,3.24,44.3,18.5,0.29,1120.0,3.04,1.31,27.8,12.5,310.0,59.1,171.5,0.01,8.84,6.5,1.0,4.8,103.0,1.8,0.02,30.3,0.52,1.05,5.7,179.0,5.5,28.1,116.0,95.8,,,,,,,,,,,,,,,,,,,,,,,,,,,
40311436.0,0.0,47.1273388615,0.0,5.7453092,0.0,0.0,0.0,0.0,0.0,0.0,-111.0200107,31.3489207,0.32,7.34,17.1,750.0,2.89,2.0,0.37,0.57,113.5,4.9,32.0,17.65,44.2,2.79,18.4,0.13,3.3,0.144,4.0,50.7,21.1,0.31,2170.0,2.74,1.58,23.1,6.6,320.0,109.0,234.0,0.01,9.1,5.7,1.0,3.7,80.2,1.7,0.06,28.6,0.246,1.51,7.0,35.0,5.0,21.6,211.0,85.9,5413278.401,19388.10292,21390.0,104.426601,42.437783,84.0,0.5407,196.0,0.0019,132.668542,53.271038,255.0,0.9529,7.0,0.0058,-24.931001,7.426062,-23.0,25.7615,-16.0,0.4113,23.0,0.0,23.0,100.0,23.0,100.0
40311439.0,28.196310949666668,15.41106712,0.0,0.0,0.0,0.0,0.0,0.0,0.0,0.0,-111.2512714,31.4062378,1.29,7.91,4.8,840.0,2.92,0.49,0.41,0.56,86.9,7.5,16.0,11.55,44.4,2.89,19.2,0.17,2.0,0.061,4.2,44.6,31.1,0.51,943.0,1.66,1.34,14.4,8.7,670.0,137.0,258.0,0.02,2.25,9.8,1.0,2.6,106.0,1.1,0.08,22.9,0.325,1.7,3.5,70.0,5.0,27.6,162.0,52.1,293052.8399,3013.249399,2010.0,101.716915,35.843329,96.0,2.2214,42.0,0.0358,169.045683,38.248427,255.0,1.1883,46.0,0.036,-14.658336,12.135081,-25.0,56.2479,-16.0,4.1082,23.0,0.0,23.0,100.0,23.0,100.0
40311438.0,100.0,0.0,0.0,0.0,0.0,0.0,0.0,0.0,0.0,0.0,-111.1651921,31.369899,0.28,7.07,10.6,770.0,2.0,0.59,2.56,0.45,63.9,8.2,17.0,25.8,36.1,2.32,18.85,0.12,2.2,0.056,2.53,34.3,45.0,0.67,1120.0,4.42,1.3,11.7,11.9,850.0,42.8,135.5,0.05,4.48,6.2,1.0,1.8,309.0,0.94,0.02,13.4,0.276,0.88,3.4,52.0,3.2,18.4,102.0,64.0,,,,,,,,,,,,,,,,,,,,,,,,,,,
40311444.0,0.0,100.0,0.0,0.0,0.0,0.0,0.0,0.0,0.0,0.0,-111.2622754,31.4218419,0.53,7.43,5.0,950.0,1.97,0.59,0.52,0.42,71.1,7.7,20.0,6.67,32.4,2.29,18.7,0.14,1.5,0.075,3.71,35.8,28.1,0.49,1440.0,1.32,1.51,14.3,14.1,560.0,41.7,215.0,0.02,3.02,6.1,1.0,2.2,194.5,1.09,0.08,16.2,0.267,1.43,3.1,50.0,5.2,15.6,97.0,38.7,192025.374,2799.646438,1319.0,74.509477,39.377488,81.0,2.1265,107.0,0.0545,111.699924,33.196452,113.0,1.3684,15.0,0.0547,13.730689,7.51953,19.0,67.0668,3.0,32.9332,23.0,0.0,23.0,100.0,23.0,100.0
40311441.0,100.0,0.0,0.0,0.0,0.0,0.0,0.0,0.0,0.0,0.0,-111.268476,31.469043,13.35,7.42,5.6,720.0,2.21,25.0,0.43,2.54,79.2,15.7,24.0,7.72,627.0,3.08,18.55,0.13,1.6,0.143,3.4,41.7,30.3,0.5,1430.0,13.0,0.98,11.5,14.4,440.0,363.0,208.0,0.18,2.84,5.8,1.0,2.4,137.5,0.93,0.34,15.85,0.25,1.41,5.4,52.0,3.7,16.4,235.0,48.2,208001.1933,2696.756832,735.0,77.431293,36.196859,77.0,1.1693,59.0,0.0508,119.981233,36.711317,109.0,0.7099,34.0,0.0507,83.423688,31.39991,103.0,71.9788,73.0,0.0963,23.0,0.0,23.0,100.0,23.0,100.0
40311443.0,0.0,100.0,0.0,0.0,0.0,0.0,0.0,0.0,0.0,0.0,-111.2828843,31.425579,0.45,7.22,3.3,940.0,2.14,1.08,0.48,0.48,80.5,5.3,9.0,8.03,29.9,2.19,17.8,0.15,2.4,0.065,4.69,35.9,23.7,0.33,1180.0,2.99,1.43,14.9,6.2,330.0,70.5,278.0,0.02,2.19,5.2,1.0,2.4,118.0,1.17,0.07,19.85,0.217,2.09,6.1,28.0,5.9,17.0,125.0,66.2,3825.154985,324.3789791,24.0,115.041667,30.956258,157.0,15.3846,77.0,2.5641,150.238095,18.10526,145.0,6.4516,116.0,3.2258,-12.0,0.0,-12.0,100.0,-12.0,100.0,23.0,0.0,23.0,100.0,23.0,100.0
40311440.0,100.0,0.0,0.0,0.0,0.0,0.0,0.0,0.0,0.0,0.0,-111.2406918,31.4659614,0.17,7.91,9.6,800.0,1.91,0.25,1.45,0.18,68.1,10.0,37.0,20.3,29.8,2.87,20.8,0.14,3.0,0.05,2.74,34.3,46.6,0.84,528.0,1.96,1.22,11.2,24.0,650.0,32.1,142.0,0.02,5.79,8.7,1.0,2.0,193.0,0.81,0.02,14.1,0.332,0.82,3.5,73.0,2.1,15.0,77.0,108.5,,,,,,,,,,,,,,,,,,,,,,,,,,,
40304110.0,63.96892119,0.0,0.0,0.0,0.0,0.0,36.03107901,0.0,0.0,0.0,-111.2887834,31.4919059,0.16,6.4,10.3,1890.0,2.33,0.51,2.42,0.24,93.6,15.6,36.0,13.0,25.8,6.01,22.6,0.17,3.6,0.071,2.41,50.4,43.4,0.74,807.0,1.69,1.02,20.9,20.9,510.0,45.3,141.0,0.04,6.87,12.1,2.0,2.8,239.0,1.41,0.02,18.7,0.463,1.0,5.3,143.0,5.4,26.0,96.0,98.8,1367793.23,7603.119515,5559.0,76.542364,39.155631,74.0,0.9969,12.0,0.0077,104.216667,41.253207,99.0,0.5517,11.0,0.0077,14.372555,54.426754,-10.0,35.2407,6.0,0.0147,23.0,0.0,23.0,100.0,23.0,100.0
40304111.0,43.4031206,28.298439765,0.0,0.0,0.0,0.0,0.0,0.0,0.0,0.0,-111.2955196,31.4825498,1.11,7.81,6.6,560.0,3.75,1.45,0.39,1.03,116.5,18.1,98.0,12.3,66.5,3.85,22.8,0.25,1.6,0.125,3.66,54.9,48.4,1.05,1200.0,80.8,0.51,19.4,47.0,480.0,316.0,276.0,0.01,4.29,15.8,1.0,3.0,96.5,1.37,0.13,29.4,0.35,2.18,5.9,76.0,6.3,30.2,220.0,44.1,499293.4518,3703.596437,1706.0,81.851114,44.644763,1.0,1.7448,4.0,0.021,94.725307,41.858497,90.0,0.5911,2.0,0.0211,87.090745,9.019386,85.0,94.9006,126.0,5.0994,23.0,0.0,23.0,100.0,23.0,100.0
40304113.0,97.25814395,2.741855959,0.0,0.0,0.0,0.0,0.0,0.0,0.0,0.0,-111.3455671,31.5045342,0.33,7.25,7.1,940.0,2.57,1.83,0.32,0.33,119.0,5.5,10.0,7.38,50.1,3.41,19.95,0.23,1.5,0.092,4.2,58.3,23.4,0.28,1690.0,3.05,1.5,18.1,7.6,330.0,104.5,255.0,0.01,3.16,7.3,2.0,2.1,101.5,1.34,0.07,24.7,0.259,1.95,6.2,35.0,6.7,25.4,194.0,41.3,56565.90176,1331.064573,375.0,78.578667,31.210658,79.0,3.8889,54.0,0.1852,136.97027,38.883008,121.0,1.487,45.0,0.1859,-25.0,0.0,-25.0,100.0,-25.0,100.0,23.0,0.0,23.0,100.0,23.0,100.0
40304112.0,100.0,0.0,0.0,0.0,0.0,0.0,0.0,0.0,0.0,0.0,-111.3401699,31.4951095,0.35,7.12,6.5,960.0,2.48,1.41,0.52,2.0,102.5,5.9,12.0,7.61,52.1,2.2,17.2,0.21,1.6,0.072,3.69,52.6,23.6,0.32,1060.0,1.78,1.15,14.1,6.8,430.0,99.5,210.0,0.03,2.25,7.3,1.0,2.0,108.0,1.05,0.05,21.2,0.244,1.58,4.6,32.0,3.4,26.0,400.0,41.8,1099267.631,5793.72244,8142.0,92.667281,31.054737,81.0,2.2437,156.0,0.0095,158.046654,37.607087,255.0,1.2929,37.0,0.0095,-28.990604,2.037149,-29.0,91.6165,-25.0,0.821,23.0,0.0,23.0,100.0,23.0,100.0
40304115.0,93.02229691,6.168644318,0.0,0.0,0.0,0.0,0.809058752,0.0,0.0,0.0,-111.3835866,31.6565383,0.32,7.42,4.6,530.0,4.18,1.38,0.94,0.61,116.0,13.0,44.0,7.52,56.0,3.45,20.2,0.24,2.0,0.089,2.86,62.1,40.4,0.7,903.0,5.61,1.44,17.8,25.7,500.0,33.3,198.5,0.02,1.49,14.8,2.0,3.2,149.0,1.36,0.11,29.6,0.35,1.05,7.7,72.0,26.5,35.9,111.0,85.2,43501.91583,1295.530371,,,,,,,,123.351064,38.428147,140.0,2.4155,3.0,0.2415,-9.339408,29.190382,-29.0,68.7927,34.0,31.2073,23.0,0.0,23.0,100.0,23.0,100.0
40304114.0,28.056723856999998,4.15721280325,24.06909229,0.0,0.0,0.0,3.188608984,0.0,0.0,0.0,-111.3319491,31.63492686,0.31,7.35,6.0,460.0,3.71,1.19,0.46,0.29,135.5,5.5,12.0,6.59,31.3,2.37,20.5,0.22,1.8,0.166,3.43,73.7,21.0,0.36,653.0,10.95,1.3,21.8,5.6,450.0,56.9,237.0,0.03,1.47,9.1,1.0,4.4,89.9,1.52,0.02,74.2,0.199,1.13,6.5,35.0,7.8,30.8,120.0,39.7,,,,,,,,,,,,,,,,,,,,,,,,,,,
40309773.0,70.14039461,29.85960553,0.0,0.0,0.0,0.0,0.0,0.0,0.0,0.0,-110.02,32.0039,0.14,5.16,4.2,335.0,2.86,5.53,1.12,0.241,60.2,9.51,47.9,11.05,48.6,3.66,12.95,0.025,0.949,0.073,1.86,29.4,22.9,0.41,523.0,3.88,0.612,9.73,18.8,250.0,16.3,145.5,0.005,0.87,13.05,0.5,1.91,81.6,0.77,0.38,9.13,0.306,0.634,1.93,71.5,13.55,20.4,102.0,30.3,654816.1527,4280.573172,5719.0,105.547998,39.610926,121.0,1.4973,36.0,0.0319,155.634787,40.049587,255.0,1.9154,45.0,0.016,-277.230995,2.864075,-275.0,58.1342,-293.0,0.478,33.0,0.0,33.0,100.0,33.0,100.0
40309774.0,100.0,0.0,0.0,0.0,0.0,0.0,0.0,0.0,0.0,0.0,-110.0212,32.0021,0.099,7.94,3.77,650.0,4.22,0.383,2.23,0.133,60.6,4.38,17.1,4.76,23.7,1.81,19.2,0.025,1.06,0.054,2.31,29.4,26.1,0.37,480.0,0.97,2.75,12.2,8.13,390.0,20.9,103.5,0.005,0.86,4.67,0.6,1.7,361.0,1.0,0.1,8.28,0.218,0.535,1.23,33.8,2.36,13.9,49.8,35.5,1243569.558,7859.506076,10302.0,109.579596,46.742221,101.0,1.3726,2.0,0.0084,163.23933,46.911019,255.0,4.0823,6.0,0.0084,-235.680289,32.290958,-220.0,45.4715,-130.0,2.7893,32.810322,0.585985,33.0,90.5161,31.0,9.4839
40311900.0,29.84041955,34.87842371,0.0,0.0,0.0,0.0,35.28115663,0.0,0.0,0.0,-110.014,31.888,0.047,7.96,4.68,159.0,10.95,6.08,1.35,0.384,500.1,2.42,8.4,5.04,13.1,5.35,32.9,0.89,3.44,0.391,3.13,490.0,22.3,0.24,1335.0,5.79,3.35,144.0,2.94,630.0,36.5,260.0,0.005,0.47,9.58,1.7,18.6,85.9,13.05,1.02,242.0,0.567,1.085,17.75,30.3,31.8,115.0,214.0,59.8,,,,,,,,,,,,,,,,,,,,,,,,,,,
40311901.0,24.008280270500002,51.98343952,0.0,0.0,0.0,0.0,0.0,0.0,0.0,0.0,-110.3632,32.424,0.108,7.02,4.5,490.0,3.0,0.516,1.43,0.326,83.5,8.36,43.9,9.82,54.3,2.55,17.05,0.06,4.02,0.058,2.99,41.3,46.5,0.59,599.0,1.9,1.4,21.8,20.5,570.0,30.3,158.0,0.005,0.99,7.28,0.7,2.4,224.0,1.45,0.06,17.2,0.332,0.635,3.25,54.1,1.715,31.0,76.9,123.5,8326.761286,492.3826231,79.0,56.607595,16.17031,72.0,22.7848,40.0,1.2658,85.588235,30.231769,64.0,4.7059,41.0,1.1765,-69.0,0.0,-69.0,100.0,-69.0,100.0,23.0,0.0,23.0,100.0,23.0,100.0
40311902.0,34.14364481,65.85635516,0.0,0.0,0.0,0.0,0.0,0.0,0.0,0.0,-110.463,32.4342,0.072,6.57,4.59,680.0,2.35,0.424,1.56,0.178,114.5,11.6,95.3,9.88,38.0,5.2,16.6,0.1,3.25,0.088,2.69,53.7,33.9,0.49,1085.0,1.73,1.75,24.3,25.2,460.0,27.2,125.0,0.005,1.26,7.98,0.9,3.13,388.0,1.34,0.09,13.6,0.613,0.494,2.62,115.5,1.62,39.5,124.0,115.5,666773.9206,5185.771301,6399.0,65.152211,25.055082,62.0,2.8986,11.0,0.0312,77.106307,29.600708,60.0,1.6842,5.0,0.0155,-14.35738,7.979086,-18.0,81.9499,-33.0,0.0755,21.484693,2.882879,23.0,78.3528,16.0,21.6472
40309784.0,100.0,0.0,0.0,0.0,0.0,0.0,0.0,0.0,0.0,0.0,-110.5462881,32.48683588,0.039,4.86,5.19,369.0,3.84,1.255,9.22,0.252,97.4,14.55,35.7,6.11,32.7,6.63,14.5,0.06,1.265,0.05,1.39,46.5,21.7,0.6,1850.0,2.35,0.6,27.6,12.85,610.0,16.6,63.5,0.005,1.14,11.2,1.0,1.95,264.0,4.26,0.17,8.36,1.15,0.296,2.38,107.5,2.54,38.5,58.3,23.2,3093081.984,11516.30861,,,,,,,,86.665621,38.530259,63.0,1.372,245.0,0.0033,-17.771136,5.46303,-17.0,33.8236,1.0,0.0325,7.644335,6.443434,2.0,56.582,15.0,43.418
40311445.0,43.8907284755,6.915278054,0.0,0.0,0.0,0.0,1.889673776,3.41359128,0.0,0.0,-111.353391,31.591676,0.2,7.58,11.8,790.0,2.06,0.274,0.36,0.21,73.1,8.83,24.4,11.1,25.3,3.02,17.0,0.025,2.83,0.012,2.75,39.2,34.1,0.5,603.0,2.55,0.827,14.55,13.5,470.0,30.1,141.5,0.005,2.93,10.1,0.8,1.96,90.5,1.08,0.13,15.95,0.323,0.745,4.01,71.1,2.57,21.4,71.2,89.5,,,,,,,,,,,,,,,,,,,,,,,,,,,
40304117.0,84.78714597,6.629284087499999,0.0,1.954285844,0.0,0.0,0.0,0.0,0.0,0.0,-111.2990276,31.9218943,0.146,7.45,5.23,610.0,3.02,0.886,2.17,0.144,127.5,10.25,22.2,7.07,32.2,4.94,16.8,0.08,1.15,0.046,3.38,56.6,22.7,0.64,837.0,2.22,2.08,23.6,9.14,960.0,31.5,188.0,0.005,2.51,10.7,1.1,3.73,185.5,1.82,0.06,30.2,0.49,0.886,5.37,96.4,5.59,38.4,64.4,27.5,9504436.615,18890.15832,81021.0,48.806544,48.953149,1.0,18.0077,251.0,0.0066,101.869095,43.059976,88.0,0.8636,252.0,0.0055,-49.756335,92.593671,-164.0,11.8526,-16.0,0.0148,23.0,0.0,23.0,100.0,23.0,100.0
40311449.0,0.0,49.999999955,0.0,0.0,0.0,0.0,0.0,0.0,0.0,0.0,-111.1675312,31.63847835,0.063,7.46,27.5,640.0,2.21,0.584,1.49,0.117,83.5,15.3,30.2,28.0,29.5,4.66,17.2,0.025,2.68,0.082,3.14,40.6,44.0,0.65,695.0,2.58,1.87,15.3,15.4,510.0,23.6,200.0,0.005,11.2,8.51,0.8,3.73,272.0,1.09,0.07,19.2,0.438,1.035,4.51,112.0,4.48,24.1,68.8,84.9,877830.9783,6350.985782,5908.0,65.115944,36.721812,1.0,1.8596,141.0,0.0119,144.145542,43.254501,255.0,2.1773,34.0,0.0119,13.274846,3.498143,16.0,59.9269,7.0,0.4798,23.0,0.0,23.0,100.0,23.0,100.0
40311447.0,1.048513373,98.95150122,0.0,0.0,0.0,0.0,0.0,0.0,0.0,0.0,-111.18464,31.6680516,0.099,7.29,10.8,690.0,1.86,0.877,3.0,0.16,148.0,22.7,99.1,18.4,22.3,10.2,22.8,0.1,2.83,0.044,2.08,84.5,38.9,0.63,1180.0,1.28,1.87,21.5,37.5,610.0,43.0,103.5,0.005,10.0,7.27,0.7,3.94,580.0,1.34,0.06,21.9,0.814,0.637,4.48,296.0,2.94,25.4,187.0,94.5,,,,,,,,,,,,,,,,,,,,,,,,,,,
40311448.0,13.389200168999999,0.0,73.22160013,0.0,0.0,0.0,0.0,0.0,0.0,0.0,-111.1829743,31.65109613,0.086,6.98,11.45,800.0,1.82,0.627,1.96,0.104,220.0,20.0,71.3,12.4,18.3,8.25,21.3,0.16,2.89,0.051,2.3,126.5,41.0,0.56,1020.0,1.26,1.72,25.0,34.0,550.0,39.2,109.5,0.005,8.27,6.46,0.9,4.64,545.0,1.79,0.04,31.3,0.87,0.63,4.28,229.0,2.81,34.0,146.5,97.9,760162.9246,4799.334504,5094.0,55.940126,36.213016,1.0,2.6287,143.0,0.0138,142.963948,53.01418,255.0,5.3361,61.0,0.0137,-8.822832,5.099277,-11.0,72.0142,7.0,0.4218,23.0,0.0,23.0,100.0,23.0,100.0
40304083.0,99.71693335,0.283066681,0.0,0.0,0.0,0.0,0.0,0.0,0.0,0.0,-111.1143939,31.62721379,0.063,8.14,30.6,800.0,1.91,0.274,2.03,0.106,81.5,11.7,31.8,28.7,26.5,3.14,17.8,0.05,2.99,0.06,3.04,43.0,56.9,0.84,616.0,1.53,2.38,13.15,32.8,590.0,23.1,158.0,0.005,4.56,8.7,0.6,2.43,440.0,0.92,0.05,16.4,0.395,0.709,3.05,79.0,1.77,22.9,58.6,104.0,2786262.505,14284.14819,17150.0,76.857551,35.456629,82.0,1.0996,222.0,0.0038,129.628017,33.031789,130.0,0.9342,1.0,0.0038,-7.072977,16.600189,-19.0,39.1093,-22.0,0.0036,20.124432,3.443847,23.0,58.9205,16.0,41.0795
40304081.0,0.0,0.0,100.0,0.0,0.0,0.0,0.0,0.0,0.0,0.0,-111.1267959,31.61509582,0.088,8.15,19.7,940.0,2.11,0.283,1.29,0.13,79.9,8.77,20.1,34.1,24.0,2.52,19.0,0.025,3.02,0.026,3.46,45.0,96.8,0.71,528.0,2.16,1.715,11.4,16.95,580.0,40.0,193.5,0.005,11.4,6.45,0.5,2.07,327.0,0.81,0.04,19.65,0.328,1.005,3.56,55.6,2.7,16.3,68.2,94.1,5344.496356,400.9408685,10.0,75.3,34.214178,92.0,5.5556,1.0,1.8519,163.0,37.605609,186.0,3.7037,88.0,1.8519,12.0,0.0,12.0,100.0,12.0,100.0,23.0,0.0,23.0,100.0,23.0,100.0
40311446.0,4.062140763,0.0,0.0,0.0,0.0,0.0,95.93785915,0.0,0.0,0.0,-111.1750672,31.7051222,0.166,7.03,16.75,960.0,1.7,0.205,2.46,0.127,85.7,17.85,71.3,7.58,40.4,6.89,17.5,0.025,3.47,0.048,2.16,47.2,28.3,0.92,799.0,1.55,1.945,13.65,27.1,1050.0,36.8,85.9,0.005,7.19,9.08,0.8,2.39,545.0,0.87,0.04,13.95,0.723,0.428,2.42,214.0,2.56,20.1,108.5,127.5,,,,,,,,,,,,,,,,,,,,,,,,,,,
40304085.0,40.379455375,0.0,0.0,0.0,0.0,0.0,19.24108907,0.0,0.0,0.0,-110.7427274,32.77436994,0.116,6.75,21.8,760.0,4.47,2.33,1.4,0.277,240.0,14.05,89.2,20.9,43.2,10.3,20.0,0.25,1.345,0.1,2.7,104.5,44.9,0.57,1810.0,2.52,1.845,35.2,22.8,2960.0,44.2,190.0,0.005,5.38,19.35,1.2,5.14,195.5,3.15,0.02,51.5,0.748,0.843,7.5,196.5,27.5,112.0,98.9,32.7,625887.552,5176.794368,5571.0,79.890504,26.762849,87.0,2.6765,38.0,0.0493,118.161331,27.647799,123.0,1.5311,32.0,0.0165,-94.221347,13.439896,-102.0,74.9076,-71.0,25.0924,23.0,0.0,23.0,100.0,23.0,100.0
40304084.0,33.33333271666667,0.0,0.0,0.0,0.0,0.0,0.0,0.0,0.0,0.0,-110.7265778,32.7828155,0.151,8.11,8.76,670.0,5.31,2.45,0.98,0.272,192.5,10.3,27.5,26.7,46.6,5.09,21.9,0.15,1.575,0.104,3.74,82.3,50.3,0.43,1340.0,2.29,2.13,32.0,11.3,1780.0,47.1,284.0,0.005,2.38,17.1,1.3,4.81,136.5,3.27,0.09,34.3,0.531,1.12,6.82,95.0,18.2,84.7,91.4,37.9,,,,,,,,,,,,,,,,,,,,,,,,,,,
40304076.0,23.3788752755,0.0,50.39895326,0.0,0.0,0.0,2.843296317,0.0,0.0,0.0,-110.9706333,32.55298426,0.061,7.04,3.52,530.0,2.32,3.01,4.02,0.131,292.0,19.15,104.5,2.81,71.8,14.8,25.4,0.3,2.77,0.14,1.78,136.0,24.8,0.61,1100.0,10.15,1.32,41.3,28.1,2260.0,36.9,86.9,0.005,2.03,23.6,1.1,4.54,673.0,4.4,0.02,342.0,0.808,0.366,74.7,407.0,26.7,95.9,60.4,57.5,,,,,,,,,,,,,,,,,,,,,,,,,,,
40304086.0,96.0533639,0.0,0.0,0.0,0.0,0.0,3.946636248,0.0,0.0,0.0,-110.5946134,32.41671992,0.035,5.35,2.53,429.0,1.16,0.321,12.85,0.215,45.6,8.28,36.2,8.06,16.4,2.45,12.55,0.025,0.82,0.037,1.49,23.1,29.8,1.17,470.0,0.59,0.749,6.83,17.6,550.0,9.39,75.1,0.005,0.38,8.49,0.7,1.56,367.0,0.44,0.02,4.94,0.293,0.417,1.59,58.8,2.07,20.4,42.6,23.8,10598.08715,570.2748929,111.0,199.783784,30.557111,159.0,8.1081,161.0,2.7027,113.810811,27.430671,107.0,4.5045,67.0,0.9009,-84.0,0.0,-84.0,100.0,-84.0,100.0,21.0,0.0,21.0,100.0,21.0,100.0
40304077.0,2.105912645,71.86130068,25.73347828,0.299308243,0.0,0.0,0.0,0.0,0.0,0.0,-111.3602245,32.71305246,0.092,7.12,4.34,810.0,2.29,0.277,1.44,0.146,349.0,7.55,32.2,4.24,56.7,4.75,19.05,0.24,1.28,0.06,2.49,179.5,20.3,0.49,625.0,10.85,2.24,19.85,12.45,1230.0,22.2,114.5,0.005,0.75,8.07,0.5,2.33,345.0,1.35,0.09,113.0,0.426,0.504,6.59,88.7,3.35,42.2,57.2,38.1,869973.141,5540.272007,8355.0,57.462956,20.502284,52.0,2.5494,108.0,0.0357,63.418977,22.927193,56.0,2.1643,4.0,0.0119,114.624237,2.499401,113.0,59.1291,120.0,2.1541,16.0,0.0,16.0,100.0,16.0,100.0
40304078.0,38.3383791965,2.5225174425,0.0,8.3797950955,0.0,0.0,1.029068783,0.489547778,0.0,0.0,-111.3899604,32.66315403,0.083,6.55,3.58,820.0,2.07,0.353,1.54,0.111,273.0,7.59,52.9,3.09,21.4,4.91,15.75,0.2,1.75,0.065,2.62,148.0,18.0,0.39,649.0,2.84,1.94,27.5,14.65,780.0,20.2,110.0,0.005,1.68,9.04,0.5,3.13,311.0,2.08,0.07,84.8,0.588,0.466,8.34,112.0,3.41,47.3,43.1,53.1,1198673.952,8083.748036,11485.0,42.261646,20.323142,34.0,3.3736,96.0,0.0259,57.718976,30.693511,43.0,1.761,150.0,0.0086,92.755266,10.764234,100.0,33.3417,107.0,2.4407,16.0,0.0,16.0,100.0,16.0,100.0
40304087.0,21.20790337,25.6859122955,0.0,0.0,0.0,0.0,27.4202723,0.0,0.0,0.0,-110.5120645,32.64018041,0.041,4.06,8.51,520.0,1.73,1.885,1.12,0.349,113.0,60.5,184.5,8.15,42.5,24.4,26.9,0.31,3.75,0.211,1.5,47.9,27.8,0.57,3800.0,4.0,0.945,45.5,62.5,350.0,64.4,67.1,0.01,2.68,18.6,0.7,5.74,174.5,2.25,0.13,10.05,3.62,0.77,2.21,735.0,2.36,32.4,430.0,131.0,,,,,,,,,,,,,,,,,,,,,,,,,,,
40304088.0,100.0,0.0,0.0,0.0,0.0,0.0,0.0,0.0,0.0,0.0,-110.5180744,32.61498378,0.076,6.89,5.96,970.0,1.95,0.382,1.67,0.172,99.4,12.65,39.9,10.95,26.7,5.29,18.9,0.15,3.83,0.069,2.88,45.6,29.7,0.52,1010.0,1.45,1.875,20.3,18.05,590.0,25.7,121.0,0.01,2.08,8.89,0.3,2.38,311.0,1.22,0.1,11.05,0.746,0.699,2.33,139.5,1.465,27.6,107.0,133.0,11857559.47,27598.97544,110215.0,83.240974,33.000965,67.0,2.6594,225.0,0.0009,66.098771,36.579283,51.0,1.5031,251.0,0.0035,162.876111,11.981798,166.0,17.6481,158.0,0.1138,17.921639,4.021923,16.0,62.3622,7.0,4.4563
40304079.0,100.0,0.0,0.0,0.0,0.0,0.0,0.0,0.0,0.0,0.0,-111.4143494,32.75898265,0.091,7.51,3.52,810.0,2.67,0.307,1.49,0.165,174.0,8.94,39.5,5.64,38.7,2.9,18.15,0.1,1.29,0.026,2.8,90.6,25.9,0.68,743.0,0.79,2.22,17.55,19.85,870.0,25.7,134.5,0.005,0.91,7.75,0.6,2.02,341.0,1.38,0.11,21.2,0.315,0.601,2.02,56.2,1.315,26.7,65.1,44.2,533201.5535,3972.770319,5005.0,52.892108,30.707377,1.0,4.8321,18.0,0.0388,67.250749,44.789485,61.0,1.6502,155.0,0.0194,57.26554,8.932428,51.0,67.0235,70.0,32.9765,6.585051,1.035695,7.0,86.1684,4.0,13.8316
40304089.0,0.0,100.0,0.0,0.0,0.0,0.0,0.0,0.0,0.0,0.0,-110.5753274,32.66138771,0.069,7.09,6.84,730.0,1.52,0.313,3.17,0.176,83.6,23.7,131.0,12.35,78.3,6.85,19.0,0.17,2.94,0.057,1.99,39.7,34.3,1.1,943.0,1.35,1.915,12.3,51.4,1070.0,27.8,84.8,0.01,1.32,13.7,0.6,1.69,496.0,0.75,0.07,7.73,0.729,0.54,1.56,201.0,1.495,20.5,95.8,138.5,2211918.63,10564.34517,20990.0,90.245641,31.357308,102.0,2.1747,197.0,0.014,54.76716,32.272359,46.0,2.0111,175.0,0.0047,100.926319,6.483709,105.0,34.8018,115.0,1.8068,7.132307,1.522225,7.0,92.1749,16.0,2.6255
40304095.0,100.0,0.0,0.0,0.0,0.0,0.0,0.0,0.0,0.0,0.0,-110.6789058,32.49418362,0.144,7.42,4.07,650.0,2.59,0.567,1.72,0.267,74.5,13.0,24.8,8.89,69.8,3.99,17.75,0.18,0.6,0.125,2.23,33.3,36.8,0.8,854.0,1.69,1.81,9.61,14.9,1490.0,36.4,121.0,0.005,1.32,12.55,0.9,1.72,294.0,0.66,0.11,7.79,0.455,0.528,1.92,83.2,4.8,25.2,123.0,17.6,,,,,,,,,,,,,,,,,,,,,,,,,,,
40304080.0,100.0,0.0,0.0,0.0,0.0,0.0,0.0,0.0,0.0,0.0,-111.4152691,32.71256768,0.078,7.15,2.65,830.0,2.06,0.215,1.59,0.138,188.5,7.47,34.4,3.66,29.4,3.45,18.2,0.09,0.96,0.073,2.33,99.3,17.2,0.53,565.0,3.04,2.45,16.4,14.6,820.0,20.2,104.0,0.005,0.74,7.89,0.6,2.28,379.0,1.08,0.07,21.9,0.34,0.435,2.15,67.0,2.32,30.8,49.9,34.3,1524954.969,6399.656127,12242.0,37.330992,40.383985,1.0,20.7149,145.0,0.0068,86.414447,77.432173,255.0,10.0684,221.0,0.0068,93.756791,6.416225,96.0,66.5439,88.0,0.5656,6.104362,4.563333,4.0,82.4637,16.0,17.5364
40304093.0,100.0,0.0,0.0,0.0,0.0,0.0,0.0,0.0,0.0,0.0,-110.7230687,32.47641495,0.211,7.74,3.42,650.0,2.57,1.305,6.62,1.1,76.6,13.15,63.4,12.7,236.0,4.86,22.7,0.18,0.967,0.155,1.71,36.1,24.5,1.41,1190.0,1.58,1.585,11.0,36.6,1280.0,29.4,58.5,0.005,1.26,19.4,1.2,3.01,685.0,0.86,0.2,7.77,0.425,0.422,3.57,122.0,16.6,29.1,100.5,23.3,1074207.535,5783.151721,2096.0,175.498092,62.287777,255.0,4.3005,44.0,0.0096,118.347131,52.233861,1.0,0.5411,2.0,0.0097,166.535724,20.1886,141.0,31.7071,153.0,12.6229,12.868462,5.269908,16.0,73.9038,4.0,26.0962
40304094.0,29.46005525,5.3821633045,0.0,59.17297331,0.0,0.0,0.0,0.602644339,0.0,0.0,-110.7066016,32.48378315,0.24,7.43,3.9,580.0,3.31,1.2,4.5,0.464,65.3,22.2,62.1,12.9,213.0,5.71,19.35,0.19,1.095,0.11,2.2,30.3,35.9,1.67,1290.0,2.03,1.315,11.2,33.3,1270.0,38.5,135.5,0.01,0.96,23.0,1.2,2.26,321.0,0.79,0.12,8.77,0.623,0.644,2.93,134.0,12.35,34.4,149.0,24.9,3025.742783,271.4212246,,,,,,,,,,,,,,144.0,0.0,144.0,100.0,144.0,100.0,4.0,0.0,4.0,100.0,4.0,100.0
40304092.0,59.19780943,0.0,0.0,0.0,0.0,0.0,40.80219049,0.0,0.0,0.0,-110.6404756,32.48681056,0.165,6.15,5.09,500.0,2.41,1.015,5.27,0.36,72.4,8.32,32.2,5.73,120.0,3.08,15.5,0.16,1.49,0.063,1.78,35.8,28.0,0.85,619.0,1.67,0.973,10.9,16.1,670.0,27.0,91.2,0.01,1.48,12.2,0.7,2.05,317.0,0.93,0.1,9.06,0.363,0.394,2.28,69.5,3.21,27.5,67.9,42.3,,,,,,,,,,,,,,,,,,,,,,,,,,,
40304096.0,100.0,0.0,0.0,0.0,0.0,0.0,0.0,0.0,0.0,0.0,-110.6392074,32.52057702,0.147,6.49,5.17,540.0,1.75,0.778,3.93,0.365,62.7,9.89,29.3,7.07,89.4,3.58,15.25,0.19,1.63,0.053,1.9,30.6,32.3,0.89,667.0,2.29,1.085,11.8,14.85,820.0,28.3,91.0,0.03,1.2,10.15,0.7,1.8,300.0,0.82,0.1,7.77,0.586,0.444,1.48,77.2,2.7,21.8,77.2,51.3,153491.1604,2004.889394,,,,,,,,96.797636,28.838601,94.0,2.2222,4.0,0.0673,161.565617,14.46079,175.0,53.6745,146.0,46.3255,5.0,0.0,5.0,100.0,5.0,100.0
40311903.0,5.3348706969999995,8.175396318,0.0,0.0,0.0,0.0,81.15486221,0.0,0.0,0.0,-110.1856429,32.113129,0.078,5.91,4.68,510.0,1.36,0.449,3.38,0.133,86.5,9.89,48.4,7.85,27.8,4.96,14.35,0.16,1.82,0.06,2.37,41.1,24.9,0.71,634.0,1.63,1.15,14.2,20.0,610.0,21.2,107.5,0.01,1.56,9.48,0.2,2.14,152.0,1.18,0.06,12.5,0.475,0.467,2.39,104.5,2.93,28.2,60.8,59.1,2278.71702,221.1994215,20.0,113.2,35.837969,72.0,28.5714,77.0,4.7619,148.153846,34.744886,97.0,6.25,97.0,6.25,-91.0,0.0,-91.0,100.0,-91.0,100.0,23.0,0.0,23.0,100.0,23.0,100.0
40309785.0,66.49646588,33.50353419,0.0,0.0,0.0,0.0,0.0,0.0,0.0,0.0,-110.455958,32.079664,0.05,9.36,1.2,830.0,2.12,0.23,1.39,0.113,500.0,4.62,14.8,3.7,14.7,3.5,29.2,0.67,0.319,0.047,2.56,217.0,30.6,0.34,975.0,0.66,3.63,15.15,6.31,690.0,28.2,130.5,0.01,0.28,5.23,0.4,1.67,399.0,1.28,0.02,84.1,0.208,0.584,2.58,42.1,0.393,45.3,87.7,7.6,,,,,,,,,,,,,,,,,,,,,,,,,,,
40311904.0,100.0,0.0,0.0,0.0,0.0,0.0,0.0,0.0,0.0,0.0,-110.58332,32.80447,0.039,7.81,5.97,311.0,0.58,0.285,5.65,0.175,38.3,30.0,82.4,4.18,70.3,7.43,18.2,0.14,2.01,0.079,0.82,16.6,24.7,2.06,1310.0,0.62,1.775,8.6,43.4,830.0,14.0,28.4,0.005,0.76,30.8,0.4,1.16,397.0,0.52,0.06,3.0,1.185,0.287,0.64,268.0,0.514,23.4,93.1,75.0,1193298.15,7988.73975,10462.0,245.648633,28.740695,255.0,73.6039,180.0,0.0087,85.072189,27.501151,70.0,1.8539,1.0,0.0086,-93.904308,4.687129,-93.0,38.7236,-109.0,0.1433,33.0,0.0,33.0,100.0,33.0,100.0
40311906.0,100.0,0.0,0.0,0.0,0.0,0.0,0.0,0.0,0.0,0.0,-110.63803,32.79014,0.045,6.94,6.11,412.0,0.74,0.231,5.55,0.183,48.6,30.0,107.5,10.45,55.7,8.01,18.05,0.15,2.69,0.063,1.1,21.5,27.0,1.77,1375.0,1.25,1.56,11.95,39.7,780.0,15.65,48.9,0.005,0.99,28.0,0.4,1.73,371.0,0.71,0.05,4.39,1.55,0.212,1.06,305.0,1.05,25.7,105.5,102.0,1656269.597,10491.04311,15281.0,209.635691,41.290687,255.0,14.3542,88.0,0.0187,65.227976,25.934905,71.0,1.7537,150.0,0.0062,-137.306317,15.025073,-143.0,34.7662,-117.0,0.2554,16.870144,5.57195,19.0,87.1959,5.0,0.5192
40311905.0,49.999998995,0.0,0.0,0.0,0.0,0.0,0.0,0.0,0.0,0.0,-110.604801,32.79997,0.039,6.53,7.02,310.0,0.67,0.172,5.94,0.21,47.4,38.8,129.5,4.96,58.9,10.75,19.55,0.16,3.25,0.103,0.77,20.3,18.2,1.85,1830.0,1.23,1.43,16.55,46.4,850.0,16.1,28.9,0.005,0.94,34.1,0.8,1.99,338.0,0.96,0.02,3.07,2.91,0.171,0.72,444.0,0.737,27.9,139.5,125.5,7726972.368,20972.687,69432.0,226.701218,36.171414,255.0,41.7284,70.0,0.004,95.862675,42.088594,76.0,1.0156,237.0,0.0067,-88.449749,17.778447,-68.0,14.3412,-131.0,0.0547,32.208846,2.071776,33.0,72.3562,19.0,1.9856
40312709.0,90.68490572,9.315093846,0.0,0.0,0.0,0.0,0.0,0.0,0.0,0.0,-110.14914,32.08619,0.184,7.46,3.76,540.0,3.43,2.71,1.83,0.148,122.5,11.0,39.4,11.15,34.0,3.91,18.95,0.21,0.823,0.067,2.96,59.1,36.1,0.84,820.0,1.27,1.475,12.3,21.2,590.0,45.9,179.0,0.02,0.84,11.7,0.3,2.35,181.0,1.12,0.42,41.8,0.268,0.72,4.24,58.3,32.4,24.5,72.0,24.4,4307984.353,10817.55291,12666.0,117.221222,41.694497,102.0,0.5824,15.0,0.0024,128.664594,47.113415,255.0,0.3988,3.0,0.0024,-106.869927,9.18799,-108.0,26.2766,-102.0,0.0047,22.612421,2.612699,23.0,97.8468,5.0,2.1532
40304098.0,0.0,94.92309114,5.076908895,0.0,0.0,0.0,0.0,0.0,0.0,0.0,-111.2002893,33.03801365,0.319,7.87,4.39,510.0,3.5,2.15,2.08,0.308,217.0,16.8,32.0,6.85,354.0,4.94,21.5,0.32,1.18,0.164,3.03,90.8,24.7,0.72,1080.0,2.65,1.925,35.5,18.7,1650.0,53.4,164.5,0.005,0.6,18.95,0.1,5.12,210.0,2.69,0.62,47.6,0.658,0.768,6.63,92.5,6.29,93.5,91.4,31.5,1378291.931,11056.00284,13362.0,118.685526,28.17114,123.0,2.2456,53.0,0.0149,67.366876,23.586209,75.0,1.7763,11.0,0.0075,-136.757421,5.37564,-134.0,42.6586,-152.0,0.6839,23.0,0.0,23.0,100.0,23.0,100.0
40304097.0,20.40672922,38.3525670995,0.0,0.0,0.0,0.0,2.888136513,0.0,0.0,0.0,-111.2159706,33.02330081,0.117,6.49,4.9,630.0,2.16,0.592,3.67,0.247,132.5,8.2,37.5,6.15,51.7,3.58,16.45,0.21,1.85,0.051,2.38,62.5,29.9,0.68,660.0,1.28,1.69,17.0,15.85,610.0,24.7,111.0,0.005,0.83,8.47,0.4,2.05,237.0,1.41,0.05,26.1,0.42,0.524,2.64,75.9,2.26,24.2,66.0,60.9,3613291.302,21581.1269,35029.0,117.31925,24.773763,123.0,2.3588,46.0,0.0085,64.962258,20.50331,60.0,2.1604,2.0,0.0028,-159.208131,4.017334,-158.0,46.7975,-147.0,0.1862,21.545795,2.839845,23.0,79.2256,16.0,20.7744
40303927.0,81.36365797,2.390525711,0.0,0.0,0.0,0.0,16.24581628,0.0,0.0,0.0,-111.1587166,33.06343311,0.051,4.26,3.72,345.0,1.35,1.415,1.21,0.169,348.0,19.35,136.0,2.57,43.5,29.1,24.5,0.56,2.38,0.074,1.46,146.5,12.5,0.27,2110.0,2.5,1.25,52.5,20.7,1000.0,25.9,62.6,0.005,0.83,11.3,0.1,3.55,193.5,4.54,0.13,158.0,1.19,0.268,19.15,580.0,4.65,71.0,114.0,48.2,,,,,,,,,,,,,,,,,,,,,,,,,,,
40304099.0,0.0,100.0,0.0,0.0,0.0,0.0,0.0,0.0,0.0,0.0,-110.4960172,32.64857497,0.052,7.52,6.0,1020.0,2.17,0.349,1.44,0.139,88.4,13.45,33.8,6.52,24.9,4.76,18.45,0.16,4.05,0.065,3.25,41.9,39.8,0.57,986.0,1.31,1.995,19.55,18.45,630.0,23.8,127.0,0.02,1.04,8.6,0.1,2.25,302.0,1.17,0.16,10.45,0.672,0.603,1.96,124.0,1.145,22.8,92.9,148.5,6772398.875,26134.21844,44456.0,91.933395,37.767883,67.0,1.4574,219.0,0.0015,72.786988,35.402425,57.0,1.016,210.0,0.0015,135.757745,38.060224,72.0,18.5008,131.0,0.1041,13.775652,4.899564,16.0,61.1036,23.0,7.9771
40303929.0,19.224099211,61.55180075,0.0,0.0,0.0,0.0,0.0,0.0,0.0,0.0,-111.1111378,32.85495293,0.093,8.17,5.89,1040.0,2.57,0.286,1.29,0.211,179.0,9.96,30.4,5.28,51.2,3.04,21.4,0.19,0.88,0.048,2.72,89.1,40.3,0.71,1415.0,1.23,2.6,23.7,19.5,880.0,51.5,123.5,0.005,0.91,7.88,0.1,1.71,333.0,2.98,0.04,22.9,0.307,0.571,2.14,59.0,3.11,28.8,135.5,29.2,,,,,,,,,,,,,,,,,,,,,,,,,,,
40303928.0,100.0,0.0,0.0,0.0,0.0,0.0,0.0,0.0,0.0,0.0,-111.0551466,32.85393344,0.065,8.27,3.28,680.0,1.5,0.245,1.4,0.081,226.0,19.2,68.5,3.72,29.6,5.88,19.45,0.29,0.907,0.062,2.38,106.0,19.4,0.81,983.0,0.65,1.735,11.25,36.3,430.0,26.9,108.0,0.005,0.44,13.45,0.1,2.37,260.0,0.73,0.08,29.4,0.526,0.472,2.31,104.5,0.971,30.0,85.9,31.1,,,,,,,,,,,,,,,,,,,,,,,,,,,
40304126.0,35.89929552,0.0,64.1007044,0.0,0.0,0.0,0.0,0.0,0.0,0.0,-110.6365713,31.99535062,0.095,4.94,20.5,610.0,1.44,0.41,6.89,0.223,58.7,7.94,27.5,10.65,21.0,4.23,13.05,0.15,2.01,0.041,1.54,29.0,50.9,0.44,743.0,1.85,1.22,12.4,12.45,330.0,32.0,67.3,0.005,1.72,5.77,0.1,1.81,196.0,0.81,0.1,8.55,0.366,0.38,2.08,94.0,3.75,16.25,70.1,66.8,6094598.415,15674.64408,55689.0,54.848983,40.436209,1.0,9.0238,167.0,0.0051,111.919395,38.648411,102.0,1.1296,3.0,0.0017,172.507726,29.178255,161.0,17.7331,214.0,1.6591,13.940402,0.340066,14.0,97.0201,12.0,2.9799
40304128.0,49.80499653,16.73166757,0.0,0.0,0.0,0.0,0.0,0.0,0.0,0.0,-110.534831,32.00966771,0.046,5.36,5.46,389.0,1.42,1.785,2.73,0.105,118.0,13.25,56.3,8.3,18.75,6.83,13.25,0.19,0.749,0.046,1.69,54.3,21.9,0.47,878.0,1.66,1.69,16.4,18.7,600.0,24.2,76.5,0.005,0.62,8.97,0.2,1.79,234.0,1.59,0.08,19.7,0.478,0.369,2.87,99.3,2.62,33.1,44.8,18.5,399163.755,4888.373789,3817.0,94.769976,31.761292,112.0,3.3784,17.0,0.078,126.559464,32.769932,127.0,1.589,44.0,0.026,192.925637,13.690897,204.0,60.4487,176.0,39.5513,3.015163,0.415743,3.0,99.1634,11.0,0.2614
40304127.0,100.0,0.0,0.0,0.0,0.0,0.0,0.0,0.0,0.0,0.0,-110.5398056,32.00382255,0.064,4.87,9.37,490.0,1.46,1.625,3.45,0.148,120.0,14.6,57.3,7.13,21.3,7.37,13.4,0.19,1.405,0.044,1.68,54.2,33.5,0.66,1405.0,1.81,1.165,16.9,18.45,800.0,34.0,76.9,0.005,1.03,7.63,0.3,1.88,188.0,1.53,0.12,26.8,0.525,0.432,3.74,120.0,2.96,36.1,56.9,42.8,312493.9219,4147.072177,2943.0,90.531431,33.107896,81.0,2.5418,67.0,0.0334,125.766997,37.937288,111.0,1.7149,34.0,0.0336,192.694713,12.870504,204.0,52.1277,193.0,12.3469,2.647761,0.477668,3.0,64.7761,2.0,35.2239
40303931.0,23.703578638499998,0.0,45.81901081,6.773832601,0.0,0.0,0.0,0.0,0.0,0.0,-111.0893743,33.07353113,0.073,8.94,4.74,610.0,2.41,0.671,2.27,0.151,103.0,8.13,21.0,5.5,68.0,2.59,23.2,0.19,1.515,0.055,2.44,45.2,33.4,0.58,666.0,1.43,2.94,27.6,10.0,1740.0,25.2,110.5,0.005,0.61,8.89,0.1,3.0,449.0,2.71,0.05,19.5,0.408,0.477,3.72,63.4,1.885,47.1,71.7,31.8,,,,,,,,,,,,,,,,,,,,,,,,,,,
40303932.0,38.49862959,61.50137041,0.0,0.0,0.0,0.0,0.0,0.0,0.0,0.0,-111.0772781,33.08584377,0.093,6.84,7.04,353.0,1.95,0.691,2.03,0.19,173.0,12.9,139.5,3.52,269.0,11.4,21.7,0.28,6.14,0.085,1.74,80.4,21.1,0.61,823.0,2.68,2.16,28.7,21.7,1920.0,23.0,80.9,0.005,0.96,11.5,0.3,2.93,349.0,3.04,0.07,175.0,0.464,0.356,31.3,274.0,1.705,44.9,67.6,92.9,778576.9895,6717.086978,7480.0,158.457888,31.832577,155.0,1.8433,80.0,0.0132,102.819778,26.300729,99.0,1.8599,7.0,0.0132,-167.122225,4.79453,-170.0,59.3443,-169.0,3.5622,16.0,0.0,16.0,100.0,16.0,100.0
40303937.0,23.537566193333333,14.693650845,0.0,0.0,0.0,0.0,0.0,0.0,0.0,0.0,-111.0626906,33.00863517,0.137,6.49,4.49,490.0,2.9,1.715,1.28,0.172,238.0,8.71,36.5,8.6,28.9,7.27,17.0,0.33,1.055,0.081,3.36,106.0,21.0,0.24,1120.0,2.14,1.945,45.9,10.5,820.0,50.6,200.0,0.005,0.74,9.14,0.5,3.08,142.0,4.18,0.06,49.4,0.724,0.801,6.13,136.0,7.16,46.5,91.2,32.8,,,,,,,,,,,,,,,,,,,,,,,,,,,
40303935.0,0.0,0.0,0.0,0.0,0.0,0.0,100.0,0.0,0.0,0.0,-111.0132487,33.08163861,0.259,7.88,3.93,431.0,4.41,1.115,1.16,0.253,96.2,7.35,16.5,16.4,30.0,2.3,21.0,0.15,1.265,0.113,3.62,41.2,65.4,0.5,1370.0,1.48,1.8,21.8,10.05,730.0,47.2,264.0,0.005,0.89,15.5,0.1,4.74,135.0,1.7,0.05,20.6,0.286,1.145,4.85,42.3,3.36,33.5,127.0,38.4,,,,,,,,,,,,,,,,,,,,,,,,,,,
40303939.0,0.0,100.0,0.0,0.0,0.0,0.0,0.0,0.0,0.0,0.0,-110.9839001,33.08989126,0.315,7.27,7.46,540.0,2.87,1.635,1.14,0.704,138.5,12.4,42.2,10.05,339.0,5.3,19.15,0.2,1.705,0.115,3.56,59.4,29.7,0.63,1165.0,5.96,1.165,21.9,18.25,1040.0,57.6,178.5,0.01,1.38,12.65,0.3,3.97,134.5,2.05,0.21,27.7,0.512,0.74,9.41,110.0,6.09,42.9,144.0,55.5,,,,,,,,,,,,,,,,,,,,,,,,,,,
40303936.0,45.47633758,27.261831375,0.0,0.0,0.0,0.0,0.0,0.0,0.0,0.0,-111.0100585,33.08324106,0.23,7.11,4.97,393.0,4.58,2.11,1.12,0.337,229.0,8.63,27.9,14.2,33.0,4.79,21.2,0.31,2.27,0.152,3.33,97.2,48.7,0.4,1575.0,1.92,1.76,35.7,9.92,1340.0,56.4,248.0,0.005,0.89,15.25,0.1,4.77,124.5,3.22,0.05,52.0,0.459,1.03,7.65,84.1,4.7,61.7,130.5,55.4,38726733.13,45310.58825,354982.0,141.647407,40.376558,123.0,1.2126,2.0,0.0016,84.100318,40.398775,68.0,1.1041,252.0,0.0051,-139.628084,17.566854,-148.0,11.8741,-99.0,0.4317,23.0,0.0,23.0,100.0,23.0,100.0
40303934.0,71.50002047,11.450881318,0.0,0.0,0.0,0.0,5.598216909,0.0,0.0,0.0,-111.0345645,33.0569021,0.192,8.37,2.84,373.0,5.36,2.6,0.78,0.211,176.5,6.63,16.2,18.35,26.4,3.52,22.2,0.22,2.61,0.108,4.27,68.4,35.0,0.4,1165.0,1.67,2.42,47.1,6.48,1090.0,61.0,320.0,0.005,0.56,15.45,0.1,5.48,97.1,4.29,0.04,50.1,0.417,1.255,10.65,58.3,4.93,73.1,90.2,60.4,,,,,,,,,,,,,,,,,,,,,,,,,,,
40304129.0,65.4417287,0.0,0.0,0.0,0.0,0.0,34.55827164,0.0,0.0,0.0,-110.9468445,32.97898129,0.118,6.3,4.71,550.0,2.2,0.698,4.38,0.264,90.8,14.85,70.2,9.85,54.1,4.67,15.75,0.18,2.79,0.064,2.4,44.2,31.9,1.42,1005.0,1.22,1.175,17.05,31.7,1500.0,24.8,107.5,0.005,0.76,11.35,0.1,2.0,338.0,1.31,0.05,15.55,0.74,0.515,3.16,116.5,3.46,33.4,95.7,98.8,,,,,,,,,,,,,,,,,,,,,,,,,,,
40303941.0,56.8832367,43.11676357,0.0,0.0,0.0,0.0,0.0,0.0,0.0,0.0,-111.1049446,33.04433616,0.062,7.71,3.25,520.0,1.99,0.483,3.66,0.114,124.0,7.46,25.4,3.81,28.3,3.39,18.7,0.2,1.275,0.052,2.19,57.9,21.0,0.6,749.0,1.23,2.45,23.9,10.1,1200.0,19.0,87.2,0.005,0.69,8.81,0.2,2.57,430.0,2.12,0.05,54.0,0.477,0.413,7.14,76.4,2.3,42.9,48.0,31.6,1117887.495,9913.574606,10810.0,138.375763,27.823359,135.0,3.0772,233.0,0.0461,83.95634,23.114874,86.0,1.883,3.0,0.0092,-123.841301,11.04099,-116.0,28.7473,-144.0,0.0539,19.825894,6.359934,23.0,79.9279,16.0,0.4159
40303940.0,25.1394444,74.86055555,0.0,0.0,0.0,0.0,0.0,0.0,0.0,0.0,-111.1174729,33.03293485,0.064,4.79,3.9,368.0,1.56,1.445,1.44,0.232,339.0,16.85,84.9,3.5,63.7,21.2,21.5,0.5,1.6,0.1,1.72,152.0,11.6,0.34,2370.0,3.5,1.305,64.1,18.1,1070.0,31.5,78.8,0.005,0.73,15.45,0.1,4.54,189.5,5.22,0.11,90.6,1.485,0.359,8.03,393.0,5.32,86.4,96.7,43.3,,,,,,,,,,,,,,,,,,,,,,,,,,,
40303942.0,98.02571181,1.974288573,0.0,0.0,0.0,0.0,0.0,0.0,0.0,0.0,-110.9853478,33.07497462,0.198,7.2,6.27,500.0,3.02,1.52,0.8,0.535,132.5,9.55,35.6,12.35,113.5,4.57,18.55,0.21,1.77,0.099,3.31,58.7,37.4,0.45,844.0,3.45,1.41,26.4,12.4,680.0,46.8,218.0,0.05,0.96,12.4,0.5,3.73,135.5,2.36,0.2,26.5,0.489,0.952,4.71,87.7,5.58,37.7,103.0,52.9,,,,,,,,,,,,,,,,,,,,,,,,,,,
40304132.0,100.0,0.0,0.0,0.0,0.0,0.0,0.0,0.0,0.0,0.0,-110.9078406,32.96418916,0.075,6.97,4.49,520.0,3.63,2.3,1.64,0.35,294.0,12.25,89.3,12.9,51.9,7.23,20.9,0.39,0.699,0.128,3.2,120.0,48.1,0.71,1635.0,0.93,1.885,47.0,15.5,2190.0,39.4,187.5,0.005,1.12,16.25,0.4,4.64,168.0,4.0,0.24,72.6,0.829,0.829,11.3,131.0,8.55,100.0,105.5,20.6,735183.7235,6909.853243,6477.0,139.247646,35.327674,113.0,2.1271,220.0,0.028,86.329558,35.730102,92.0,1.1962,3.0,0.0141,9.435757,23.03533,36.0,42.2635,-25.0,4.702,2.0,0.0,2.0,100.0,2.0,100.0
40304131.0,44.037073665,0.0,0.0,0.0,0.0,0.0,11.92585173,0.0,0.0,0.0,-110.9063286,32.97845893,0.072,6.75,4.57,440.0,3.05,2.42,2.31,0.348,264.0,19.1,117.0,10.6,75.9,11.4,21.4,0.37,1.29,0.144,2.54,110.0,35.5,0.96,2080.0,2.58,1.72,55.1,24.0,2130.0,42.7,148.0,0.005,1.15,19.6,0.1,5.01,234.0,5.16,0.29,54.7,1.33,0.65,9.38,312.0,39.5,92.8,119.0,34.8,3440824.974,11314.3668,29809.0,146.113422,46.352872,255.0,1.352,20.0,0.003,73.605441,37.113911,61.0,1.174,199.0,0.003,10.343213,31.725237,10.0,29.7366,-5.0,0.0526,2.441683,1.41892,2.0,91.1663,7.0,8.8337
40304134.0,46.0256035465,0.0,0.0,0.0,0.0,0.0,7.94879287,0.0,0.0,0.0,-110.5985978,32.08490736,0.068,7.97,2.2,930.0,2.47,0.285,1.64,0.215,288.0,11.7,22.3,12.75,50.3,6.66,22.5,0.4,0.522,0.063,2.92,129.0,23.0,0.54,764.0,1.54,2.36,23.5,10.5,1870.0,41.5,150.5,0.005,0.6,9.6,0.1,2.58,307.0,1.44,0.06,55.4,0.506,0.719,3.45,122.5,5.27,64.4,105.5,13.2,4956514.832,16719.07833,18506.0,105.900411,44.135632,74.0,0.5769,12.0,0.0021,117.688975,35.921088,126.0,0.4854,10.0,0.0021,82.226378,35.215239,128.0,20.063,108.0,0.0162,4.028419,1.448797,3.0,65.9838,12.0,0.1322
40304133.0,0.0,0.0,0.0,0.0,0.0,0.0,100.0,0.0,0.0,0.0,-110.6111623,32.08493854,0.051,7.24,2.72,790.0,2.77,0.282,4.26,0.162,87.3,6.34,15.6,7.83,31.3,2.23,17.7,0.15,0.537,0.053,2.79,40.2,24.2,0.86,664.0,1.22,2.29,15.4,8.58,850.0,25.7,134.5,0.005,0.48,6.49,0.1,1.77,326.0,1.15,0.06,14.55,0.278,0.688,2.46,44.5,2.09,25.6,61.0,15.6,37985.88562,1037.463286,332.0,84.63253,28.280819,56.0,5.6452,139.0,0.2688,106.914894,27.248804,105.0,2.4324,27.0,0.2703,148.0,0.0,148.0,100.0,148.0,100.0,5.659341,1.876516,5.0,89.011,11.0,10.989
40304135.0,0.0,100.0,0.0,0.0,0.0,0.0,0.0,0.0,0.0,0.0,-110.6398813,32.10249926,0.056,5.97,3.18,330.0,1.83,0.615,10.6,0.162,51.6,3.98,16.5,10.1,18.2,1.92,13.8,0.1,0.949,0.028,2.83,26.2,40.7,0.95,356.0,0.49,1.825,9.1,6.46,400.0,21.6,143.5,0.005,1.28,3.74,0.1,1.07,169.0,0.79,0.02,16.9,0.153,0.531,2.96,34.6,1.535,12.85,31.5,22.9,426141.4429,4324.811922,3971.0,83.356333,30.777259,62.0,2.4182,48.0,0.0489,81.572219,23.592907,77.0,1.9785,5.0,0.0244,135.720377,10.246837,142.0,72.6973,119.0,27.3027,4.236172,0.424729,4.0,76.3828,5.0,23.6172
40311909.0,12.15366188,14.33992627,0.0,0.0,0.0,0.0,59.16648592,0.0,0.0,0.0,-110.4787532,32.51448954,0.12,6.17,7.6,480.0,2.06,0.402,5.76,0.255,70.3,10.1,29.6,19.55,49.4,2.76,16.75,0.14,2.6,0.065,2.25,33.4,185.0,1.7,715.0,2.43,0.958,13.8,22.1,780.0,22.3,173.5,1.79,1.19,8.98,0.3,1.97,2320.0,0.97,0.04,11.65,0.307,0.681,2.94,58.4,3.22,22.9,84.0,90.7,22807438.15,39876.5118,203249.0,67.329856,32.015708,57.0,1.7721,199.0,0.0005,109.605132,42.751703,91.0,1.0528,2.0,0.0041,-63.486745,33.349546,-22.0,9.8873,-72.0,0.0053,22.959601,0.530245,23.0,99.4229,16.0,0.5771
40311907.0,0.0,49.999999757,0.0,0.0,0.0,0.0,0.0,0.0,0.0,0.0,-110.3759393,32.5426109,0.117,6.43,8.05,391.0,2.88,0.516,0.68,0.336,83.0,5.28,22.8,65.6,45.2,1.79,17.4,0.11,3.67,0.073,3.15,39.6,42.7,0.36,621.0,1.97,1.135,22.2,9.06,270.0,36.5,204.0,0.01,1.28,5.65,0.3,2.64,140.5,1.56,0.04,21.5,0.263,0.853,3.95,35.2,1.905,28.9,69.6,107.0,1140008.788,6842.266013,5869.0,82.521043,35.492587,66.0,1.2655,165.0,0.0091,123.012468,45.395324,255.0,0.8648,4.0,0.0091,-90.694049,12.051021,-101.0,56.3091,-89.0,0.672,23.0,0.0,23.0,100.0,23.0,100.0
40311910.0,43.4823591555,0.0,13.03528204,0.0,0.0,0.0,0.0,0.0,0.0,0.0,-110.391336,32.44852723,0.087,6.77,4.04,710.0,1.87,0.252,4.56,0.217,89.9,11.7,65.8,6.28,33.7,3.49,17.45,0.18,3.73,0.048,2.34,42.4,36.5,0.9,681.0,0.99,1.31,16.05,35.2,870.0,21.7,99.7,0.08,0.74,9.14,0.3,2.01,408.0,1.0,0.02,11.5,0.429,0.445,1.95,75.7,1.41,30.4,73.9,140.0,,,,,,,,,,,,,,,,,,,,,,,,,,,
40309792.0,0.0,100.0,0.0,0.0,0.0,0.0,0.0,0.0,0.0,0.0,-110.3218495,32.87012292,8.68,6.0,90.0,449.0,6.04,29.1,1.36,3.34,153.5,11.45,21.4,5.31,470.0,4.74,21.7,0.23,3.76,1.545,2.98,65.5,39.7,0.35,1650.0,84.8,1.735,73.5,8.8,430.0,4520.0,192.0,0.05,26.8,8.45,0.4,6.91,94.9,5.19,0.47,107.5,0.436,1.005,13.25,78.5,50.1,52.6,828.0,81.1,3173309.739,13867.12019,16241.0,114.787636,42.31837,88.0,1.1048,15.0,0.0032,50.990312,32.605194,1.0,2.6643,170.0,0.0033,-46.58656,26.560951,-58.0,28.1513,7.0,0.0635,22.758597,1.277319,23.0,96.5514,16.0,3.4486
40311908.0,0.0,100.0,0.0,0.0,0.0,0.0,0.0,0.0,0.0,0.0,-110.3948122,32.54085934,0.101,6.34,5.71,335.0,2.92,0.419,0.8,0.224,81.1,4.53,19.9,35.5,38.1,1.64,16.55,0.13,3.9,0.059,3.3,41.0,41.9,0.34,646.0,1.84,1.135,23.2,8.85,270.0,29.9,203.0,0.01,1.01,4.94,0.1,2.6,158.5,1.6,0.02,22.0,0.227,0.889,3.52,29.5,1.61,32.8,63.5,109.5,1762151.254,10959.20338,11724.0,77.649693,33.563139,71.0,1.4906,124.0,0.0059,143.2192,42.089495,255.0,0.8946,5.0,0.0059,-88.63585,9.567494,-80.0,39.9612,-56.0,0.1313,23.0,0.0,23.0,100.0,23.0,100.0
40304138.0,7.2282569475,0.0,41.607617465000004,2.328250957,0.0,0.0,0.0,0.0,0.0,0.0,-110.4513598,32.48500925,0.08,6.31,4.45,590.0,2.48,0.361,2.25,0.189,102.0,11.35,84.5,12.55,37.3,4.07,17.55,0.24,4.07,0.054,2.63,47.7,40.1,0.68,857.0,1.45,1.575,23.6,29.1,650.0,25.9,134.0,0.01,0.83,7.98,0.2,2.6,353.0,1.53,0.05,16.0,0.509,0.522,2.57,99.3,1.7,38.6,101.0,141.0,16543319.33,41927.58165,127249.0,88.098578,32.98992,97.0,1.2522,230.0,0.0006,96.486632,42.180807,86.0,1.0131,250.0,0.0094,-38.474346,36.627533,-10.0,8.6728,-7.0,0.0146,22.99478,0.191079,23.0,99.9254,16.0,0.0746
40311911.0,47.04716116,52.9528388,0.0,0.0,0.0,0.0,0.0,0.0,0.0,0.0,-110.3881357,32.43180525,0.075,6.92,5.78,660.0,2.0,0.346,2.16,0.242,86.1,13.45,68.2,11.9,56.1,3.34,17.6,0.15,4.29,0.061,2.45,41.7,46.2,1.12,886.0,1.36,1.6,17.1,47.2,970.0,23.1,114.5,0.03,0.85,8.91,0.4,1.83,383.0,1.09,0.02,12.5,0.426,0.46,2.85,70.8,1.31,28.2,78.2,166.0,,,,,,,,,,,,,,,,,,,,,,,,,,,
40304136.0,93.90029045,6.099709487,0.0,0.0,0.0,0.0,0.0,0.0,0.0,0.0,-110.3785509,32.49595438,0.113,7.58,4.86,530.0,2.82,0.47,1.86,0.269,74.7,11.25,52.7,22.0,60.9,3.4,19.85,0.17,4.43,0.068,2.41,34.7,49.1,1.05,590.0,1.37,1.03,18.5,32.0,620.0,26.1,131.5,0.02,0.85,10.95,0.4,2.44,264.0,1.26,0.05,15.85,0.387,0.595,2.27,68.7,1.64,25.7,89.4,158.0,1072516.035,5050.361512,9844.0,94.539415,32.861662,91.0,1.9023,34.0,0.0193,105.119967,34.232018,94.0,1.4783,2.0,0.0097,-46.41438,23.565757,-63.0,65.4511,-46.0,0.3383,23.0,0.0,23.0,100.0,23.0,100.0
40304137.0,3.008578595,96.99142119,0.0,0.0,0.0,0.0,0.0,0.0,0.0,0.0,-110.3944612,32.4886252,0.08,6.79,4.36,590.0,2.63,0.409,1.65,0.221,116.0,14.45,116.5,7.74,43.9,5.13,19.55,0.26,4.56,0.064,2.55,53.5,38.3,0.79,991.0,1.48,1.525,25.3,38.5,750.0,27.9,126.0,0.005,0.8,9.65,0.3,2.99,303.0,1.51,0.02,16.7,0.585,0.491,2.66,124.0,1.55,46.3,120.5,158.5,8793684.284,28543.51719,79574.0,81.818056,35.287458,68.0,1.8468,199.0,0.0059,106.27842,38.991074,94.0,1.119,2.0,0.0012,26.910506,25.582555,46.0,20.0674,68.0,0.0115,22.34529,2.038216,23.0,90.647,16.0,9.353
40309791.0,24.44381881,75.5561801,0.0,0.0,0.0,0.0,0.0,0.0,0.0,0.0,-110.3217807,32.87007707,2.27,6.36,21.0,389.0,7.2,6.4,1.24,1.705,222.0,9.83,24.2,4.61,129.0,6.12,23.2,0.3,5.02,0.331,3.12,103.0,32.6,0.44,3050.0,1575.0,1.77,165.0,14.2,420.0,7460.0,222.0,0.02,7.8,12.8,0.7,15.5,84.5,12.2,0.17,61.2,0.745,1.12,11.15,152.5,98.6,92.5,600.0,122.0,,,,,,,,,,,,,,,,,,,,,,,,,,,
40309789.0,21.096551455,26.317462235,0.0,0.0,0.0,0.0,5.171972638,0.0,0.0,0.0,-110.3234038,32.8679331,0.993,6.32,14.45,470.0,5.43,5.44,1.24,1.445,252.0,12.1,35.7,4.92,47.3,9.42,23.8,0.32,9.42,0.288,2.79,119.0,32.7,0.6,3490.0,371.0,1.575,331.0,19.75,500.0,2370.0,183.5,0.01,2.08,15.85,0.2,15.4,121.5,22.6,0.24,480.0,1.01,0.835,86.3,173.5,34.9,114.5,578.0,206.0,150657.7523,2364.206056,1030.0,131.239806,37.595442,120.0,2.4607,89.0,0.0684,47.896318,29.677757,1.0,2.3956,4.0,0.0684,-27.456304,2.29509,-27.0,96.1975,-39.0,3.8025,23.0,0.0,23.0,100.0,23.0,100.0
40309794.0,71.01907907,28.98092093,0.0,0.0,0.0,0.0,0.0,0.0,0.0,0.0,-111.208781,33.3586209,0.052,7.38,4.52,340.0,0.9,0.162,4.91,0.208,38.5,51.3,86.0,2.52,57.2,7.96,16.4,0.14,2.45,0.063,0.95,16.3,23.8,3.61,1210.0,0.72,1.565,8.21,112.0,1450.0,36.5,28.7,0.005,0.3,17.9,0.1,1.06,376.0,0.52,0.04,3.09,0.996,0.168,0.76,168.0,0.378,22.5,128.5,90.7,945327.5767,5323.174023,7222.0,181.625588,42.010508,255.0,6.4094,91.0,0.0109,97.150886,36.786847,96.0,1.0233,3.0,0.0109,27.952477,15.552815,29.0,73.4,-7.0,0.1595,11.290448,4.495118,7.0,52.3284,16.0,47.6717
40309793.0,61.73955639,32.75111085,0.0,5.509332722,0.0,0.0,0.0,0.0,0.0,0.0,-111.2098032,33.35811103,0.06,5.95,6.9,340.0,1.05,0.323,4.34,0.284,74.7,53.0,193.0,2.98,57.1,13.25,19.0,0.23,4.66,0.111,1.04,34.4,36.1,2.83,2720.0,1.93,1.25,32.0,88.7,1840.0,40.9,36.6,0.005,0.54,27.5,0.8,2.87,329.0,1.91,0.04,4.16,4.44,0.187,1.12,478.0,0.89,29.0,171.0,176.0,2247.400193,219.8041466,,,,,,,,,,,,,,-7.0,0.0,-7.0,100.0,-7.0,100.0,7.0,0.0,7.0,100.0,7.0,100.0
40311913.0,26.20544574,33.367358280000005,0.0,0.0,0.0,0.0,7.059837493,0.0,0.0,0.0,-111.1935386,33.37770151,0.246,6.36,3.7,530.0,3.87,2.51,0.78,0.44,177.5,15.45,48.6,10.15,40.5,13.85,20.1,0.26,0.679,0.091,3.41,53.9,22.2,0.43,2110.0,2.85,1.46,35.5,20.0,1490.0,115.5,239.0,0.005,1.64,13.5,0.4,4.19,95.7,3.23,0.08,64.2,0.688,1.06,10.8,269.0,23.9,58.4,211.0,16.9,185741.2234,2947.799115,1398.0,176.888412,41.726377,255.0,4.0816,122.0,0.0552,66.470798,35.204367,30.0,1.5427,2.0,0.0551,79.611141,14.306757,75.0,90.5895,124.0,9.4105,16.0,0.0,16.0,100.0,16.0,100.0
40312710.0,44.02784065,0.0,0.0,0.0,0.0,0.0,11.94431869,0.0,0.0,0.0,-111.1966167,33.39801426,0.289,5.74,3.76,410.0,4.48,14.8,0.6,0.338,144.5,16.8,55.7,9.9,34.3,20.6,21.9,0.3,1.015,0.097,3.21,48.3,20.1,0.34,1950.0,2.05,1.45,31.3,18.2,1330.0,87.3,247.0,0.005,0.89,13.05,0.3,4.67,79.0,2.51,0.31,87.3,0.582,1.135,12.75,410.0,10.65,58.4,164.0,26.4,36690.43481,1067.935102,338.0,128.565089,35.672204,118.0,6.0,45.0,1.1429,105.621469,28.20903,96.0,3.5519,34.0,0.2732,179.284932,11.283928,175.0,87.3973,209.0,12.6027,7.0,0.0,7.0,100.0,7.0,100.0
40312711.0,100.0,0.0,0.0,0.0,0.0,0.0,0.0,0.0,0.0,0.0,-111.2054191,33.40825791,0.26,7.48,6.9,470.0,5.27,1.71,1.25,0.841,211.0,19.65,52.5,10.35,59.1,11.05,24.8,0.3,1.885,0.105,3.27,76.7,38.0,0.95,2310.0,2.37,1.525,31.5,23.7,1870.0,160.0,246.0,0.01,1.16,22.8,0.1,5.13,123.5,2.54,0.13,109.0,0.846,1.165,15.0,254.0,10.85,82.7,293.0,49.2,,,,,,,,,,,,,,,,,,,,,,,,,,,
40309797.0,27.606261,14.0287388915,0.0,0.0,0.0,0.0,44.336261,0.0,0.0,0.0,-111.2217286,33.65986047,0.075,6.82,3.84,530.0,1.34,0.307,4.29,0.117,100.0,24.9,76.2,2.88,40.9,9.54,20.2,0.23,2.97,0.135,1.42,40.6,21.6,1.73,1330.0,1.51,1.695,19.75,31.8,1500.0,95.9,64.5,0.01,0.75,30.1,0.2,2.7,367.0,1.26,0.06,19.8,0.859,0.267,3.52,216.0,1.76,56.1,111.0,101.0,6034319.45,19483.42277,31009.0,212.714728,37.917081,255.0,12.3813,102.0,0.0034,148.825468,55.886875,255.0,3.5323,5.0,0.0017,111.867755,21.491897,84.0,12.6304,154.0,1.6042,10.993589,3.339205,11.0,53.5937,5.0,18.6266
40312712.0,100.0,0.0,0.0,0.0,0.0,0.0,0.0,0.0,0.0,0.0,-111.4095621,33.72621463,0.016,5.72,4.53,610.0,3.46,3.83,1.15,0.105,123.0,13.75,40.0,5.18,20.2,18.9,20.6,0.3,5.43,0.098,2.55,47.4,20.6,0.34,1090.0,4.51,1.855,50.1,11.3,1450.0,38.0,152.0,0.005,0.89,14.25,0.3,5.09,140.5,4.33,0.13,86.9,0.713,0.674,13.55,314.0,74.2,53.7,81.2,160.0,1161576.138,7736.805261,3989.0,121.635748,51.243733,129.0,0.5779,105.0,0.0088,131.521488,38.586709,130.0,0.5268,10.0,0.0088,50.973036,14.559417,54.0,57.1169,105.0,0.1901,23.0,0.0,23.0,100.0,23.0,100.0
40311915.0,17.685540490999998,0.0,48.38221123,16.24670852,0.0,0.0,0.0,0.0,0.0,0.0,-111.3934772,33.71322788,0.03,6.71,5.36,480.0,4.05,0.969,2.2,0.145,168.0,16.3,27.3,6.57,21.5,10.0,23.3,0.32,7.52,0.173,2.03,70.0,27.7,0.67,1500.0,2.72,2.0,37.0,13.55,2160.0,34.1,121.0,0.005,1.03,25.5,0.3,5.06,191.0,2.52,0.02,40.3,0.984,0.558,11.2,186.5,14.55,70.7,118.5,244.0,943790.5766,5753.439864,1907.0,135.325118,43.3562,114.0,0.4888,16.0,0.0109,142.872063,37.632215,143.0,0.3794,22.0,0.0108,65.310579,18.662918,48.0,37.8628,54.0,18.5752,23.0,0.0,23.0,100.0,23.0,100.0
40309795.0,100.0,0.0,0.0,0.0,0.0,0.0,0.0,0.0,0.0,0.0,-111.217217,33.58048548,0.041,8.04,15.45,410.0,5.21,0.835,1.22,0.104,300.0,11.9,26.2,11.5,22.9,5.69,25.5,0.37,7.86,0.12,2.9,114.5,53.1,0.97,1120.0,1.7,2.33,44.2,14.7,1960.0,49.1,192.5,0.005,0.76,15.95,0.3,6.81,151.0,4.49,0.05,205.0,0.677,0.841,19.95,111.5,5.07,118.0,107.0,202.0,2770557.423,10215.7146,26937.0,149.797973,43.772135,255.0,1.8825,48.0,0.0037,120.184849,54.208165,255.0,1.5352,3.0,0.0148,139.243274,17.603561,134.0,34.5638,129.0,2.0632,23.0,0.0,23.0,100.0,23.0,100.0
40311916.0,0.707370917,99.292629,0.0,0.0,0.0,0.0,0.0,0.0,0.0,0.0,-111.3696293,33.71007666,0.022,4.71,4.22,373.0,2.76,1.06,1.34,0.093,189.5,15.85,58.1,4.24,18.3,23.5,20.6,0.38,10.75,0.115,1.69,73.0,21.6,0.52,1300.0,2.99,1.355,40.4,12.65,2540.0,29.5,89.1,0.005,0.76,20.8,0.5,5.51,107.5,2.96,0.05,54.2,0.927,0.406,13.9,432.0,72.7,71.7,101.5,360.0,,,,,,,,,,,,,,,,,,,,,,,,,,,
40309798.0,0.0,11.237669151999999,0.0,0.0,0.0,0.0,77.52466144,0.0,0.0,0.0,-111.436477,34.12479814,0.193,8.03,12.7,660.0,1.39,0.189,1.6,0.182,66.0,19.8,49.5,2.68,94.7,5.58,16.3,0.15,2.83,0.042,1.63,29.8,19.2,1.4,1080.0,1.01,2.03,12.65,23.5,930.0,53.1,32.4,0.02,2.74,21.9,0.2,1.08,276.0,0.71,0.06,6.17,0.415,0.216,2.33,178.5,0.869,16.95,101.5,106.5,54210.77023,1174.559089,69.0,169.42029,34.924102,135.0,2.2346,123.0,0.1862,130.477612,21.660445,152.0,0.7299,88.0,0.1825,-88.0,0.0,-88.0,100.0,-88.0,100.0,15.0,0.0,15.0,100.0,15.0,100.0
40312713.0,58.52292174,41.47707772,0.0,0.0,0.0,0.0,0.0,0.0,0.0,0.0,-111.2751685,33.71379005,0.013,4.36,2.37,382.0,2.08,0.537,1.07,0.069,164.0,17.55,62.6,3.54,14.25,32.9,19.9,0.39,3.21,0.068,1.38,56.6,13.5,0.39,864.0,2.41,1.49,27.4,16.55,1580.0,26.9,78.9,0.005,0.41,10.65,0.3,3.65,126.5,2.05,0.06,59.8,0.497,0.322,12.85,471.0,105.0,51.9,72.4,99.2,454414.7734,3888.722267,4388.0,168.610301,47.020626,255.0,5.6625,88.0,0.0453,163.121157,49.781696,255.0,5.5693,21.0,0.0225,174.824115,13.900366,169.0,85.0664,208.0,14.9336,18.268944,3.276355,16.0,67.5865,23.0,32.4135
40312714.0,58.10206829,40.11255095,0.0,0.0,0.0,0.0,1.785380469,0.0,0.0,0.0,-111.365374,34.20823747,0.045,7.52,9.07,440.0,1.45,0.153,4.19,0.125,82.4,29.3,69.1,1.26,132.0,9.79,17.65,0.19,2.39,0.062,0.89,37.6,15.8,2.32,1410.0,0.57,1.47,7.7,23.5,1960.0,16.3,22.3,0.005,1.24,30.1,0.1,1.08,630.0,0.38,0.02,8.48,0.471,0.132,2.02,310.0,1.03,19.8,105.5,88.7,375375.2575,4726.028345,104.0,228.875,28.338506,255.0,0.9506,162.0,0.0272,131.444444,39.11553,137.0,0.1358,15.0,0.0272,-149.278075,89.51484,-82.0,63.5829,-83.0,0.1337,31.831197,1.622929,31.0,79.2201,35.0,20.7799
40311917.0,100.0000003,0.0,0.0,0.0,0.0,0.0,0.0,0.0,0.0,0.0,-111.3686227,34.19701549,0.038,3.68,21.3,175.0,0.46,0.17,3.19,0.064,49.4,30.0,269.0,0.8,57.8,32.6,15.2,0.31,2.76,0.044,0.35,21.1,6.2,1.69,1075.0,0.95,0.755,4.01,28.1,2120.0,10.8,8.2,0.005,1.88,22.7,0.1,0.57,401.0,0.19,0.02,4.51,0.622,0.057,1.21,1440.0,0.727,13.15,93.7,130.5,16323.67939,686.8639855,1.0,255.0,0.0,255.0,0.5988,255.0,0.5988,125.0,0.0,125.0,0.5988,125.0,0.5988,89.0,0.0,89.0,100.0,89.0,100.0,31.851852,0.988965,31.0,57.4074,33.0,42.5926
40311918.0,100.0,0.0,0.0,0.0,0.0,0.0,0.0,0.0,0.0,0.0,-112.6016723,34.33122816,0.35,7.12,19.3,410.0,0.65,0.851,3.13,0.473,39.6,34.3,110.5,1.62,101.0,8.84,16.4,0.13,1.37,0.121,1.0,16.25,9.9,1.78,1265.0,1.06,1.93,4.64,25.7,580.0,74.9,31.7,0.005,2.31,32.8,0.3,1.06,300.0,0.29,0.11,3.06,0.498,0.281,1.25,245.0,3.04,18.5,156.0,50.6,8153.125323,497.2809544,49.0,226.612245,27.324816,255.0,15.2941,180.0,1.1765,130.652174,27.638361,113.0,2.5316,46.0,1.2658,-92.0,0.0,-92.0,100.0,-92.0,100.0,6.0,0.0,6.0,100.0,6.0,100.0
40311919.0,0.0,0.0,100.0,0.0,0.0,0.0,0.0,0.0,0.0,0.0,-112.6107176,34.30465262,0.406,7.07,17.7,570.0,1.01,2.74,2.22,0.428,60.8,25.4,82.6,1.77,134.0,6.1,17.15,0.17,1.55,0.102,1.33,28.4,16.3,1.34,1180.0,3.29,1.93,7.07,32.7,1120.0,48.4,38.9,0.03,1.82,23.2,0.9,1.35,348.0,0.45,0.19,10.05,0.443,0.322,1.98,166.5,1.67,16.85,161.5,53.7,131229.4147,2606.250738,447.0,178.163311,44.687357,255.0,2.6772,147.0,0.0787,148.946903,41.551033,134.0,0.8574,58.0,0.0779,-129.414318,3.617531,-129.0,98.7053,-161.0,1.2947,17.0,0.0,17.0,100.0,17.0,100.0
40309799.0,28.21200389,0.0,71.78799623,0.0,0.0,0.0,0.0,0.0,0.0,0.0,-112.461088,33.965838,0.252,6.97,18.25,1800.0,2.54,2.13,1.03,0.092,86.6,18.2,113.0,3.26,176.5,5.7,16.95,0.16,0.777,0.057,2.33,40.8,31.8,1.0,665.0,2.1,1.39,9.93,74.2,1540.0,22.6,86.6,0.29,0.73,11.65,1.3,1.03,353.0,0.74,0.84,6.43,0.404,0.595,2.48,118.0,4.36,13.2,65.4,26.9,16374.39112,677.4255304,123.0,140.495935,37.119095,144.0,6.9767,60.0,0.5814,138.142857,42.143071,162.0,3.6585,40.0,0.6098,-148.0,0.0,-148.0,100.0,-148.0,100.0,23.0,0.0,23.0,100.0,23.0,100.0
40311920.0,28.774172932499997,13.011545924499998,0.0,5.186720616000001,0.0,0.0,0.0,6.055121256,0.0,0.0,-112.5340227,34.40292339,0.888,6.79,29.3,640.0,1.5,0.889,2.75,2.62,84.1,25.6,221.0,2.53,191.0,9.09,18.7,0.19,1.655,0.095,1.78,37.5,14.1,1.55,972.0,3.59,2.13,12.2,64.2,1640.0,139.5,50.7,0.05,3.33,18.35,0.3,1.97,537.0,0.83,0.13,8.87,0.488,0.263,2.96,195.5,21.1,19.3,402.0,42.6,23055288.61,44824.83265,3964.0,237.486882,27.743338,255.0,0.9068,10.0,0.0004,125.69494,37.295909,107.0,0.0321,2.0,0.0004,-81.366433,64.363423,-134.0,4.9156,-63.0,0.0052,9.7229,4.400787,12.0,36.7079,19.0,2.0573
40311875.0,0.0,85.09201586,14.90798416,0.0,0.0,0.0,0.0,0.0,0.0,0.0,-112.4301531,33.96446097,0.057,7.57,8.33,1640.0,1.19,0.251,0.39,0.085,80.9,4.71,21.2,3.45,19.6,2.93,17.65,0.12,1.75,0.041,2.24,42.2,22.4,0.5,165.5,3.25,1.475,12.7,13.85,1040.0,26.1,67.9,0.67,1.81,5.72,1.5,1.22,403.0,0.78,1.26,7.15,0.311,0.519,1.59,64.7,0.985,9.49,30.7,66.7,243384.3923,2709.629901,2333.0,89.546935,34.43702,94.0,3.3333,11.0,0.0833,91.030069,38.89106,105.0,1.5462,2.0,0.0418,-161.670912,4.081413,-163.0,89.7288,-146.0,4.3139,23.0,0.0,23.0,100.0,23.0,100.0
40311851.0,100.0,0.0,0.0,0.0,0.0,0.0,0.0,0.0,0.0,0.0,-112.4239096,33.95666131,0.047,7.53,9.99,1510.0,1.34,0.229,0.26,0.073,51.4,4.99,15.3,4.02,18.0,2.24,17.45,0.1,1.845,0.031,2.5,24.5,22.1,0.62,199.0,2.2,1.45,11.35,15.3,770.0,20.9,77.2,0.5,0.58,4.56,1.3,1.05,322.0,0.74,1.17,5.2,0.263,0.454,1.43,53.9,0.851,6.97,55.5,68.6,382578.9516,4592.480714,3603.0,100.788232,40.066325,81.0,2.8105,46.0,0.0535,99.269881,39.681396,86.0,1.3622,1.0,0.0267,-161.550615,3.620644,-163.0,85.9273,-146.0,0.6016,22.6976,1.423149,23.0,95.68,16.0,4.32
40311853.0,3.501700183,96.4983013,0.0,0.0,0.0,0.0,0.0,0.0,0.0,0.0,-112.4478495,33.96769709,0.256,7.23,15.25,1640.0,2.48,0.504,0.72,0.212,78.9,15.15,86.5,4.04,75.5,4.08,17.25,0.16,1.865,0.045,3.14,39.4,56.7,1.14,922.0,2.76,1.435,13.85,80.3,980.0,52.3,103.0,0.11,0.67,8.11,0.4,1.24,255.0,0.91,0.16,6.95,0.367,0.657,2.26,85.3,4.85,12.1,96.9,73.0,1897739.033,7341.358971,15968.0,143.419652,34.852363,144.0,1.8195,234.0,0.0054,114.674283,39.771004,115.0,1.0228,5.0,0.0054,-136.463979,7.241426,-133.0,43.9089,-148.0,11.8087,23.0,0.0,23.0,100.0,23.0,100.0
40311852.0,85.12086708,14.87913293,0.0,0.0,0.0,0.0,0.0,0.0,0.0,0.0,-112.4301932,33.97359485,0.082,7.2,13.9,1590.0,1.63,0.15,1.32,0.089,69.4,12.25,35.3,5.28,20.7,2.71,16.45,0.13,2.6,0.034,3.58,32.6,62.2,0.74,522.0,1.72,1.045,10.55,28.6,670.0,24.8,125.5,0.06,0.66,5.95,0.4,0.98,488.0,0.64,0.04,6.39,0.316,1.075,1.77,70.3,2.44,13.45,54.9,101.0,540273.4807,3974.408527,4547.0,130.758962,35.212334,110.0,1.8582,173.0,0.0379,113.290756,31.541759,103.0,1.5689,4.0,0.0187,-126.875,5.954827,-125.0,90.7544,-131.0,0.4438,23.0,0.0,23.0,100.0,23.0,100.0
40304139.0,26.50553474,71.94232369,0.133331015,1.41881056,0.0,0.0,0.0,0.0,0.0,0.0,-110.4434363,32.27925947,0.108,6.54,144.0,730.0,2.25,0.74,5.4,0.222,69.0,11.2,48.8,100.0,30.3,4.08,17.55,0.21,2.58,0.049,2.57,33.6,114.0,1.21,780.0,2.99,0.741,12.9,20.7,680.0,28.1,183.5,0.37,2.99,10.05,0.8,2.19,2220.0,1.07,0.07,12.45,0.362,0.814,4.29,80.0,3.49,26.1,73.9,93.8,72024.09844,1735.29615,319.0,89.69906,35.627871,79.0,3.0942,71.0,0.1406,60.254777,34.021519,43.0,1.5692,4.0,0.1427,31.261299,8.32689,25.0,47.0339,50.0,6.0734,16.0,0.0,16.0,100.0,16.0,100.0
40303943.0,100.0,0.0,0.0,0.0,0.0,0.0,0.0,0.0,0.0,0.0,-110.5399982,32.348395,0.378,5.34,9.2,510.0,2.51,1.55,5.02,0.302,128.0,10.8,46.8,4.44,76.3,5.13,15.5,0.23,0.937,0.084,1.72,60.3,22.8,1.0,1420.0,9.43,0.547,14.9,17.1,500.0,25.0,94.8,0.005,0.9,8.96,0.9,2.23,191.5,1.52,0.18,17.35,0.458,0.458,3.24,86.3,13.15,36.5,67.5,29.3,,,,,,,,,,,,,,,,,,,,,,,,,,,
40303944.0,39.11646247,19.181928813333332,0.0,0.3873739576,0.0,0.0,1.617976368,0.945026826,0.0,0.0,-110.5416197,32.35310701,0.216,5.65,3.5,490.0,2.22,1.465,8.88,0.289,55.1,7.25,41.8,3.08,35.8,2.65,14.85,0.14,1.41,0.054,1.32,26.7,21.9,1.24,682.0,2.08,0.565,8.98,19.0,370.0,11.45,66.8,0.005,0.56,9.48,0.5,1.61,274.0,0.61,0.1,7.47,0.32,0.343,1.95,57.4,1.9,24.3,61.2,39.6,,,,,,,,,,,,,,,,,,,,,,,,,,,
40303945.0,30.51345978,23.162180063333334,0.0,0.0,0.0,0.0,0.0,0.0,0.0,0.0,-110.0298256,32.26750167,1.71,7.28,40.5,415.0,5.35,0.846,2.71,0.405,232.0,17.65,53.0,27.7,23.3,6.57,25.4,0.41,4.24,0.096,3.19,101.5,59.7,0.85,1290.0,11.35,0.722,38.4,20.9,2560.0,68.8,301.0,0.005,5.11,18.75,0.2,7.39,82.3,3.58,0.04,100.5,1.195,1.815,8.9,156.5,20.4,127.0,133.5,128.0,,,,,,,,,,,,,,,,,,,,,,,,,,,
40304140.0,100.0,0.0,0.0,0.0,0.0,0.0,0.0,0.0,0.0,0.0,-110.8013492,32.91719723,0.077,6.16,5.13,490.0,2.92,1.32,1.96,0.252,149.5,22.1,65.5,12.7,45.7,10.25,20.1,0.38,2.73,0.094,2.23,65.0,39.4,0.92,1640.0,1.36,1.545,27.2,22.6,2030.0,28.5,129.0,0.005,1.05,19.2,0.9,3.2,163.5,2.42,0.1,26.6,1.47,0.509,3.93,245.0,8.35,63.2,120.0,94.8,60980.196,1529.114103,556.0,137.875899,37.649329,129.0,3.6021,113.0,0.3431,71.946714,46.74572,32.0,2.521,3.0,0.1681,-94.692562,4.920998,-93.0,89.4215,-109.0,10.5785,6.211221,0.977438,7.0,60.5611,5.0,39.4389
40303946.0,21.048312489666667,0.0,12.6926752,24.16238744,0.0,0.0,0.0,0.0,0.0,0.0,-110.38308,32.78983145,0.057,7.51,7.21,950.0,2.35,0.316,3.22,0.17,80.6,30.7,186.0,4.72,73.2,7.24,20.4,0.21,5.68,0.065,2.07,39.0,37.7,2.18,1080.0,1.72,2.07,15.9,95.1,1620.0,22.0,95.0,0.04,0.63,20.1,0.4,2.03,487.0,0.97,0.25,8.62,0.928,0.338,1.8,229.0,1.23,27.1,119.5,234.0,7423674.835,16984.88723,9978.0,152.47284,50.465519,255.0,0.3928,38.0,0.0014,61.546389,31.013112,1.0,0.2466,150.0,0.0014,-107.63088,20.953721,-85.0,15.2706,-130.0,0.0068,8.062076,2.600034,7.0,78.9186,16.0,9.1493
40303947.0,33.333333383,0.0,0.0,0.0,0.0,0.0,0.0,0.0,0.0,0.0,-110.393607,32.79013693,0.14,7.64,5.92,1350.0,2.7,0.163,2.1,0.183,103.5,21.4,74.3,8.23,49.3,5.71,20.6,0.25,6.95,0.058,2.73,50.8,51.5,1.25,851.0,2.09,1.465,18.65,39.3,1870.0,25.8,135.5,0.07,0.72,13.55,0.2,2.13,387.0,1.12,0.02,11.2,0.813,0.457,2.06,154.5,1.665,31.5,105.5,286.0,1792847.606,8127.468881,4834.0,101.97952,43.667778,75.0,0.6218,164.0,0.0058,71.080202,30.519635,65.0,0.4721,141.0,0.0058,-118.839616,6.932593,-122.0,38.6439,-131.0,2.5785,11.590357,5.547059,16.0,60.6775,9.0,0.8065
40304143.0,100.0,0.0,0.0,0.0,0.0,0.0,0.0,0.0,0.0,0.0,-110.842091,33.04606954,1.595,4.5,28.4,309.0,0.95,1.89,14.9,7.71,57.7,27.1,139.5,8.75,347.0,11.05,15.05,0.16,1.42,0.26,0.79,27.1,20.0,1.36,1895.0,25.7,0.718,7.4,32.6,480.0,2530.0,32.0,0.66,2.43,13.85,2.4,2.23,404.0,0.49,1.47,5.64,0.798,0.341,2.29,328.0,3.17,18.4,1830.0,46.1,3054775.862,11834.18947,28708.0,211.074997,31.247911,255.0,12.9585,119.0,0.0169,58.854275,38.948246,38.0,1.7394,208.0,0.0034,49.492464,23.790655,71.0,28.6382,-2.0,0.4114,27.570842,5.982519,33.0,54.7974,9.0,0.0404
40304144.0,100.0,0.0,0.0,0.0,0.0,0.0,0.0,0.0,0.0,0.0,-110.8335212,33.0643257,0.203,4.8,10.0,387.0,1.27,0.655,10.45,0.56,49.1,16.15,71.0,7.11,134.0,5.05,13.15,0.11,2.17,0.065,1.89,21.8,25.6,2.11,978.0,2.26,0.587,10.75,26.2,760.0,28.0,67.4,0.005,1.04,12.1,0.6,1.94,263.0,0.71,0.08,7.5,0.872,0.357,1.63,177.5,1.02,19.4,111.0,79.1,3370431.847,10644.36475,27026.0,177.529638,44.973736,255.0,4.7568,37.0,0.0183,54.824887,32.840737,43.0,1.3178,186.0,0.0031,68.420316,10.377828,65.0,33.3144,23.0,1.0561,17.736336,14.119596,2.0,42.3053,21.0,17.9084
40304142.0,25.03851093,74.9614895,0.0,0.0,0.0,0.0,0.0,0.0,0.0,0.0,-110.8458943,33.01803287,0.403,5.22,15.5,428.0,1.39,2.5,8.0,1.995,101.0,23.0,140.5,7.07,769.0,10.25,18.0,0.21,2.35,0.221,1.39,46.6,26.5,1.24,1485.0,6.11,0.851,17.35,35.7,490.0,82.1,58.6,0.02,2.08,17.15,1.1,4.39,272.0,1.22,0.4,9.29,1.405,0.392,2.17,335.0,2.9,27.8,223.0,82.0,904518.0593,6809.150921,8672.0,183.059387,28.433373,177.0,2.2476,103.0,0.0685,46.992871,27.442606,47.0,2.1163,128.0,0.0114,-93.398489,32.917777,-96.0,36.2596,-23.0,5.9229,9.0,0.0,9.0,100.0,9.0,100.0
40304072.0,4.287203688,0.0,83.03059074,5.714778961,6.967425687,0.0,0.0,0.0,0.0,0.0,-110.7408712,32.59982121,0.064,8.35,3.14,500.0,3.98,0.828,2.17,0.308,313.0,14.05,26.3,17.15,72.8,4.81,26.9,0.58,0.693,0.137,2.38,137.5,80.5,0.78,1190.0,2.17,1.99,21.9,13.65,3120.0,35.8,168.0,0.005,1.3,20.5,0.4,4.72,180.0,1.76,0.06,54.4,0.665,0.744,3.28,84.5,4.83,89.1,125.0,22.1,,,,,,,,,,,,,,,,,,,,,,,,,,,
40303949.0,100.0,0.0,0.0,0.0,0.0,0.0,0.0,0.0,0.0,0.0,-111.238082,33.15034167,0.111,7.51,2.9,740.0,1.68,1.78,4.73,0.142,134.0,13.45,20.7,6.35,107.5,6.18,22.5,0.27,1.08,0.062,2.28,65.3,30.5,1.15,1130.0,1.44,1.875,16.5,8.54,1250.0,28.2,96.5,0.01,0.36,13.85,0.3,2.41,375.0,1.33,0.31,20.3,0.475,0.434,3.47,135.0,2.56,38.2,112.0,20.2,1835744.281,10568.19348,17675.0,115.005092,35.194812,117.0,1.8254,19.0,0.0112,71.504479,34.942941,65.0,1.3311,184.0,0.0056,-71.631821,6.493175,-75.0,40.3937,-81.0,16.8289,16.0,0.0,16.0,100.0,16.0,100.0
40303948.0,0.148067299,99.08092077,0.771012036,0.0,0.0,0.0,0.0,0.0,0.0,0.0,-111.244201,33.14610492,0.221,6.56,7.7,770.0,1.7,5.88,3.24,0.21,180.0,14.1,42.3,5.93,217.0,11.45,21.2,0.36,1.49,0.073,2.14,88.7,25.8,0.92,1200.0,4.29,1.375,17.25,11.6,1350.0,42.5,102.0,0.01,0.66,12.8,0.7,2.7,316.0,1.3,0.51,43.6,0.497,0.45,6.65,247.0,3.84,40.2,111.0,36.4,384458.8874,4893.957608,3747.0,129.475847,28.841618,139.0,3.0117,77.0,0.0533,47.644254,24.658903,41.0,2.4077,113.0,0.0268,-60.972832,1.762341,-62.0,54.4932,-44.0,0.7315,16.0,0.0,16.0,100.0,16.0,100.0
40304074.0,98.49555043,0.0,0.0,0.0,0.0,0.0,0.0,1.504449592,0.0,0.0,-110.7075367,32.65129976,0.176,5.25,10.3,428.0,2.58,1.715,1.46,0.446,184.0,24.1,113.0,29.5,519.0,15.9,20.9,0.47,2.13,0.125,2.05,82.3,57.6,0.62,1970.0,3.59,1.075,36.5,30.2,1430.0,57.8,141.0,0.06,2.38,15.3,1.3,3.76,193.0,3.57,0.14,31.5,1.29,0.967,3.61,370.0,5.38,58.0,148.5,69.9,382065.7109,4664.594759,3315.0,107.533937,31.281406,137.0,2.2271,117.0,0.0272,88.220721,35.619278,74.0,1.4504,3.0,0.0269,-53.53832,4.15811,-55.0,70.345,-36.0,5.1093,23.0,0.0,23.0,100.0,23.0,100.0
40304145.0,98.65624558,0.481392007,0.0,0.0,0.0,0.0,0.862362456,0.0,0.0,0.0,-110.8435432,33.04595437,0.146,4.37,18.4,328.0,0.89,0.54,12.3,0.625,39.3,21.0,114.5,12.9,114.0,7.74,12.65,0.11,1.67,0.064,1.31,17.25,27.9,1.78,1030.0,1.28,0.685,8.21,31.2,590.0,30.4,50.2,0.01,1.0,13.2,0.5,1.54,354.0,0.51,0.13,3.77,1.11,0.384,1.76,296.0,0.863,17.3,146.0,60.2,33828.66946,921.5081153,326.0,247.138037,14.996399,255.0,55.2553,239.0,0.6006,49.694969,17.302835,48.0,4.9231,7.0,0.3077,14.988166,8.742191,17.0,94.9704,-23.0,5.0296,33.0,0.0,33.0,100.0,33.0,100.0
40303912.0,2.661111517,47.1048769855,3.129134569,0.0,0.0,0.0,0.0,0.0,0.0,0.0,-110.8780867,33.0784554,0.207,3.87,11.65,510.0,1.19,0.605,11.55,0.757,44.6,19.25,94.3,11.4,97.0,4.93,11.35,0.14,2.18,0.056,1.44,19.5,24.4,1.94,1000.0,1.48,0.486,11.65,41.7,810.0,67.6,65.0,0.01,2.48,12.25,0.9,1.56,195.0,0.78,0.08,5.86,0.916,0.366,1.46,192.5,1.985,20.8,145.5,76.7,6681601.204,20689.01789,58655.0,197.36043,49.990458,255.0,13.9423,1.0,0.0031,93.267476,37.703345,77.0,1.2608,2.0,0.0015,59.534577,18.840648,52.0,16.9135,28.0,0.0015,25.042125,5.671572,21.0,66.3156,33.0,33.6844
40303911.0,21.47391394,0.0,0.0,0.0,0.0,0.0,78.52608641,0.0,0.0,0.0,-110.8668706,33.0997452,0.271,4.19,10.3,334.0,1.46,0.667,3.89,0.643,53.5,17.8,88.2,7.76,67.2,4.73,12.1,0.15,2.56,0.045,1.85,24.7,18.3,1.18,1030.0,1.86,0.354,13.05,32.2,730.0,453.0,74.5,0.03,1.64,10.8,0.8,1.88,110.0,0.86,0.06,7.07,0.831,0.365,2.0,204.0,1.755,21.3,268.0,93.9,5785159.466,14399.19217,37718.0,157.219047,43.553325,255.0,1.3881,42.0,0.0107,81.21495,29.447762,83.0,0.9622,182.0,0.0018,72.765663,19.152089,88.0,24.5602,39.0,0.2277,19.264599,0.677632,19.0,86.7701,21.0,13.2299
40303910.0,11.84937293,40.13663474,0.0,0.0,0.0,0.0,7.877357516,0.0,0.0,0.0,-110.8708467,33.09539444,0.315,4.6,13.6,384.0,1.5,0.74,7.65,0.867,49.1,15.3,69.7,17.05,103.5,3.51,12.3,0.14,2.59,0.056,1.81,22.6,27.2,1.57,819.0,5.64,0.455,11.55,32.1,750.0,130.0,81.5,0.02,1.74,10.9,0.4,1.77,177.0,0.78,0.08,7.09,0.533,0.433,1.92,115.0,1.54,20.6,177.5,92.6,3689154.551,15928.1565,29519.0,162.522308,46.04567,255.0,3.1079,1.0,0.0112,94.54176,38.501589,92.0,1.0111,214.0,0.0028,56.375324,22.519333,39.0,29.9092,49.0,1.1529,21.109493,2.073018,21.0,86.6064,33.0,2.6955
40303913.0,100.0,0.0,0.0,0.0,0.0,0.0,0.0,0.0,0.0,0.0,-110.9054563,33.11152097,0.095,6.23,9.02,277.0,0.92,0.299,5.06,0.449,35.7,49.7,124.0,7.37,83.7,9.56,16.5,0.17,4.3,0.064,1.16,15.0,25.0,3.47,2180.0,1.36,0.895,15.1,160.5,520.0,173.5,44.6,0.005,0.79,22.9,1.0,2.1,160.5,0.88,0.06,3.83,2.16,0.222,0.93,442.0,0.833,21.1,185.5,153.0,347046.03,3150.318057,2462.0,212.693339,34.904032,255.0,11.2407,143.0,0.0299,67.519528,30.266753,62.0,1.5152,6.0,0.0297,70.059148,8.792804,64.0,67.5848,75.0,1.2467,19.0,0.0,19.0,100.0,19.0,100.0
40303915.0,98.94954867,0.5252256685000001,0.0,0.0,0.0,0.0,0.0,0.0,0.0,0.0,-110.9179508,33.09658283,0.173,5.08,8.37,394.0,2.14,2.06,6.99,0.895,110.5,15.5,61.3,11.2,197.5,8.25,16.55,0.25,2.46,0.133,1.69,54.2,42.0,0.96,1360.0,3.11,1.0,24.3,21.6,590.0,49.8,97.4,0.01,0.94,11.95,0.6,3.18,316.0,1.95,0.25,18.5,0.944,0.595,2.77,205.0,3.26,31.2,155.0,78.0,,,,,,,,,,,,,,,,,,,,,,,,,,,
40303914.0,80.27311348,7.3092727235,0.0,0.0,0.0,0.0,5.108341021,0.0,0.0,0.0,-110.9025705,33.11576234,0.103,6.63,9.69,321.0,0.97,0.279,5.57,0.423,40.8,45.9,111.0,7.54,77.0,7.86,16.15,0.17,3.35,0.069,1.31,18.55,25.5,3.53,1810.0,0.95,0.953,12.0,144.5,530.0,115.5,47.7,0.005,1.15,20.6,0.9,1.77,168.0,0.75,0.05,3.65,1.52,0.271,0.98,308.0,0.849,21.5,188.0,122.0,2444064.552,9336.776539,15044.0,196.599508,42.423124,255.0,7.9997,60.0,0.0042,64.384866,30.180551,66.0,1.1967,169.0,0.0042,100.594704,8.839941,106.0,33.8227,90.0,0.074,19.0,0.0,19.0,100.0,19.0,100.0
40304147.0,94.39713641,5.60286385,0.0,0.0,0.0,0.0,0.0,0.0,0.0,0.0,-111.148041,33.219181,0.331,6.27,6.26,417.0,1.66,0.467,2.85,0.404,173.5,32.4,139.0,6.4,51.8,9.99,20.3,0.29,2.61,0.078,1.49,76.2,43.2,1.92,2080.0,1.25,1.33,15.7,53.2,2240.0,51.4,66.0,0.01,0.85,25.6,0.1,2.42,213.0,0.99,0.04,23.2,1.85,0.337,2.38,330.0,1.575,39.3,199.5,101.5,4161667.3,13698.01847,23088.0,178.001343,53.217743,255.0,7.2892,16.0,0.0025,74.359676,32.769035,75.0,0.755,177.0,0.0025,-83.488859,13.236125,-75.0,21.6546,-47.0,0.1231,10.095455,4.27519,7.0,65.6061,16.0,34.3939
40303916.0,100.0,0.0,0.0,0.0,0.0,0.0,0.0,0.0,0.0,0.0,-111.0530668,33.23691705,0.079,4.94,8.73,449.0,1.25,0.539,11.3,0.368,88.1,8.2,51.0,3.26,24.8,2.84,13.15,0.14,2.09,0.049,0.78,41.7,23.1,0.85,421.0,2.19,0.46,10.25,20.1,360.0,19.55,36.1,0.03,0.85,8.25,0.1,1.94,197.0,0.66,0.11,8.2,0.325,0.238,2.12,68.4,1.155,24.3,63.0,75.0,205532.8346,2734.647148,1738.0,245.594937,22.639604,255.0,65.4691,167.0,0.0499,66.564236,33.29794,79.0,1.9442,126.0,0.0499,-112.787286,17.71097,-98.0,58.9242,-134.0,41.0758,9.169661,0.905273,9.0,96.6068,14.0,3.3932
40311922.0,18.3895039215,29.427983252,0.0,0.0,0.0,0.0,4.365025726,0.0,0.0,0.0,-112.48064,34.06633,0.124,6.47,10.35,1530.0,2.48,14.95,2.02,0.103,127.5,14.2,59.9,4.05,214.0,13.35,19.05,0.19,0.796,0.07,2.6,51.5,18.7,0.64,974.0,2.54,1.815,24.7,19.8,1930.0,36.5,97.7,0.02,1.64,9.61,0.5,9.59,215.0,1.64,0.06,16.45,0.418,0.453,6.73,189.0,13.0,38.5,81.2,21.0,5204.028793,338.6007899,10.0,142.3,15.862219,146.0,7.2464,151.0,1.4493,91.1,27.446129,101.0,3.1746,15.0,1.5873,-98.785714,1.988487,-97.0,55.3571,-101.0,44.6429,23.0,0.0,23.0,100.0,23.0,100.0
40311924.0,0.0,100.0,0.0,0.0,0.0,0.0,0.0,0.0,0.0,0.0,-112.5607,34.100255,0.437,7.26,19.65,3110.0,2.85,0.608,3.61,0.449,94.1,23.8,137.0,9.65,57.8,7.23,17.25,0.14,2.55,0.065,2.72,40.4,50.2,1.56,1940.0,2.19,1.51,22.4,68.5,1630.0,325.0,118.5,0.05,3.81,15.8,0.3,2.71,358.0,1.69,0.05,9.34,0.668,0.853,3.63,208.0,2.94,25.4,314.0,103.5,1109514.934,6818.416489,7957.0,151.676511,34.451915,146.0,1.5758,246.0,0.0092,96.843864,29.191429,85.0,1.1936,6.0,0.0092,-54.805456,6.33686,-56.0,45.7148,-65.0,0.5402,7.472817,2.007934,7.0,94.7465,16.0,5.2535
40311800.0,31.41788140766667,0.0,5.746355861,0.0,0.0,0.0,0.0,0.0,0.0,0.0,-110.8050258,33.5440996,0.079,7.43,11.65,470.0,1.89,0.415,3.17,0.23,110.0,41.7,132.0,13.2,50.7,9.0,20.2,0.18,4.94,0.085,2.16,45.7,54.1,2.56,1595.0,0.96,1.445,20.0,85.4,2350.0,24.7,106.5,0.01,0.45,21.8,0.1,2.75,236.0,1.5,0.06,30.0,1.87,0.479,3.53,228.0,1.795,56.2,148.5,170.0,5283429.418,18726.35481,28387.0,166.795258,49.103444,255.0,3.5334,40.0,0.0019,134.618889,83.468691,255.0,9.8914,4.0,0.0446,404.536019,25.989652,422.0,19.7105,395.0,0.3657,2.720018,1.590501,2.0,82.1126,6.0,2.891
40312251.0,100.0,0.0,0.0,0.0,0.0,0.0,0.0,0.0,0.0,0.0,-110.9233912,33.31136399,0.065,6.36,5.36,550.0,2.06,0.505,0.33,0.292,104.5,14.4,72.3,6.81,42.4,4.33,17.9,0.14,0.962,0.079,2.4,45.8,25.6,0.5,580.0,0.57,0.515,9.48,27.4,340.0,29.7,119.0,0.02,0.64,13.7,0.1,2.96,77.2,0.69,0.07,14.65,0.33,0.585,2.21,76.3,1.73,13.0,197.5,32.2,193369.2944,2726.735838,198.0,138.939394,43.061694,82.0,0.5832,159.0,0.053,67.863415,20.208447,74.0,0.5826,19.0,0.053,-124.0,0.0,-124.0,100.0,-124.0,100.0,8.721364,3.539658,7.0,80.8737,16.0,19.1263
40312316.0,0.0,100.0000001,0.0,0.0,0.0,0.0,0.0,0.0,0.0,0.0,-113.5595709,33.63509672,0.125,5.14,14.9,630.0,1.6,0.332,3.12,0.241,103.5,12.1,66.1,3.41,22.2,5.05,13.55,0.15,2.21,0.052,1.9,52.1,22.6,1.06,608.0,1.33,1.05,15.25,22.6,510.0,26.7,79.4,0.005,2.18,12.35,0.6,1.86,281.0,0.96,0.06,15.05,0.518,0.489,3.1,131.0,1.875,23.5,75.0,76.1,3265994.207,15223.98888,31728.0,132.617782,64.305191,255.0,4.9895,236.0,0.0282,66.76203,42.78871,61.0,1.625,248.0,0.0031,-79.327033,2.135891,-78.0,42.2123,-76.0,0.5509,23.0,0.0,23.0,100.0,23.0,100.0
40312721.0,32.9998595635,0.0,0.590400269,29.92946561,3.480415276,0.0,0.0,0.0,0.0,0.0,-112.2676489,34.0547059,1.565,7.98,88.6,580.0,2.84,0.312,2.19,0.18,155.5,12.25,49.7,4.6,35.3,4.59,16.85,0.2,0.73,0.029,2.14,67.5,30.4,0.51,1805.0,1.74,2.38,7.02,18.85,3340.0,55.4,91.4,0.005,4.39,9.27,0.2,2.23,342.0,0.47,0.06,25.2,0.225,0.406,2.81,73.7,6.17,28.0,76.8,26.9,1788691.006,8413.235102,13971.0,189.415647,35.288661,255.0,4.0844,68.0,0.0057,104.553333,24.966828,96.0,1.5482,3.0,0.0057,-137.946536,27.605558,-146.0,42.1061,-91.0,0.0056,16.0,0.0,16.0,100.0,16.0,100.0
40311932.0,100.0,0.0,0.0,0.0,0.0,0.0,0.0,0.0,0.0,0.0,-112.2108378,34.22802895,0.433,5.92,26.0,480.0,1.09,0.408,2.48,0.398,95.3,23.6,141.5,2.67,52.2,12.8,17.9,0.16,1.165,0.058,1.34,47.1,20.6,1.14,1675.0,1.21,1.57,7.75,42.8,790.0,49.7,41.3,0.01,3.45,16.1,0.3,1.03,264.0,0.52,0.07,13.75,0.521,0.194,2.05,285.0,42.5,18.8,132.0,38.1,404338.1133,4007.104198,2943.0,222.845736,32.627908,255.0,23.1308,93.0,0.025,165.297668,32.175763,159.0,1.2614,33.0,0.0252,7.92167,18.69567,-1.0,74.0549,-8.0,0.0494,2.381625,0.999619,2.0,87.2792,5.0,12.7208
40312724.0,5.000145582,47.4999270065,0.0,0.0,0.0,0.0,0.0,0.0,0.0,0.0,-112.1357546,34.38197014,0.059,6.33,19.15,480.0,1.04,0.193,2.86,0.178,55.6,16.55,46.8,1.72,49.8,5.15,14.05,0.14,1.825,0.065,1.12,25.3,17.8,0.99,958.0,0.57,1.47,7.13,20.7,580.0,14.05,34.3,0.005,2.36,21.6,0.3,1.34,302.0,0.39,0.07,4.02,0.355,0.187,1.26,128.5,0.803,16.65,88.4,65.8,19266398.53,31380.99574,153322.0,175.564687,42.990393,255.0,4.233,27.0,0.0011,149.147309,36.454051,151.0,0.959,1.0,0.0005,-291.069462,56.268204,-278.0,6.3245,-241.0,0.0052,28.204594,6.870399,31.0,31.8951,11.0,1.4196
40312723.0,0.0,22.46453957,0.0,0.0,0.0,0.0,77.53546037,0.0,0.0,0.0,-112.1903051,34.39253009,0.062,7.34,20.7,430.0,0.89,0.105,0.83,0.219,30.9,16.4,22.3,1.52,74.0,5.63,15.25,0.12,1.85,0.072,1.23,12.9,20.5,1.22,1040.0,0.7,1.54,2.81,11.45,430.0,15.0,27.0,0.005,3.22,25.3,0.3,0.68,79.6,0.16,0.05,2.41,0.188,0.142,1.07,126.5,0.553,9.25,134.5,60.3,1031352.358,7339.444399,4467.0,181.571077,50.410494,255.0,6.312,116.0,0.0098,141.267447,38.562323,131.0,0.6698,4.0,0.0098,-337.009111,10.389885,-328.0,52.0112,-332.0,0.0291,31.0,0.0,31.0,100.0,31.0,100.0
40312722.0,100.0,0.0,0.0,0.0,0.0,0.0,0.0,0.0,0.0,0.0,-112.2084854,34.39631016,0.07,6.0,30.6,490.0,1.33,0.232,0.81,0.223,56.1,28.1,62.1,3.95,63.9,7.18,15.35,0.14,2.24,0.073,1.46,24.1,32.5,1.05,3630.0,1.12,0.947,10.55,37.2,510.0,17.65,61.3,0.005,2.26,19.8,0.3,1.47,128.5,0.72,0.02,6.05,0.771,0.313,1.67,165.0,1.39,19.55,93.3,88.0,48130.18387,1192.351336,419.0,164.603819,31.59364,148.0,4.9485,167.0,0.2062,144.09799,41.74375,157.0,2.3758,14.0,0.216,-81.0,0.0,-81.0,100.0,-81.0,100.0,14.0,0.0,14.0,100.0,14.0,100.0
40312317.0,49.99999905,0.0,0.0,0.0,0.0,0.0,0.0,0.0,0.0,0.0,-111.8575949,34.48301063,1.345,8.19,48.4,570.0,1.34,1.2,1.93,3.83,82.1,33.3,27.5,4.61,6480.0,6.19,22.7,0.13,4.13,0.196,1.4,35.3,30.7,1.58,882.0,159.5,1.455,8.09,16.5,1230.0,383.0,61.5,0.005,13.75,20.2,3.1,1.91,302.0,0.52,0.43,8.98,0.4,0.583,4.54,135.5,16.4,20.6,581.0,142.5,,,,,,,,,,,,,,,,,,,,,,,,,,,
40312261.0,25.98032445,27.87025471,0.0,0.0,0.0,0.0,18.27916606,0.0,0.0,0.0,-111.9675397,34.18656908,0.043,7.62,26.5,580.0,1.1,0.314,3.17,0.109,44.3,21.1,102.0,1.84,116.5,6.95,17.75,0.15,4.18,0.082,1.51,18.65,18.2,1.31,1080.0,3.02,1.915,7.72,24.8,640.0,19.35,47.6,0.005,4.25,22.6,0.1,1.55,401.0,0.44,0.06,15.65,0.541,0.274,2.38,206.0,54.3,21.9,102.5,131.0,2226.577626,218.8796472,14.0,191.857143,9.847822,197.0,52.381,173.0,14.2857,77.153846,16.942646,96.0,15.7895,40.0,5.2632,-185.0,0.0,-185.0,100.0,-185.0,100.0,6.0,0.0,6.0,100.0,6.0,100.0
40312258.0,71.20907251,28.79092766,0.0,0.0,0.0,0.0,0.0,0.0,0.0,0.0,-111.933235,34.20315687,0.042,7.32,11.4,620.0,1.48,0.156,3.1,0.138,78.7,30.3,244.0,1.85,68.2,8.3,19.65,0.16,4.95,0.074,1.65,33.8,20.2,1.94,1145.0,1.5,1.81,17.0,77.4,1030.0,18.9,56.1,0.005,1.46,22.8,0.2,2.02,387.0,0.88,0.02,28.7,0.759,0.285,3.6,249.0,6.55,24.8,136.5,151.0,1594796.617,8186.493445,2250.0,194.403111,46.807898,255.0,1.8809,72.0,0.0064,84.231584,32.654204,80.0,0.2929,6.0,0.0064,-195.128226,8.843081,-191.0,40.54,-205.0,0.0188,5.397091,2.938792,3.0,60.0485,9.0,39.9515
40312259.0,87.41757927,9.016338053,0.0,0.0,0.0,0.0,3.566082678,0.0,0.0,0.0,-111.9477488,34.21458597,0.089,7.61,76.9,710.0,1.49,0.557,2.04,0.211,79.3,23.5,66.1,2.26,108.0,8.54,20.1,0.18,5.52,0.072,1.7,37.8,25.0,1.37,1370.0,0.77,1.365,11.45,26.6,1310.0,30.9,54.1,0.005,2.03,19.9,0.4,1.89,397.0,0.81,0.05,9.3,0.504,0.336,3.89,226.0,2.04,24.2,157.5,165.5,728574.1017,5331.339797,4829.0,226.145372,28.709238,255.0,19.6756,155.0,0.014,106.566002,41.6379,95.0,0.9512,3.0,0.014,-203.851954,3.017257,-207.0,34.535,-200.0,15.0936,9.0,0.0,9.0,100.0,9.0,100.0
40312260.0,12.758496514499999,59.18939927,15.29360774,0.0,0.0,0.0,0.0,0.0,0.0,0.0,-111.957282,34.181905,0.11,7.56,23.4,630.0,1.31,0.632,2.32,0.122,57.3,25.1,69.6,1.73,346.0,10.85,19.0,0.17,6.87,0.067,1.58,24.4,18.5,1.21,1065.0,10.25,1.755,10.2,21.4,910.0,21.6,45.1,0.005,7.63,20.4,0.2,1.93,364.0,0.65,0.05,25.3,0.582,0.292,3.65,317.0,340.0,24.5,112.5,194.5,8906.861798,557.3105219,2.0,253.0,0.0,253.0,2.1978,253.0,2.1978,87.0,10.0,77.0,1.0101,77.0,1.0101,-172.0,0.0,-172.0,100.0,-172.0,100.0,6.0,0.0,6.0,100.0,6.0,100.0
40312257.0,74.18090037,25.81909939,0.0,0.0,0.0,0.0,0.0,0.0,0.0,0.0,-111.9279366,34.211708,0.049,5.0,30.2,550.0,1.16,1.505,3.16,0.199,92.9,23.3,138.0,1.85,121.0,18.15,16.75,0.18,8.2,0.061,1.59,42.3,17.4,1.13,1125.0,2.01,1.2,11.05,28.3,2060.0,25.5,51.1,0.005,1.37,12.35,0.1,1.47,325.0,0.75,0.04,27.7,0.471,0.286,3.41,570.0,13.05,30.3,121.5,238.0,,,,,,,,,,,,,,,,,,,,,,,,,,,
40312318.0,87.62995318,6.1115453095,0.0,0.0,0.0,0.0,0.146956205,0.0,0.0,0.0,-111.848068,34.48529269,0.4,7.82,20.3,550.0,1.2,0.509,2.6,1.045,59.4,19.85,63.8,3.63,720.0,5.55,18.2,0.11,3.89,0.104,1.63,25.0,22.9,1.09,829.0,10.35,1.695,10.6,24.7,1040.0,66.7,61.7,0.005,3.47,15.8,0.9,1.99,332.0,0.59,0.26,7.48,0.455,0.412,2.22,144.5,6.36,19.4,166.5,137.5,57688.03593,1133.765676,228.0,234.285088,23.096524,255.0,13.9286,217.0,0.1786,139.063927,31.440391,149.0,1.2868,67.0,0.1838,-96.0,0.0,-96.0,100.0,-96.0,100.0,4.508929,4.164037,3.0,88.3929,16.0,11.6071
40312321.0,13.74655579,15.54640587,0.0,0.0,0.0,0.0,70.70703847,0.0,0.0,0.0,-111.8516292,34.46074675,0.156,8.11,14.75,610.0,1.26,0.383,2.35,0.69,71.0,24.9,40.3,4.03,184.5,6.52,19.2,0.1,3.92,0.09,1.74,33.1,33.3,1.85,1270.0,2.81,1.58,11.6,24.3,1440.0,38.8,55.4,0.01,2.29,21.2,0.7,1.67,337.0,0.64,0.15,8.47,0.537,0.331,3.49,160.0,2.65,21.8,167.0,143.5,2219.329996,218.5570345,,,,,,,,,,,,,,-23.0,0.0,-23.0,100.0,-23.0,100.0,12.0,0.0,12.0,100.0,12.0,100.0
40312319.0,35.131724325,14.8682757235,0.0,0.0,0.0,0.0,0.0,0.0,0.0,0.0,-111.8446151,34.46130687,0.107,7.92,14.4,690.0,1.26,0.252,2.34,0.484,57.7,23.8,39.3,4.58,140.0,6.47,20.1,0.11,4.25,0.082,1.95,22.5,25.5,1.47,1160.0,2.75,2.11,8.21,19.8,1110.0,38.7,64.5,0.005,3.29,21.0,0.6,1.59,349.0,0.47,0.11,8.45,0.442,0.406,3.24,159.0,4.91,20.0,156.5,153.0,2219.324646,228.8201617,,,,,,,,,,,,,,-31.0,0.0,-31.0,100.0,-31.0,100.0,3.0,0.0,3.0,100.0,3.0,100.0
40312503.0,80.37359014,0.0,19.62641097,0.0,0.0,0.0,0.0,0.0,0.0,0.0,-111.8229748,34.43777585,0.02,5.98,30.8,372.0,0.95,0.072,6.14,0.134,43.2,30.7,204.0,8.14,54.5,5.51,13.1,0.08,2.28,0.062,0.34,19.9,90.1,4.16,772.0,0.66,0.617,16.05,99.7,790.0,6.8,16.3,0.01,0.27,19.9,0.3,0.84,303.0,0.77,0.02,3.08,0.575,0.109,0.78,98.7,0.515,12.5,65.0,90.9,449916.7699,3657.914628,72.0,239.097222,30.320125,255.0,0.923,148.0,0.0225,63.971429,19.659946,55.0,0.1127,20.0,0.0225,-3.484431,2.257003,-3.0,95.5961,-14.0,4.4039,2.0,0.0,2.0,100.0,2.0,100.0
40312262.0,26.470307232,47.0593857,0.0,0.0,0.0,0.0,0.0,0.0,0.0,0.0,-111.8314217,34.16164444,0.042,7.03,67.9,710.0,1.64,0.244,3.59,0.095,84.2,22.5,123.5,5.15,41.4,7.3,15.4,0.17,2.5,0.059,1.52,36.9,33.2,1.42,1025.0,1.01,1.75,10.45,44.5,1250.0,12.75,51.9,0.005,0.91,16.8,0.3,1.0,392.0,0.5,0.12,7.41,0.375,0.254,1.39,163.5,1.28,15.55,73.9,89.4,3335468.263,14534.75951,25636.0,154.299735,44.647214,255.0,1.3819,1.0,0.0031,98.311062,37.741751,96.0,0.9762,212.0,0.0031,27.435257,25.136604,28.0,32.3341,70.0,0.7119,3.100629,0.577688,3.0,65.6151,2.0,12.161
40312502.0,0.434472529,28.945193056999997,0.0,0.0,0.0,0.0,20.8375706815,0.0,0.0,0.0,-111.8193752,34.44115941,0.044,5.97,29.8,660.0,1.3,0.119,7.48,0.186,73.3,29.3,252.0,17.15,32.0,4.8,13.55,0.1,2.59,0.082,1.02,37.3,48.3,3.74,1135.0,0.71,1.09,22.4,109.5,1420.0,10.9,48.4,0.01,0.45,19.5,0.3,1.18,466.0,1.11,0.02,6.1,0.507,0.169,1.29,122.0,0.633,17.1,67.4,98.6,22198.58637,824.8007371,9.0,183.777778,29.540096,174.0,2.3148,134.0,0.463,58.444444,13.695994,40.0,0.4405,40.0,0.4405,-16.139013,8.340482,-23.0,59.6413,-6.0,40.3587,2.0,0.0,2.0,100.0,2.0,100.0
40312501.0,100.0,0.0,0.0,0.0,0.0,0.0,0.0,0.0,0.0,0.0,-111.8013563,34.41739831,0.039,5.98,45.5,620.0,1.06,0.072,9.06,0.147,73.7,38.2,355.0,7.14,56.2,6.94,14.05,0.11,3.06,0.073,0.75,38.9,23.4,4.79,1275.0,0.8,1.365,25.8,157.0,1760.0,8.91,21.3,0.01,0.72,26.7,0.3,1.1,743.0,1.21,0.02,4.86,0.833,0.081,1.22,222.0,0.446,17.65,97.5,131.0,18159563.03,31706.7219,15165.0,210.571184,41.256115,255.0,2.029,1.0,0.0006,85.17014,31.179799,79.0,0.1268,2.0,0.0006,-26.181416,37.662495,13.0,10.5353,-21.0,0.0155,3.037551,1.395334,2.0,59.2661,6.0,1.0125
40312264.0,10.18354378,89.81645083,0.0,0.0,0.0,0.0,0.0,0.0,0.0,0.0,-111.8357693,34.14600046,0.047,6.64,27.2,760.0,1.41,0.089,5.83,0.12,70.1,29.8,190.0,3.5,62.5,6.27,16.6,0.15,3.13,0.059,1.18,35.2,28.3,2.32,1160.0,0.88,1.725,20.0,97.3,1650.0,12.5,35.7,0.005,0.54,18.9,0.2,1.39,746.0,0.99,0.04,4.97,0.734,0.17,1.16,166.5,0.604,18.95,101.0,123.0,2819435.281,9780.485111,13131.0,171.949813,44.628974,255.0,2.6957,231.0,0.0036,76.511267,23.195154,78.0,0.9313,3.0,0.0036,124.202915,18.394688,115.0,39.7014,57.0,0.2524,3.0,0.0,3.0,100.0,3.0,100.0
40312500.0,19.19322417,69.63320617,0.0,0.0,0.0,0.0,11.17356972,0.0,0.0,0.0,-111.7904839,34.41433271,0.029,6.23,40.7,780.0,1.15,0.067,8.64,0.156,79.0,36.6,334.0,7.12,57.3,6.98,14.1,0.11,3.16,0.081,0.77,42.3,23.2,4.56,1215.0,0.86,1.355,28.4,145.5,1860.0,7.57,22.1,0.01,0.85,24.7,0.3,1.14,713.0,1.34,0.04,5.44,0.839,0.08,1.27,222.0,0.443,17.5,93.2,131.0,10655588.65,23404.86311,6521.0,208.550836,38.863023,255.0,1.3091,103.0,0.001,85.818936,34.62497,84.0,0.0971,4.0,0.001,-27.815788,54.797571,4.0,14.5272,-44.0,0.1157,3.706735,1.343655,3.0,47.9448,4.0,5.0367
40312263.0,0.0,0.0,100.0,0.0,0.0,0.0,0.0,0.0,0.0,0.0,-111.7852529,34.14091248,0.042,6.48,19.3,870.0,2.13,0.08,6.33,0.152,90.7,32.2,190.5,3.53,95.4,6.21,16.5,0.17,3.22,0.055,1.58,44.1,59.4,2.46,913.0,0.45,1.18,16.55,104.5,1680.0,13.45,37.8,0.005,0.38,21.8,0.2,1.27,734.0,0.81,0.02,5.07,0.741,0.161,0.99,144.0,0.551,18.4,91.5,124.0,374227.5789,3900.970364,2758.0,160.383974,39.504924,133.0,1.9655,54.0,0.0269,135.256683,35.105152,131.0,1.5184,38.0,0.0271,42.012594,21.446089,58.0,64.2015,26.0,0.9378,4.852344,1.809285,6.0,71.3086,2.0,28.6914
40312265.0,0.0,0.011098796,0.0,0.0,0.0,0.0,99.98890159,0.0,0.0,0.0,-111.850015,34.13486439,0.058,6.99,36.1,730.0,1.46,0.111,4.9,0.147,73.7,43.9,297.0,7.08,87.5,7.09,18.45,0.14,3.7,0.064,1.11,36.0,51.3,2.97,1210.0,1.24,1.585,24.2,182.5,1590.0,10.7,35.4,0.005,0.33,20.7,0.4,1.53,622.0,1.23,0.02,5.28,1.02,0.208,1.13,189.5,0.649,18.65,105.5,149.5,26060305.84,33904.50371,141252.0,167.069726,44.598257,255.0,2.0022,25.0,0.0012,76.860755,26.78652,76.0,0.8764,200.0,0.0004,169.520216,60.889219,210.0,4.3596,25.0,0.0238,5.500147,2.422556,6.0,36.2991,12.0,1.5731
40312504.0,100.0,0.0,0.0,0.0,0.0,0.0,0.0,0.0,0.0,0.0,-111.8359198,34.49613079,0.131,7.01,15.25,710.0,1.12,0.271,5.24,0.338,59.6,23.5,144.0,3.25,235.0,5.93,15.6,0.1,2.85,0.069,1.33,28.1,20.8,1.99,989.0,8.52,1.73,14.85,45.0,1140.0,28.2,42.1,0.01,1.96,16.4,0.4,1.17,555.0,0.77,0.06,5.28,0.554,0.22,1.6,170.5,12.6,17.05,102.5,105.5,,,,,,,,,,,,,,,,,,,,,,,,,,,
40312505.0,40.8144315755,0.0,17.15816524,0.0,1.212970911,0.0,0.0,0.0,0.0,0.0,-112.0533543,34.54967442,0.058,9.21,6.87,640.0,1.28,0.193,2.84,0.304,39.4,10.65,26.1,1.75,50.6,5.36,19.7,0.1,3.76,0.079,1.01,16.5,16.9,0.72,800.0,0.61,3.06,5.95,8.34,950.0,19.3,25.6,0.005,2.38,13.25,0.2,1.14,705.0,0.38,0.06,3.25,0.314,0.153,1.41,123.0,0.813,16.7,105.5,120.0,172937.0048,2811.158603,994.0,228.519115,26.972975,255.0,16.7256,113.0,0.0589,160.843811,27.853994,151.0,1.3357,60.0,0.0581,-70.956196,8.975043,-78.0,50.7781,-99.0,2.2478,31.0,0.0,31.0,100.0,31.0,100.0
40312506.0,13.5581761185,30.865911464999996,0.0,0.0,0.0,0.0,11.15182483,0.0,0.0,0.0,-112.0521392,34.55326523,0.059,9.24,6.99,630.0,1.32,0.188,2.74,0.32,38.8,9.93,20.1,1.83,47.8,4.16,19.25,0.1,2.49,0.066,1.01,16.3,17.6,0.67,753.0,0.36,3.04,5.59,7.64,730.0,17.75,25.5,0.01,2.49,11.9,0.6,1.15,699.0,0.37,0.1,3.12,0.282,0.15,1.26,88.2,0.536,14.55,99.9,70.2,1047864.287,5997.064699,4779.0,235.934714,27.687959,255.0,23.2081,178.0,0.0096,115.53782,35.694593,116.0,0.7147,2.0,0.0097,-93.509791,15.844973,-78.0,50.6639,-127.0,0.2388,31.0,0.0,31.0,100.0,31.0,100.0
40312507.0,99.99999996,0.0,0.0,0.0,0.0,0.0,0.0,0.0,0.0,0.0,-112.00287,34.601425,0.094,8.7,88.7,950.0,1.58,4.86,3.78,0.163,35.6,8.22,38.9,5.04,176.5,4.61,19.25,0.1,2.53,0.056,1.11,17.0,19.4,0.53,477.0,15.85,2.87,5.75,11.65,610.0,23.9,40.0,0.02,4.11,7.37,0.5,1.57,598.0,0.33,0.05,2.72,0.265,0.223,1.02,92.1,990.0,13.7,98.3,84.1,,,,,,,,,,,,,,,,,,,,,,,,,,,
40312276.0,16.00403975,83.75757949,0.0,0.0,0.0,0.0,0.238381031,0.0,0.0,0.0,-112.1398275,34.82918667,0.076,3.22,6.65,381.0,0.76,0.32,5.52,1.165,43.0,13.55,164.5,1.8,40.5,3.21,8.15,0.06,2.61,0.068,1.37,20.1,15.9,1.23,450.0,0.36,0.322,10.6,56.8,750.0,25.4,30.8,0.005,0.5,7.38,0.2,1.55,228.0,0.63,0.34,4.11,0.442,0.198,1.07,81.5,0.486,11.35,70.8,92.1,875943.7799,7239.684272,6816.0,152.371332,53.258013,255.0,4.1091,181.0,0.0115,105.302578,42.487434,100.0,1.1529,2.0,0.0115,171.983432,22.079725,183.0,39.9794,124.0,9.1522,18.557532,1.420057,19.0,91.1507,14.0,8.8494
40312275.0,6.630474247,46.684762945,0.0,0.0,0.0,0.0,0.0,0.0,0.0,0.0,-112.1410093,34.8288024,0.109,2.93,6.04,319.0,0.7,0.465,5.81,1.535,35.8,5.67,47.9,2.2,52.4,1.56,6.28,0.05,2.77,0.093,1.82,17.95,13.6,0.7,223.0,0.46,0.144,5.84,22.3,410.0,32.3,41.3,0.01,0.63,4.32,0.5,1.85,102.0,0.39,0.5,4.31,0.214,0.272,1.18,34.2,0.496,10.55,66.7,95.1,2209.959813,218.1413159,6.0,114.0,23.727621,98.0,14.2857,95.0,4.7619,118.125,7.912609,123.0,9.5238,105.0,4.7619,140.0,0.0,140.0,100.0,140.0,100.0,14.0,0.0,14.0,100.0,14.0,100.0
40312268.0,100.0,0.0,0.0,0.0,0.0,0.0,0.0,0.0,0.0,0.0,-112.1712199,34.81880992,0.086,3.92,10.25,500.0,1.04,0.26,6.18,1.115,54.0,24.2,252.0,2.46,62.5,4.86,10.7,0.09,2.93,0.064,1.28,26.2,15.6,1.89,667.0,0.61,0.456,15.45,129.0,1110.0,24.6,34.7,0.01,0.59,9.33,0.6,1.68,341.0,0.87,0.31,4.73,0.65,0.22,1.24,134.5,0.66,14.5,93.3,110.0,1741157.524,8242.784682,4889.0,209.419718,45.348709,255.0,9.286,70.0,0.0058,95.033061,27.760376,81.0,0.5392,1.0,0.0058,80.597332,19.860623,89.0,42.0668,36.0,0.3278,19.15915,7.587559,14.0,62.7547,17.0,8.3754
40312267.0,49.18261122,0.0,0.0,1.634777455,0.0,0.0,0.0,0.0,0.0,0.0,-112.1565768,34.81243284,0.063,3.32,7.0,325.0,0.85,0.202,7.76,0.743,45.5,10.85,98.2,2.21,30.7,2.61,8.54,0.06,2.97,0.052,1.32,22.2,20.9,0.73,307.0,0.33,0.225,8.81,44.4,780.0,16.6,33.6,0.01,0.6,6.56,0.6,1.4,178.0,0.54,0.16,5.22,0.338,0.203,1.31,66.6,0.634,13.9,55.5,112.5,,,,,,,,,,,,,,,,,,,,,,,,,,,
40312510.0,0.0,0.0,100.0,0.0,0.0,0.0,0.0,0.0,0.0,0.0,-111.9784845,34.4608962,0.054,8.15,4.14,890.0,1.46,0.132,4.77,0.245,108.5,41.8,262.0,2.08,70.3,7.7,18.85,0.15,3.84,0.085,0.92,54.9,20.6,2.77,1515.0,0.8,1.54,29.8,119.5,2130.0,12.95,25.8,0.01,0.31,26.5,0.3,1.4,623.0,1.45,0.05,7.44,0.861,0.121,1.54,228.0,0.808,22.6,105.0,158.5,3786594.518,12121.02895,32755.0,148.344009,40.121808,159.0,1.4097,1.0,0.016,106.961766,32.68576,97.0,1.4992,13.0,0.0027,-22.450906,13.583076,-30.0,26.3183,-44.0,0.672,2.41689,0.499688,2.0,58.5308,5.0,0.1099
40312509.0,32.745248690000004,0.0,0.0,0.0,0.0,0.0,1.764253911,0.0,0.0,0.0,-111.9797445,34.44274221,0.077,7.31,4.59,720.0,1.39,0.157,3.9,0.229,82.7,36.4,313.0,2.57,65.3,7.13,17.0,0.13,3.44,0.079,1.01,40.8,21.6,2.36,1250.0,0.68,1.125,23.9,96.6,1390.0,13.0,35.3,0.02,0.45,22.7,0.5,1.51,425.0,1.2,0.04,6.9,0.84,0.197,1.43,208.0,1.18,19.7,96.3,133.5,27378.86238,1043.397075,235.0,146.519149,37.519394,163.0,5.2434,105.0,0.3745,111.4625,20.806616,120.0,4.9822,53.0,0.3559,-79.476015,10.717712,-88.0,61.2546,-66.0,38.7454,11.0,0.0,11.0,100.0,11.0,100.0
40312277.0,60.49272601,39.50727421,0.0,0.0,0.0,0.0,0.0,0.0,0.0,0.0,-112.057959,34.70390882,0.835,4.43,43.1,409.0,1.16,0.908,10.65,3.22,51.8,22.6,155.0,2.14,280.0,5.52,12.2,0.09,3.1,0.162,0.89,23.8,13.6,2.77,837.0,0.96,0.904,14.85,71.4,1230.0,101.5,24.9,0.04,3.53,15.05,1.9,2.55,262.0,0.8,0.62,4.22,0.695,0.24,1.12,129.5,0.894,18.3,575.0,121.0,22131.78526,904.3647297,34.0,198.911765,23.757807,186.0,3.7037,230.0,0.463,90.125,27.592741,92.0,1.8519,45.0,0.463,-50.0,0.0,-50.0,100.0,-50.0,100.0,15.0,0.0,15.0,100.0,15.0,100.0
40312278.0,18.44388269,40.778058492,0.0,0.0,0.0,0.0,0.0,0.0,0.0,0.0,-112.0556109,34.70382177,0.097,5.97,29.8,440.0,1.47,0.262,4.55,0.67,46.8,29.0,176.5,2.73,76.4,7.5,16.35,0.1,3.13,0.111,1.02,20.9,17.6,2.43,1210.0,1.01,1.375,13.65,94.1,1030.0,23.8,29.6,0.02,1.49,22.9,0.9,1.96,256.0,0.72,0.15,4.86,0.854,0.161,1.15,193.0,0.942,21.7,147.5,117.0,9590.362855,556.1176649,10.0,239.2,13.166624,255.0,4.878,224.0,2.439,108.375,11.988927,94.0,2.3529,98.0,1.1765,-50.0,0.0,-50.0,100.0,-50.0,100.0,15.0,0.0,15.0,100.0,15.0,100.0
40312511.0,33.33333332,0.0,0.0,0.0,0.0,0.0,0.0,0.0,0.0,0.0,-111.9337682,34.47960737,0.045,4.21,4.44,246.0,0.7,0.26,2.36,0.121,38.4,67.7,543.0,1.04,144.0,26.8,20.9,0.15,10.15,0.101,0.51,18.0,9.5,1.69,1785.0,2.35,1.035,37.1,152.0,1030.0,12.95,17.3,0.005,1.31,18.95,0.7,2.9,276.0,1.67,0.02,3.56,2.78,0.091,2.48,1025.0,3.56,17.0,216.0,417.0,,,,,,,,,,,,,,,,,,,,,,,,,,,
40312279.0,49.999999779999996,0.0,0.0,0.0,0.0,0.0,0.0,0.0,0.0,0.0,-112.6003379,34.44560451,0.105,7.53,6.33,720.0,1.52,0.199,3.31,0.137,92.1,25.6,92.3,2.89,52.5,9.1,20.2,0.15,1.08,0.062,1.4,42.4,16.4,1.4,905.0,1.3,2.35,10.65,39.2,2370.0,17.85,37.9,0.01,1.06,14.1,0.4,1.33,755.0,0.65,0.09,5.1,0.572,0.187,1.99,249.0,0.822,17.7,99.7,25.9,379714.7539,3781.228572,527.0,214.098672,29.932463,255.0,2.4482,149.0,0.0288,107.361328,27.328233,97.0,0.4235,56.0,0.0265,214.420332,34.204366,242.0,60.6005,172.0,39.3995,2.0,0.0,2.0,100.0,2.0,100.0
40312512.0,50.000001835,0.0,0.0,0.0,0.0,0.0,0.0,0.0,0.0,0.0,-112.4581846,34.44394979,0.226,7.86,11.5,710.0,2.11,0.308,2.02,5.81,78.0,19.85,100.5,2.36,135.0,4.47,18.25,0.1,1.315,0.057,2.75,40.1,16.0,1.11,852.0,2.28,2.79,11.45,45.7,1150.0,46.9,70.2,0.01,1.98,10.85,0.3,1.29,542.0,0.95,0.06,19.7,0.336,0.269,3.03,96.7,1.935,11.7,628.0,25.2,11114778.72,28231.23575,228.0,222.850877,49.555344,255.0,0.1206,145.0,0.0009,44.855263,52.441455,1.0,0.084,2.0,0.0009,267.806799,294.922617,-32.0,14.0106,313.0,0.045,11.048151,2.608763,12.0,81.2853,14.0,4.211
40312281.0,53.92413339,46.07586662,0.0,0.0,0.0,0.0,0.0,0.0,0.0,0.0,-112.5263287,34.43994572,0.417,6.87,29.6,1160.0,2.61,0.846,2.98,0.902,124.5,46.7,169.0,2.43,467.0,8.55,18.1,0.17,1.56,0.115,1.87,62.4,10.7,1.28,1230.0,7.53,2.07,15.55,89.5,2650.0,48.5,52.5,0.17,1.79,15.65,0.5,2.2,625.0,1.11,1.03,12.85,0.631,0.31,4.06,159.0,4.58,23.7,305.0,38.3,3049244.575,14561.28269,70.0,207.471429,40.202246,255.0,0.0565,126.0,0.0033,116.643836,56.455916,53.0,0.0133,21.0,0.0033,-21.244667,31.516337,-47.0,27.4714,82.0,0.6422,4.137256,1.995285,6.0,53.4314,2.0,46.5686
40312513.0,72.27033308,0.0,27.7296669,0.0,0.0,0.0,0.0,0.0,0.0,0.0,-112.4731841,34.44475043,0.224,7.16,15.6,600.0,1.96,0.261,2.48,0.232,99.8,27.8,193.0,5.47,58.9,6.46,18.85,0.15,1.785,0.067,2.23,49.2,29.0,1.78,1005.0,1.23,1.92,11.55,73.3,1830.0,36.9,69.1,0.01,3.82,18.1,0.5,1.5,480.0,0.77,0.13,16.75,0.535,0.297,3.0,153.0,3.08,19.2,98.9,41.2,532929.8557,4973.565668,,,,,,,,,,,,,,-41.285634,25.566331,-18.0,52.9875,-51.0,11.6876,14.0,0.0,14.0,100.0,14.0,100.0
40312280.0,16.79275756,38.072938435,7.06136556,0.0,0.0,0.0,0.0,0.0,0.0,0.0,-112.5208973,34.43245481,0.426,7.01,31.4,1200.0,2.63,0.98,2.49,0.953,116.5,41.8,141.5,2.68,710.0,7.23,18.0,0.16,1.915,0.13,2.11,58.6,11.9,1.26,955.0,19.7,2.08,14.15,92.3,2270.0,45.6,57.6,0.26,1.76,14.6,0.9,2.55,561.0,1.03,1.01,8.77,0.557,0.375,4.26,136.0,8.61,22.5,359.0,40.0,6662.446501,437.2531253,,,,,,,,,,,,,,-124.0,0.0,-124.0,100.0,-124.0,100.0,12.0,0.0,12.0,100.0,12.0,100.0
40312516.0,32.87319235666667,0.0,0.0,0.0,0.0,0.0,1.380423078,0.0,0.0,0.0,-112.4860951,34.45346535,0.258,7.68,11.05,770.0,1.88,0.162,2.98,0.725,122.0,18.0,135.5,2.45,34.0,4.65,18.3,0.13,1.28,0.061,2.21,47.3,14.8,1.58,740.0,1.86,2.75,12.75,65.7,2630.0,30.5,49.2,0.01,2.48,16.9,0.2,11.7,743.0,0.95,0.05,15.6,0.461,0.208,2.8,118.0,2.53,18.75,127.5,29.7,9400396.102,25782.75698,113.0,200.309735,55.611179,255.0,0.0285,122.0,0.0011,72.964602,66.755919,1.0,0.0339,5.0,0.0011,-62.852897,38.722414,-95.0,11.8703,-78.0,0.0043,13.641345,1.224277,14.0,36.5584,15.0,30.3392
40312514.0,27.73334919,72.26665089,0.0,0.0,0.0,0.0,0.0,0.0,0.0,0.0,-112.4943526,34.44104441,0.13,5.8,15.75,354.0,1.18,0.463,4.21,0.147,55.8,47.7,749.0,3.31,76.7,8.17,14.4,0.13,2.09,0.081,0.96,22.8,17.1,5.55,1365.0,2.29,1.535,8.26,275.0,1250.0,11.0,29.7,0.01,1.92,32.0,0.5,1.38,303.0,0.65,0.18,3.11,0.502,0.163,1.26,199.0,1.98,21.0,111.0,62.8,1020765.615,5462.049541,,,,,,,,,,,,,,-16.555164,35.30336,-51.0,49.8776,-100.0,0.3328,13.321987,0.946744,14.0,66.0993,12.0,33.9007
40312283.0,81.52727312,6.157575615666666,0.0,0.0,0.0,0.0,0.0,0.0,0.0,0.0,-111.718218,34.27971989,0.049,7.59,130.5,431.0,1.21,0.073,5.91,0.183,49.9,52.8,803.0,10.9,118.0,9.19,17.05,0.1,2.37,0.081,0.52,24.3,34.4,3.0,1225.0,0.69,1.63,20.2,237.0,1030.0,19.95,17.5,0.005,0.84,31.4,0.3,1.0,468.0,0.91,0.02,3.84,0.848,0.199,0.76,269.0,0.481,18.3,108.0,92.7,,,,,,,,,,,,,,,,,,,,,,,,,,,
40312515.0,100.0,0.0,0.0,0.0,0.0,0.0,0.0,0.0,0.0,0.0,-112.4945917,34.44388663,0.077,4.46,6.66,302.0,1.05,0.128,6.12,0.178,60.7,60.4,1915.0,2.29,70.6,10.45,12.5,0.13,2.4,0.095,0.66,24.9,13.4,9.04,1660.0,0.57,1.04,6.14,491.0,2410.0,12.35,25.5,0.005,0.86,35.9,0.3,1.26,322.0,0.35,0.05,2.11,0.602,0.116,0.77,286.0,0.585,24.8,144.5,71.8,542548.716,4896.552644,,,,,,,,,,,,,,-44.622906,45.428847,3.0,43.4542,-51.0,21.6719,13.272931,0.962033,14.0,63.6466,12.0,36.3534
40312282.0,68.2228441,15.8885779485,0.0,0.0,0.0,0.0,0.0,0.0,0.0,0.0,-111.7365178,34.26793846,0.046,6.12,4.25,550.0,1.05,0.082,5.99,0.202,78.0,53.7,815.0,0.94,163.0,11.65,16.45,0.11,3.01,0.102,0.66,39.2,15.6,4.54,1630.0,0.85,1.135,30.2,195.0,1390.0,9.36,19.1,0.01,0.32,39.6,0.8,1.46,336.0,1.32,0.02,5.34,1.28,0.087,1.21,425.0,0.544,21.1,131.5,116.5,8897.131491,487.1741471,12.0,189.083333,37.212136,204.0,4.5455,78.0,1.1364,122.153846,26.59915,124.0,2.1277,69.0,1.0638,-98.0,0.0,-98.0,100.0,-98.0,100.0,7.0,0.0,7.0,100.0,7.0,100.0
40312284.0,100.0,0.0,0.0,0.0,0.0,0.0,0.0,0.0,0.0,0.0,-112.1870141,34.42102843,0.139,6.81,56.2,460.0,1.19,0.28,0.42,0.267,57.9,7.65,24.7,2.56,134.5,3.47,14.75,0.09,3.03,0.097,2.01,26.8,20.8,0.56,523.0,1.23,0.598,6.55,9.6,370.0,27.4,49.8,0.01,5.02,12.0,0.7,1.33,79.3,0.41,0.06,5.17,0.212,0.259,2.01,39.8,0.777,13.25,125.5,109.5,626272.8631,4244.363734,738.0,212.949864,40.48927,255.0,3.044,92.0,0.0162,130.009296,35.333752,161.0,0.2926,25.0,0.0163,-325.135507,24.393418,-307.0,63.9501,-328.0,1.0866,31.0,0.0,31.0,100.0,31.0,100.0
40312285.0,31.555946879,36.88810616,0.0,0.0,0.0,0.0,0.0,0.0,0.0,0.0,-112.4069254,33.9096533,0.048,6.76,4.65,490.0,1.65,0.394,1.98,0.084,64.3,16.0,80.8,3.87,43.7,6.92,14.55,0.11,0.661,0.036,1.46,27.5,39.2,0.99,881.0,0.78,1.855,6.88,34.3,900.0,17.75,57.9,0.01,0.45,10.05,0.3,0.79,366.0,0.44,0.1,5.4,0.352,0.303,1.6,147.5,2.29,14.05,76.0,22.6,8192.149023,388.6067813,60.0,178.9,47.466374,99.0,11.3924,116.0,1.2658,96.166667,38.474739,98.0,5.0633,30.0,1.2658,-84.690476,2.198355,-86.0,73.8095,-81.0,26.1905,7.0,0.0,7.0,100.0,7.0,100.0
40312517.0,80.54865408,9.4889399085,0.0,0.0,0.0,0.0,0.473466051,0.0,0.0,0.0,-112.4547904,34.19467455,0.049,8.55,3.02,600.0,1.92,0.3,3.81,0.081,43.2,19.25,58.7,2.1,37.1,6.04,19.15,0.1,0.698,0.082,1.73,16.9,20.6,1.3,955.0,1.48,2.59,8.17,25.1,800.0,12.7,56.2,0.005,0.55,22.5,0.4,1.52,355.0,0.56,0.09,4.65,0.377,0.301,1.68,141.0,1.255,26.8,80.9,17.7,9836968.087,25544.87056,9159.0,176.750409,33.575934,255.0,0.1881,77.0,0.0021,121.949701,32.134456,110.0,0.2316,3.0,0.001,-42.885438,94.98434,-70.0,16.7562,-135.0,0.0295,7.069501,3.687244,5.0,59.7579,9.0,1.2261
40312518.0,100.0,0.0,0.0,0.0,0.0,0.0,0.0,0.0,0.0,0.0,-112.4462772,34.19271561,0.04,7.82,2.55,460.0,2.2,0.285,4.49,0.103,64.0,20.9,42.7,2.43,26.3,6.88,20.0,0.13,1.625,0.099,1.67,23.7,32.2,1.54,1305.0,1.54,2.24,21.8,21.5,1220.0,15.7,59.6,0.005,0.42,31.8,0.7,2.88,283.0,1.25,0.06,7.09,0.521,0.331,3.04,162.0,0.54,49.8,88.0,42.7,2836582.827,11121.28199,976.0,174.525615,32.180099,151.0,0.1228,115.0,0.0036,117.352558,26.711958,103.0,0.0973,42.0,0.0036,-72.965467,27.84892,-35.0,26.5337,-123.0,0.7047,12.616356,5.076518,16.0,69.2396,5.0,30.7604
40311933.0,100.0,0.0,0.0,0.0,0.0,0.0,0.0,0.0,0.0,0.0,-114.8837078,35.8081529,0.112,6.82,9.24,770.0,2.29,0.201,4.14,0.211,137.5,14.65,71.1,6.22,35.6,3.75,18.55,0.18,4.36,0.068,2.26,72.0,40.0,2.05,615.0,1.12,1.31,18.55,41.9,1680.0,21.7,104.0,0.02,1.11,12.7,0.1,2.07,508.0,1.18,0.04,18.4,0.51,0.466,2.79,92.0,1.285,27.5,92.9,186.5,404434.0749,4685.110596,4056.0,46.89497,28.783082,1.0,8.2347,62.0,0.0493,4.730807,8.632334,1.0,69.1184,43.0,0.0248,-28.548126,28.768747,-48.0,68.626,14.0,31.374,23.0,0.0,23.0,100.0,23.0,100.0
40312519.0,0.0,100.0,0.0,0.0,0.0,0.0,0.0,0.0,0.0,0.0,-112.4283761,34.03085126,0.126,6.99,31.9,670.0,2.41,0.5,2.87,0.132,62.3,20.1,83.7,9.29,42.8,5.12,16.7,0.12,1.495,0.053,1.78,31.0,56.9,1.04,1060.0,1.15,1.735,11.85,43.1,1000.0,19.75,85.3,0.005,1.4,17.15,0.5,1.33,394.0,0.72,0.1,5.66,0.465,0.45,1.54,129.0,3.48,19.4,83.9,55.2,,,,,,,,,,,,,,,,,,,,,,,,,,,
40312520.0,63.40523782,36.59476229,0.0,0.0,0.0,0.0,0.0,0.0,0.0,0.0,-112.4314493,34.03649496,0.137,6.61,31.8,650.0,2.28,0.786,2.84,0.154,80.4,28.2,118.0,8.27,48.9,6.9,16.05,0.14,1.6,0.052,1.62,42.8,53.4,1.01,1770.0,1.59,1.61,13.95,47.2,1170.0,22.4,75.6,0.005,1.37,18.8,0.6,1.44,354.0,0.8,0.12,7.23,0.606,0.4,1.8,176.5,3.41,26.8,91.5,59.1,2152560.677,9809.110702,16715.0,165.850613,42.114038,255.0,3.0776,60.0,0.0189,121.164228,39.875207,98.0,0.8752,8.0,0.0047,-44.179248,44.695377,-6.0,38.6537,-41.0,0.2275,7.009358,0.290062,7.0,99.896,16.0,0.104
40311934.0,43.98164391,0.0,56.01835625,0.0,0.0,0.0,0.0,0.0,0.0,0.0,-114.9199,35.78363,0.113,6.59,12.25,750.0,2.22,0.28,3.74,0.324,242.0,17.75,128.0,3.68,46.6,5.03,20.2,0.28,2.94,0.076,2.11,119.5,25.7,1.78,952.0,2.19,1.475,18.05,51.0,1460.0,65.4,92.6,0.02,1.4,16.7,0.4,2.17,460.0,1.14,0.12,37.8,0.58,0.488,3.68,128.5,1.49,37.6,121.5,112.0,1204837.234,6120.231839,11990.0,150.892077,48.341041,163.0,1.8494,83.0,0.0333,30.898918,37.21295,1.0,17.0322,152.0,0.0083,67.98381,15.927303,72.0,73.8577,45.0,0.1151,16.0,0.0,16.0,100.0,16.0,100.0
40311936.0,99.99999955,0.0,0.0,0.0,0.0,0.0,0.0,0.0,0.0,0.0,-114.9057344,35.79665737,0.193,6.63,9.03,760.0,2.41,0.213,4.85,0.204,148.0,14.15,84.6,6.77,33.3,3.55,18.45,0.18,3.35,0.065,2.17,75.3,34.3,1.82,715.0,1.22,1.32,17.6,41.5,1460.0,21.5,101.0,0.03,0.97,12.7,0.1,2.02,500.0,1.12,0.11,18.8,0.466,0.514,3.04,94.5,1.43,27.2,89.0,136.0,954288.8942,5335.017513,9547.0,108.034147,61.470169,1.0,4.1039,38.0,0.0314,28.795264,31.118901,1.0,27.3222,125.0,0.0105,41.610904,6.266796,45.0,57.1206,11.0,1.8449,16.01834,0.357832,16.0,99.738,23.0,0.262
40311937.0,100.0,0.0,0.0,0.0,0.0,0.0,0.0,0.0,0.0,0.0,-114.9294,35.796,0.113,6.61,8.41,770.0,2.35,0.219,4.45,0.236,179.0,18.15,138.0,3.53,39.1,4.37,19.55,0.22,3.46,0.07,2.15,88.9,28.7,2.11,871.0,1.7,1.575,19.0,53.9,1740.0,40.3,92.9,0.02,1.14,15.6,0.1,2.11,501.0,1.19,0.07,21.6,0.57,0.453,3.19,118.0,1.485,31.3,103.5,135.5,1268974.35,8290.671492,12572.0,90.820951,56.060713,1.0,7.7433,169.0,0.0158,21.61662,44.153532,1.0,56.8077,139.0,0.0079,55.061282,13.737628,50.0,56.2919,28.0,4.2102,17.651381,2.97197,16.0,76.4088,23.0,23.5912
40311938.0,100.0000022,0.0,0.0,0.0,0.0,0.0,0.0,0.0,0.0,0.0,-114.92444,35.79054,0.141,6.63,9.76,690.0,2.42,0.282,4.16,0.34,382.0,22.6,207.0,3.38,51.5,7.05,21.2,0.4,3.6,0.081,2.02,177.5,23.0,2.01,1445.0,4.44,1.39,21.8,61.2,1790.0,103.5,91.2,0.02,1.29,24.9,0.3,2.28,428.0,1.36,0.09,62.0,0.752,0.451,6.03,173.0,1.595,65.0,150.0,139.5,411088.5478,3556.748536,4068.0,120.871927,50.804802,123.0,2.3478,184.0,0.0489,38.494508,48.110127,1.0,21.2482,99.0,0.0243,72.71222,17.105505,77.0,61.316,72.0,5.1579,18.724408,3.412983,16.0,61.0799,23.0,38.9201
40312129.0,18.11620304,81.88379805,0.0,0.0,0.0,0.0,0.0,0.0,0.0,0.0,-114.0913543,35.4188984,0.078,7.87,5.26,770.0,2.8,0.198,2.7,0.153,179.5,13.45,33.5,3.94,25.1,5.77,24.3,0.32,1.69,0.118,2.08,82.6,21.7,0.95,1150.0,7.57,1.99,26.0,14.85,2540.0,22.9,88.2,0.02,0.4,21.9,0.9,3.67,320.0,1.53,0.02,17.45,0.743,0.552,2.35,77.9,1.255,59.3,122.5,51.7,2747473.443,11355.35456,18377.0,79.298416,34.419134,75.0,1.4421,158.0,0.0037,91.3261,31.102113,87.0,1.1681,7.0,0.0037,-163.804958,40.510171,-191.0,39.2469,-54.0,2.8008,4.381234,1.914941,4.0,96.1877,14.0,3.8123
40312123.0,100.0,0.0,0.0,0.0,0.0,0.0,0.0,0.0,0.0,0.0,-114.1333345,35.53292678,0.059,8.08,6.8,373.0,1.64,0.177,4.2,0.106,154.5,32.7,146.5,4.2,40.1,8.59,22.0,0.3,1.97,0.115,1.27,73.4,23.8,2.49,1610.0,1.14,1.445,23.0,50.7,1120.0,13.3,73.4,0.01,0.31,35.3,0.8,2.68,191.5,1.66,0.02,18.4,1.285,0.386,2.51,191.0,1.795,54.2,122.0,63.7,4390.015076,315.3175444,45.0,112.777778,23.596505,129.0,28.8889,90.0,2.2222,102.803922,14.706301,90.0,7.8431,58.0,1.9608,-5.0,0.0,-5.0,100.0,-5.0,100.0,9.0,0.0,9.0,100.0,9.0,100.0
40312124.0,82.57861669,0.0,17.42138358,0.0,0.0,0.0,0.0,0.0,0.0,0.0,-114.069051,35.46899989,0.026,4.23,1.82,510.0,1.91,0.132,2.17,0.077,133.0,12.85,24.0,2.66,15.65,3.84,14.6,0.25,2.37,0.057,1.32,54.1,16.1,0.72,683.0,1.77,1.18,5.18,17.3,2460.0,12.4,68.2,0.01,0.06,10.55,0.5,0.77,246.0,0.18,0.02,14.5,0.742,0.401,2.43,85.5,0.566,35.5,71.2,83.5,4393.152604,397.0649311,36.0,95.444444,21.77466,72.0,37.8378,112.0,10.8108,103.25,47.15658,75.0,8.1081,44.0,2.7027,-22.522727,17.042045,-9.0,61.3636,-44.0,38.6364,2.0,0.0,2.0,100.0,2.0,100.0
40312121.0,100.0,0.0,0.0,0.0,0.0,0.0,0.0,0.0,0.0,0.0,-114.1081361,35.53526252,0.027,4.69,4.28,277.0,1.19,0.266,2.18,0.064,149.5,16.85,88.9,1.93,15.75,4.8,13.7,0.27,2.52,0.08,0.99,71.2,12.5,1.33,966.0,0.57,0.957,11.85,28.4,640.0,10.4,47.6,0.005,0.2,22.7,0.5,1.94,115.0,0.86,0.09,29.5,0.572,0.247,2.55,109.0,0.921,41.3,73.1,73.2,166811.8093,3120.302992,1635.0,59.817737,24.390825,47.0,4.2202,56.0,0.1835,102.380896,17.632009,96.0,2.9254,42.0,0.0597,30.066746,31.001024,6.0,62.3957,70.0,37.6043,4.0,0.0,4.0,100.0,4.0,100.0
40312127.0,0.0,0.0,100.0,0.0,0.0,0.0,0.0,0.0,0.0,0.0,-114.031607,35.44525,0.051,6.58,7.66,530.0,1.76,0.154,3.09,0.157,347.0,22.4,101.5,2.31,32.2,7.9,22.1,0.52,3.02,0.115,1.73,161.5,17.6,1.28,1980.0,1.17,1.62,34.4,37.7,2030.0,29.4,86.5,0.005,0.38,24.3,1.2,3.68,212.0,1.76,0.02,105.5,1.405,0.473,7.05,172.5,1.42,90.0,131.0,94.8,1539539.029,7343.968779,15280.0,42.518783,29.516597,1.0,8.0733,103.0,0.0393,79.979681,38.680434,79.0,1.4388,187.0,0.0065,-198.311201,19.016593,-211.0,50.1742,-191.0,6.8912,6.823902,0.566733,7.0,91.1951,5.0,8.8049
40312131.0,0.0,100.0,0.0,0.0,0.0,0.0,0.0,0.0,0.0,0.0,-114.1108114,35.41133478,0.077,7.44,7.4,650.0,3.5,0.25,2.67,0.141,217.0,15.45,48.1,4.7,25.6,6.84,25.1,0.38,3.27,0.098,1.9,103.5,26.4,0.95,1325.0,7.44,2.02,37.0,17.25,2770.0,23.5,90.4,0.04,0.56,21.7,1.1,4.05,306.0,2.58,0.04,34.8,1.095,0.547,2.99,112.0,1.875,58.1,130.0,107.0,49827.66047,1675.698049,15.0,154.133333,19.537542,139.0,0.998,170.0,0.1996,101.157895,15.034218,112.0,0.6061,74.0,0.202,-158.0,0.0,-158.0,100.0,-158.0,100.0,4.0,0.0,4.0,100.0,4.0,100.0
40312128.0,53.53742172,45.71932972,0.0,0.0,0.0,0.0,0.743248532,0.0,0.0,0.0,-114.0822701,35.42071216,0.082,7.35,5.59,640.0,2.96,0.205,2.49,0.174,271.0,15.3,48.3,4.5,28.5,6.0,25.0,0.41,3.47,0.108,2.05,126.0,26.4,0.97,1385.0,9.81,1.745,30.0,20.4,2620.0,26.1,106.0,0.02,0.47,22.9,1.1,4.18,269.0,1.77,0.02,43.0,0.863,0.607,4.57,95.0,1.29,65.6,121.5,106.5,146524.1795,2714.477578,1445.0,85.113495,36.291375,71.0,3.2498,145.0,0.0677,95.637589,26.829826,97.0,1.8724,17.0,0.0693,-237.914344,0.279855,-238.0,91.4344,-237.0,8.5656,16.0,0.0,16.0,100.0,16.0,100.0
40312126.0,59.5319178,40.46808222,0.0,0.0,0.0,0.0,0.0,0.0,0.0,0.0,-114.0400804,35.46037981,0.053,6.77,3.96,500.0,2.45,0.259,4.13,0.182,277.0,26.2,69.8,3.46,35.2,7.34,23.2,0.44,5.16,0.082,1.68,123.5,23.8,1.54,1610.0,2.74,1.83,19.75,49.9,4030.0,25.0,90.3,0.005,0.16,21.2,1.1,2.44,403.0,0.94,0.06,48.2,1.52,0.525,6.47,201.0,1.205,54.1,142.5,171.5,8054.631255,674.4705349,74.0,66.621622,16.929666,79.0,25.6757,42.0,1.3514,95.75,12.106604,102.0,8.8235,67.0,1.4706,-104.536585,10.956895,-100.0,85.3659,-131.0,14.6341,5.0,0.0,5.0,100.0,5.0,100.0
40312122.0,45.69992346,0.0,0.0,0.0,0.0,0.0,54.30007695,0.0,0.0,0.0,-114.1177227,35.52771742,0.051,6.76,6.3,490.0,2.53,0.454,1.89,0.136,257.0,14.55,73.0,3.73,20.0,5.48,20.6,0.38,5.17,0.111,1.84,117.5,26.1,0.99,1305.0,1.55,1.695,18.5,24.1,710.0,22.1,92.7,0.03,0.41,25.5,0.5,3.23,160.0,1.26,0.05,55.8,0.657,0.489,5.03,121.0,22.8,67.3,107.5,160.0,14634.14269,712.3371318,150.0,73.106667,13.875709,69.0,12.0,37.0,1.3333,86.859873,14.622842,77.0,5.7325,55.0,0.6369,39.0,0.0,39.0,100.0,39.0,100.0,4.0,0.0,4.0,100.0,4.0,100.0
40312125.0,85.1219756,14.87802426,0.0,0.0,0.0,0.0,0.0,0.0,0.0,0.0,-114.0667914,35.46412099,0.036,5.72,1.83,412.0,2.77,0.777,6.83,0.267,348.0,26.3,65.0,4.39,40.5,8.13,22.3,0.56,6.17,0.12,1.33,138.0,25.1,1.77,2660.0,2.78,1.42,9.9,40.7,3790.0,21.7,79.3,0.005,0.1,34.1,1.4,1.16,377.0,0.36,0.05,27.9,1.475,0.467,8.98,185.5,0.847,89.8,132.5,213.0,927797.7296,5395.89714,9145.0,89.002734,39.07209,88.0,1.8705,9.0,0.0108,94.329608,36.784543,79.0,1.7226,3.0,0.0108,-66.653184,22.140098,-91.0,43.3601,-40.0,5.222,2.0,0.0,2.0,100.0,2.0,100.0
40312137.0,0.0,19.8783036405,60.24339265,0.0,0.0,0.0,0.0,0.0,0.0,0.0,-114.1261123,35.29454407,0.252,6.76,19.05,500.0,2.98,0.121,3.59,0.145,248.0,23.8,88.9,3.53,27.1,8.47,24.8,0.46,1.84,0.131,1.73,116.5,18.0,1.41,1185.0,1.08,1.62,21.6,38.5,4080.0,42.5,90.3,0.01,0.68,28.6,1.2,5.19,297.0,1.19,0.02,44.6,0.795,0.501,3.45,151.5,1.36,65.9,127.0,55.7,2267535.565,9794.286099,11001.0,103.697118,43.00728,1.0,1.1001,196.0,0.0044,92.475056,36.113436,76.0,0.7856,2.0,0.0044,58.470962,32.623527,74.0,29.4805,26.0,0.9541,7.321944,4.66651,5.0,64.2689,3.0,0.1376
40312136.0,31.43076815,17.275678313,0.0,0.0,0.0,0.0,2.587107056,0.0,0.0,0.0,-114.112512,35.42001462,0.084,6.74,5.44,470.0,2.87,0.149,2.24,0.115,257.0,10.95,39.3,7.15,24.5,3.42,21.6,0.38,2.73,0.069,2.07,129.0,31.9,0.75,728.0,7.42,1.61,17.05,19.3,1460.0,26.8,126.0,0.02,0.91,11.9,1.0,3.22,219.0,1.19,0.02,52.1,0.425,0.746,5.75,56.3,0.83,37.0,82.5,91.5,519426.6641,4384.994836,2545.0,88.973281,33.846854,77.0,1.6786,6.0,0.0193,85.371283,24.815159,75.0,1.3115,7.0,0.0193,-87.934454,41.616075,-54.0,60.042,-87.0,0.0573,4.0,0.0,4.0,100.0,4.0,100.0
40312134.0,0.289105997,99.71089341,0.0,0.0,0.0,0.0,0.0,0.0,0.0,0.0,-114.1144354,35.40976871,0.07,7.73,7.81,710.0,4.01,0.194,2.86,0.151,212.0,15.5,40.5,5.65,26.0,5.53,26.9,0.38,3.2,0.121,2.17,102.0,29.1,0.97,944.0,9.63,2.07,33.2,17.0,3470.0,24.4,115.0,0.02,0.37,22.1,0.9,4.48,333.0,2.07,0.02,28.4,0.829,0.657,3.0,85.8,1.035,65.9,132.0,118.5,346607.631,4505.107727,970.0,115.958763,38.253203,109.0,2.2766,66.0,0.043,89.038502,23.766107,72.0,0.9888,13.0,0.043,-117.542169,21.481939,-127.0,73.7808,-158.0,3.9587,4.319352,1.566152,4.0,96.0081,12.0,3.9919
40312135.0,100.0,0.0,0.0,0.0,0.0,0.0,0.0,0.0,0.0,0.0,-114.1253672,35.41985348,0.089,8.4,8.06,530.0,3.96,0.19,2.17,0.139,344.0,16.6,67.5,10.8,34.8,4.66,27.8,0.49,3.26,0.071,2.38,164.5,42.3,1.04,948.0,8.44,2.09,22.4,34.9,2560.0,32.8,159.0,0.02,1.08,16.2,0.8,3.88,285.0,1.64,0.02,78.9,0.634,0.965,6.42,85.0,1.15,46.4,105.0,107.0,3072212.075,10909.18841,1187.0,72.52738,42.988154,37.0,0.1177,3.0,0.0033,78.507963,24.58078,83.0,0.1077,15.0,0.0033,-117.225354,12.48113,-125.0,30.4124,-129.0,0.1196,13.86576,0.500459,14.0,93.288,12.0,6.712
40312132.0,21.0432462715,28.956753374999998,0.0,0.0,0.0,0.0,0.0,0.0,0.0,0.0,-114.1152134,35.39566984,0.058,6.09,5.86,440.0,2.37,0.288,2.16,0.127,343.0,25.4,93.1,4.0,32.2,8.28,21.6,0.48,3.69,0.097,1.17,157.5,20.5,0.99,1900.0,6.97,1.435,28.8,30.2,1330.0,19.8,55.1,0.02,0.34,19.9,0.9,3.09,223.0,2.12,0.07,53.4,1.305,0.326,3.73,215.0,3.56,48.7,138.5,125.0,,,,,,,,,,,,,,,,,,,,,,,,,,,
40312133.0,5.771147313,31.409617554333334,0.0,0.0,0.0,0.0,0.0,0.0,0.0,0.0,-114.1158545,35.40401189,0.058,7.85,3.1,490.0,3.0,0.252,1.86,0.093,335.0,12.3,29.9,3.38,24.9,4.9,26.4,0.45,4.99,0.068,1.61,165.0,28.8,0.7,937.0,5.68,2.22,20.6,11.65,1690.0,30.0,87.6,0.02,0.17,16.5,0.9,3.21,223.0,1.5,0.02,70.7,0.534,0.576,4.21,69.3,0.898,49.3,106.0,154.0,1654817.381,9327.057771,155.0,108.303226,43.736657,173.0,0.0486,25.0,0.0061,89.875,32.958968,55.0,0.0364,32.0,0.0061,-86.439534,19.115431,-79.0,43.1068,-30.0,1.1649,8.091224,3.99896,12.0,51.1403,4.0,48.8597
40312138.0,0.541671766,99.45832866,0.0,0.0,0.0,0.0,0.0,0.0,0.0,0.0,-114.188863,35.39331721,3.51,7.83,187.0,500.0,2.47,0.752,2.03,1.065,327.0,17.6,68.9,4.52,101.5,5.41,25.0,0.42,1.57,0.287,2.01,167.0,27.8,1.09,1345.0,2.84,1.535,17.6,24.5,1440.0,646.0,124.0,0.11,2.57,20.8,0.7,2.16,199.5,1.1,0.24,68.1,0.55,0.881,3.79,88.4,1.72,40.2,396.0,46.4,,,,,,,,,,,,,,,,,,,,,,,,,,,
40312139.0,100.0,0.0,0.0,0.0,0.0,0.0,0.0,0.0,0.0,0.0,-114.1600611,35.39907327,0.283,7.49,13.75,446.0,2.33,0.159,2.05,0.201,147.0,13.6,40.9,3.71,27.0,4.24,21.3,0.25,2.68,0.066,1.96,74.6,18.3,0.77,1090.0,4.66,1.88,19.15,16.8,1110.0,29.4,96.6,0.02,0.6,15.8,0.7,1.82,201.0,1.28,0.02,30.9,0.785,0.605,3.1,85.5,1.07,27.5,135.5,82.1,,,,,,,,,,,,,,,,,,,,,,,,,,,
40312141.0,36.65993072,0.0,63.34006849,0.0,0.0,0.0,0.0,0.0,0.0,0.0,-114.2368702,35.39961768,0.172,6.5,27.2,440.0,2.35,0.15,2.45,0.157,90.8,11.25,48.3,3.13,19.65,3.42,18.5,0.23,4.29,0.07,1.82,46.3,24.9,0.84,826.0,1.39,1.765,13.55,22.6,610.0,27.7,88.5,0.02,0.85,12.75,0.5,1.84,211.0,0.81,0.02,16.3,0.413,0.538,2.62,74.1,0.99,24.8,90.6,148.0,2907119.566,11757.8318,28930.0,94.206049,27.251334,95.0,2.3665,33.0,0.0103,115.110516,25.027829,113.0,1.9182,7.0,0.0034,-141.925399,30.788173,-173.0,29.8337,-201.0,0.14,7.068325,0.781191,7.0,99.2408,16.0,0.7592
40312142.0,0.0,100.0,0.0,0.0,0.0,0.0,0.0,0.0,0.0,0.0,-114.2201375,35.38999856,0.092,6.26,21.3,470.0,2.03,0.278,2.53,0.168,259.0,17.25,88.5,2.59,19.85,5.59,18.95,0.38,4.67,0.079,1.73,130.0,21.8,1.06,1650.0,1.22,1.395,23.5,30.1,770.0,32.7,75.6,0.01,0.82,20.7,1.0,2.92,218.0,1.56,0.05,75.2,0.954,0.42,5.75,136.0,1.925,51.7,97.8,152.0,,,,,,,,,,,,,,,,,,,,,,,,,,,
40312140.0,100.0,0.0,0.0,0.0,0.0,0.0,0.0,0.0,0.0,0.0,-114.2368702,35.39961768,0.258,7.39,29.4,510.0,2.75,0.177,2.78,0.176,133.0,12.75,58.5,3.45,26.2,4.03,20.8,0.25,6.12,0.072,2.07,68.3,27.5,0.98,954.0,1.74,1.985,16.15,24.4,830.0,33.4,98.2,0.02,0.93,15.45,0.7,2.1,241.0,0.99,0.05,27.1,0.489,0.616,3.91,87.9,1.23,34.4,103.0,217.0,,,,,,,,,,,,,,,,,,,,,,,,,,,
40312011.0,0.183362285,99.81663781,0.0,0.0,0.0,0.0,0.0,0.0,0.0,0.0,-113.9267133,34.93019124,0.372,6.68,26.9,550.0,4.18,9.67,0.5,0.355,89.4,8.52,44.5,24.4,152.5,2.72,15.95,0.12,2.26,0.134,2.54,39.2,33.0,0.56,336.0,2.9,0.928,10.8,19.8,300.0,24.6,187.0,0.03,1.73,9.1,0.2,10.6,112.0,0.98,0.08,16.9,0.271,1.155,3.32,44.3,106.5,16.2,137.0,75.7,2007804.489,8378.780113,1409.0,54.003549,49.109624,1.0,1.4983,9.0,0.005,102.123077,37.863098,120.0,0.1208,2.0,0.005,-294.604471,22.206273,-290.0,41.6992,-310.0,0.3412,23.0,0.0,23.0,100.0,23.0,100.0
40312009.0,70.89695963,14.55152045,0.0,0.0,0.0,0.0,0.0,0.0,0.0,0.0,-113.9350608,34.91725956,3.44,8.51,58.3,720.0,8.22,83.8,1.11,1.21,108.5,7.22,52.2,25.2,942.0,3.09,23.7,0.11,2.57,0.787,3.66,42.9,58.1,0.58,506.0,27.7,1.04,13.0,17.4,460.0,25.3,309.0,0.1,0.68,12.15,0.5,38.3,102.0,1.16,0.11,18.75,0.309,1.655,3.54,59.9,560.0,20.4,201.0,82.8,3919655.677,11719.15038,3175.0,97.067717,51.758922,1.0,0.4297,15.0,0.0026,117.180647,32.72294,110.0,0.1339,28.0,0.0026,-279.415775,41.043945,-310.0,28.8437,-317.0,0.0177,20.918407,3.199707,23.0,70.263,16.0,29.737
40312008.0,99.9999998,0.0,0.0,0.0,0.0,0.0,0.0,0.0,0.0,0.0,-113.9385497,34.91061405,5.9,5.76,2860.0,274.0,4.41,3.58,2.97,10.1,202.0,23.5,23.8,13.3,3050.0,4.5,22.7,0.25,3.4,0.466,1.88,89.6,37.1,2.56,1155.0,4.35,0.862,12.5,48.7,450.0,510.0,137.0,1.13,36.7,5.25,7.8,23.7,82.7,1.84,0.08,36.6,0.175,2.55,11.5,23.9,43.0,45.9,4790.0,111.5,2791082.833,11649.69106,3348.0,94.60693,51.821783,1.0,0.539,25.0,0.0036,116.400838,34.77072,126.0,0.1916,2.0,0.0036,-291.164859,19.343082,-307.0,33.8431,-325.0,0.1352,22.140235,2.297642,23.0,87.7176,16.0,12.2824
40312006.0,99.99999998,0.0,0.0,0.0,0.0,0.0,0.0,0.0,0.0,0.0,-113.9533785,34.88880275,2.33,6.57,115.5,510.0,6.45,59.8,1.82,0.956,152.5,9.08,43.3,15.1,886.0,3.37,19.3,0.16,3.43,0.541,2.45,62.2,36.8,0.84,631.0,17.8,1.485,19.15,20.2,820.0,41.2,207.0,0.08,1.37,11.0,0.6,20.3,121.5,1.76,0.08,33.9,0.379,1.235,4.67,47.4,540.0,42.4,320.0,109.0,10002707.16,19910.30873,58369.0,101.464425,52.359838,1.0,1.9943,11.0,0.005,119.539859,41.132681,104.0,0.7122,5.0,0.001,-193.993686,45.945875,-154.0,13.5627,-104.0,0.2224,14.606091,6.136672,16.0,69.5466,23.0,13.6646
40312005.0,0.0,0.0,100.0,0.0,0.0,0.0,0.0,0.0,0.0,0.0,-114.108184,34.848754,0.603,6.86,75.5,610.0,4.26,13.05,2.32,0.946,159.5,9.43,38.7,8.43,292.0,3.58,19.75,0.17,3.54,0.21,2.5,64.1,30.0,0.86,599.0,4.55,1.73,21.1,18.15,900.0,77.2,158.5,0.05,1.93,12.3,0.8,9.79,182.5,1.81,0.02,38.5,0.442,1.02,4.57,55.3,122.0,52.2,367.0,106.5,,,,,,,,,,,,,,,,,,,,,,,,,,,
40312007.0,73.45633238,19.32291897,0.0,0.0,0.0,0.0,7.220748897,0.0,0.0,0.0,-113.9464693,34.89788693,0.077,6.01,4.15,570.0,3.48,0.572,0.76,0.169,226.0,6.84,27.6,5.39,31.7,3.94,18.6,0.24,5.03,0.11,2.26,94.7,21.1,0.43,700.0,0.88,1.69,27.4,11.45,580.0,27.1,129.5,0.005,0.53,7.65,0.3,5.29,101.0,2.58,0.07,48.1,0.443,0.667,5.13,47.1,12.3,52.9,86.8,163.5,,,,,,,,,,,,,,,,,,,,,,,,,,,
40312145.0,17.11818847,0.0,82.88181207,0.0,0.0,0.0,0.0,0.0,0.0,0.0,-114.423176,35.090318,0.143,6.66,13.4,1240.0,2.37,1.265,2.7,0.335,196.0,24.8,90.0,2.55,25.4,7.37,20.9,0.29,3.11,0.082,2.17,91.1,20.2,0.95,1175.0,4.39,1.37,28.9,43.1,1750.0,42.7,83.6,0.2,1.57,12.7,1.2,3.11,475.0,1.51,0.34,15.35,0.955,0.822,2.42,190.0,2.29,30.0,138.5,110.0,839607.5223,6003.12991,8313.0,72.837243,32.325782,59.0,2.2134,26.0,0.012,55.939649,27.807521,43.0,1.8394,134.0,0.012,73.235516,39.281662,95.0,72.0118,135.0,0.7198,22.719933,1.371872,23.0,95.999,16.0,4.001
40312146.0,100.0,0.0,0.0,0.0,0.0,0.0,0.0,0.0,0.0,0.0,-114.413486,34.957629,0.25,6.28,18.85,800.0,1.66,0.135,4.64,0.164,87.8,12.7,49.4,8.98,17.6,3.5,17.8,0.2,3.31,0.049,1.98,45.1,46.7,1.28,667.0,1.0,1.305,13.7,26.7,910.0,22.8,92.4,0.02,4.12,9.46,0.7,1.98,524.0,0.76,0.04,7.87,0.484,0.49,1.86,89.1,1.545,19.65,83.8,132.0,491609.7384,4540.243674,4870.0,98.397947,42.615922,74.0,1.8268,193.0,0.0205,21.916753,26.047468,1.0,30.3871,103.0,0.0207,219.667539,9.688848,224.0,83.3367,198.0,16.6633,10.590537,8.615346,4.0,52.0483,7.0,15.7517
40312144.0,49.999999889,0.0,0.0,0.0,0.0,0.0,0.0,0.0,0.0,0.0,-114.3719074,35.04064331,0.139,6.14,23.6,760.0,2.4,0.196,3.15,0.121,140.0,17.7,55.4,7.91,16.1,4.17,17.9,0.24,4.3,0.053,2.64,67.7,36.9,0.99,890.0,0.91,1.045,24.7,31.2,1370.0,24.7,135.5,0.01,8.13,10.05,0.5,1.99,335.0,1.35,0.02,13.3,0.662,0.79,2.44,121.0,1.445,28.6,87.8,159.0,,,,,,,,,,,,,,,,,,,,,,,,,,,
40312143.0,28.61805801,0.0,71.38192585,0.0,0.0,0.0,0.0,0.0,0.0,0.0,-114.3535697,35.04550528,0.072,6.67,5.11,590.0,3.12,0.162,2.84,0.124,156.5,15.4,73.9,2.17,23.7,4.38,19.85,0.24,4.72,0.078,2.39,75.4,15.9,1.25,940.0,1.79,1.735,32.4,29.9,550.0,28.4,103.0,0.03,0.66,15.8,0.5,2.59,306.0,1.81,0.05,17.25,0.577,0.534,2.3,114.0,1.28,34.4,90.6,152.0,,,,,,,,,,,,,,,,,,,,,,,,,,,
40312012.0,5.899179827,47.050410159,0.0,0.0,0.0,0.0,0.0,0.0,0.0,0.0,-114.1534494,34.65306013,0.075,5.99,4.6,780.0,1.96,0.329,4.44,0.204,111.5,16.7,54.5,2.49,24.2,5.25,18.65,0.24,1.455,0.102,2.08,54.8,24.6,1.42,1145.0,0.89,1.395,20.2,30.1,560.0,20.6,98.7,0.01,0.58,19.55,0.6,3.2,228.0,1.27,0.02,14.4,0.774,0.495,2.12,120.5,2.43,44.7,102.0,47.8,7288639.585,33112.472,71734.0,96.548443,36.907401,119.0,1.5417,231.0,0.007,49.005628,31.8666,35.0,1.8065,196.0,0.0014,-53.055176,25.814629,-57.0,13.1788,-74.0,0.0068,12.026697,4.946591,16.0,60.0153,4.0,12.4894
40312149.0,100.0,0.0,0.0,0.0,0.0,0.0,0.0,0.0,0.0,0.0,-114.4131292,34.89954743,0.053,5.51,363.0,700.0,1.78,0.097,2.96,0.082,69.3,9.73,45.9,9.18,11.7,3.07,15.65,0.17,1.73,0.037,1.74,34.8,38.1,0.77,515.0,0.68,1.34,10.4,22.0,610.0,16.7,78.1,0.01,34.8,7.02,0.3,1.39,536.0,0.58,0.02,7.41,0.392,0.373,1.22,80.5,3.58,14.95,63.4,57.7,3063057.66,10728.18936,30250.0,73.208628,35.108162,68.0,1.5332,169.0,0.0033,30.251306,30.506543,1.0,17.2963,147.0,0.0033,137.509107,28.723606,149.0,28.3154,92.0,0.2621,5.975673,2.339438,5.0,71.5507,16.0,4.5187
40312148.0,33.33333327666667,0.0,0.0,0.0,0.0,0.0,0.0,0.0,0.0,0.0,-114.4492,34.89659092,0.067,5.41,234.0,740.0,1.75,0.172,3.2,0.134,169.5,20.7,98.1,10.45,17.3,7.18,19.15,0.27,2.54,0.069,1.83,85.7,37.5,1.09,1125.0,1.15,1.15,17.35,40.0,840.0,23.0,81.6,0.02,38.5,11.15,0.7,2.27,465.0,0.96,0.02,15.35,0.833,0.418,2.32,211.0,5.13,23.7,135.0,88.8,11582310.25,24979.24681,114421.0,90.602014,36.94093,72.0,1.4758,244.0,0.0026,47.826607,44.401541,1.0,6.6019,252.0,0.007,99.105975,43.85312,160.0,9.6512,157.0,0.0821,12.854676,5.642704,16.0,62.1404,23.0,5.6624
40122125.0,0.0,100.0,0.0,0.0,0.0,0.0,0.0,0.0,0.0,0.0,-114.4161549,34.93651841,0.094,6.12,9.36,660.0,1.77,0.173,3.62,0.201,95.4,13.8,57.7,7.16,22.4,3.56,14.75,0.15,2.7,0.048,1.78,47.1,23.0,1.49,679.0,1.26,1.315,13.35,29.9,910.0,18.7,72.3,0.02,2.61,12.0,0.6,1.68,349.0,0.87,0.02,9.33,0.466,0.393,1.76,83.1,1.365,21.7,74.8,96.4,765353.0026,6195.613904,7565.0,114.358229,40.7746,101.0,2.3265,2.0,0.0661,91.815553,53.154367,1.0,1.3335,235.0,0.0132,76.609399,13.706467,72.0,62.9855,89.0,0.6862,12.655013,7.630179,5.0,45.9235,4.0,0.8311
40122127.0,100.0,0.0,0.0,0.0,0.0,0.0,0.0,0.0,0.0,0.0,-114.4466932,34.99460441,2.77,4.97,48.0,630.0,2.81,0.451,5.18,0.323,115.0,11.85,56.0,2.83,26.2,3.48,13.65,0.17,2.95,0.119,1.98,57.4,37.8,1.06,675.0,1.32,1.095,14.85,26.8,1300.0,86.5,86.0,0.02,6.97,8.74,0.6,1.6,417.0,0.85,0.22,8.66,0.534,0.582,1.82,93.7,2.56,19.6,98.0,100.5,10340913.68,23855.76491,102312.0,156.411985,46.066422,255.0,2.4536,46.0,0.0029,54.398982,37.82936,1.0,4.7856,214.0,0.002,120.008387,54.72607,104.0,10.8711,-15.0,0.0038,23.0,0.0,23.0,100.0,23.0,100.0
40122126.0,99.99999959,0.0,0.0,0.0,0.0,0.0,0.0,0.0,0.0,0.0,-114.4541738,34.95971989,0.099,6.05,7.83,790.0,1.54,0.163,4.43,0.197,97.3,11.8,53.4,3.83,18.05,3.79,15.5,0.16,3.31,0.048,2.24,49.9,22.7,1.21,602.0,1.16,1.33,17.35,25.0,890.0,19.75,88.3,0.01,1.76,9.15,0.6,1.92,386.0,1.03,0.02,10.95,0.563,0.476,2.43,96.9,1.44,23.3,78.6,121.5,1619178.284,10326.34186,16034.0,92.170263,33.059754,86.0,2.2016,225.0,0.0187,19.154905,15.244479,1.0,11.8904,82.0,0.0062,135.701169,30.366659,119.0,35.7287,177.0,1.4446,23.0,0.0,23.0,100.0,23.0,100.0
40312147.0,100.0,0.0,0.0,0.0,0.0,0.0,0.0,0.0,0.0,0.0,-114.4366153,34.87560586,0.097,7.74,126.5,990.0,2.25,0.167,3.76,0.145,155.0,15.9,77.9,7.36,17.6,4.55,21.7,0.27,3.76,0.063,2.55,74.8,36.3,1.4,854.0,1.03,2.01,20.4,33.4,940.0,24.1,91.9,0.02,10.85,13.7,0.7,2.21,647.0,1.2,0.02,16.35,0.633,0.504,2.46,118.5,2.45,34.5,93.7,131.5,5895065.7,14275.52904,58307.0,91.744113,32.299433,90.0,1.6704,208.0,0.0103,49.738139,22.769494,48.0,2.2975,180.0,0.0017,75.426307,12.251007,65.0,19.0631,86.0,0.2925,13.909117,3.80081,16.0,76.768,7.0,23.232
40312014.0,98.26644991,1.733550301,0.0,0.0,0.0,0.0,0.0,0.0,0.0,0.0,-113.8121445,35.13488981,0.1,4.88,6.86,570.0,2.18,0.853,2.42,0.192,500.1,23.4,171.0,2.02,44.0,24.9,30.3,1.02,2.17,0.151,1.53,360.0,11.5,0.46,1135.0,4.68,0.984,48.3,19.5,710.0,42.1,56.8,0.01,1.08,23.3,0.5,8.97,427.0,4.36,0.28,62.9,1.13,0.318,5.42,481.0,49.1,121.0,131.5,50.1,,,,,,,,,,,,,,,,,,,,,,,,,,,
40312017.0,8.078992671,37.9171915,0.0,0.0,0.0,0.0,54.00381575,0.0,0.0,0.0,-113.7992727,34.79145939,3.21,6.08,11.75,680.0,2.97,0.362,2.96,0.387,344.0,18.15,98.0,4.35,28.6,8.08,23.2,0.44,1.11,0.171,1.6,150.0,31.3,1.14,903.0,1.4,1.52,27.8,40.2,4060.0,30.8,101.5,0.05,7.4,27.0,0.6,6.91,510.0,1.5,0.02,41.6,0.73,0.542,2.25,98.2,3.01,60.5,121.5,31.3,406604.2221,4085.371456,574.0,120.320557,55.118166,255.0,0.6723,15.0,0.0249,135.819298,30.685627,137.0,0.3257,34.0,0.0251,0.87793,17.338731,8.0,81.7383,0.0,5.3955,17.95854,3.142277,16.0,72.0209,23.0,27.9791
40312018.0,0.0,50.000000020499996,0.0,0.0,0.0,0.0,0.0,0.0,0.0,0.0,-113.7955526,34.83334791,0.304,6.3,4.97,690.0,3.56,2.14,2.73,0.427,153.5,18.15,53.7,3.04,188.5,12.55,25.0,0.31,1.15,0.106,1.81,72.3,25.1,0.7,739.0,10.35,1.86,19.1,19.25,2200.0,19.0,93.9,0.19,0.47,9.27,0.8,3.88,576.0,1.21,0.17,12.55,0.697,0.478,2.57,288.0,440.0,31.2,154.5,21.4,1961091.411,8220.841137,7600.0,100.858553,54.320805,1.0,1.8255,16.0,0.0052,123.600573,29.452944,108.0,0.6389,20.0,0.0052,-359.919257,73.297518,-407.0,53.0121,-170.0,1.9996,7.875219,5.611177,4.0,67.7065,16.0,32.2935
40312016.0,50.000000404999994,0.0,0.0,0.0,0.0,0.0,0.0,0.0,0.0,0.0,-113.7899104,34.77719008,1.22,6.08,19.45,570.0,2.83,0.467,3.76,0.188,313.0,38.5,165.0,4.82,35.3,18.2,23.4,0.43,1.555,0.149,1.63,126.5,33.3,1.2,1040.0,1.98,1.235,34.7,53.4,4330.0,92.6,98.8,0.03,3.32,27.2,0.6,8.25,430.0,2.29,0.05,37.8,1.19,0.606,3.23,286.0,5.93,76.9,111.5,51.1,900396.6199,6478.368551,3579.0,105.550712,55.103417,1.0,2.2042,132.0,0.0112,135.576129,31.499678,116.0,0.6404,18.0,0.0112,47.377498,26.943765,46.0,79.7505,120.0,8.9102,16.0,0.0,16.0,100.0,16.0,100.0
40312015.0,0.0,50.000000127,0.0,0.0,0.0,0.0,0.0,0.0,0.0,0.0,-113.8086181,34.74985213,0.087,7.55,4.5,690.0,5.68,1.085,2.58,0.145,334.0,14.1,39.3,9.84,15.5,6.65,26.9,0.3,1.49,0.137,2.71,112.5,42.3,0.89,1050.0,2.89,1.78,35.7,17.1,2320.0,45.3,217.0,0.005,2.37,21.4,0.2,8.48,294.0,2.51,0.07,71.9,0.664,1.315,8.46,89.1,5.07,79.4,133.5,38.5,31748.76684,1383.407593,85.0,134.152941,55.099163,148.0,3.3113,79.0,0.3311,125.130952,32.448413,113.0,1.2346,66.0,0.3086,-25.788162,2.675372,-26.0,99.3769,8.0,0.6231,23.0,0.0,23.0,100.0,23.0,100.0
40122132.0,67.59075033,0.0,32.40924931,0.0,0.0,0.0,0.0,0.0,0.0,0.0,-113.6117102,34.86858966,0.303,4.53,10.2,520.0,2.03,0.992,2.28,0.565,141.5,10.9,46.3,3.85,207.0,3.73,14.7,0.24,2.08,0.124,1.77,68.6,20.4,0.77,515.0,10.0,0.842,15.0,19.35,2220.0,36.9,88.5,0.01,1.99,10.3,0.6,4.2,254.0,1.02,0.12,20.8,0.438,0.52,4.1,84.3,8.67,31.6,116.5,68.6,10512782.76,26815.54866,103179.0,121.424902,43.376376,109.0,1.9484,242.0,0.0077,102.432755,47.526632,255.0,1.6257,3.0,0.0115,118.164853,162.167308,-9.0,10.6307,-78.0,0.0057,13.769298,4.637699,16.0,76.5953,7.0,1.4379
40122128.0,26.0334525,23.966548243,0.0,0.0,0.0,0.0,0.0,0.0,0.0,0.0,-113.6065841,34.8883197,0.134,6.69,15.55,560.0,2.41,0.425,2.77,0.219,191.0,19.05,55.2,8.61,66.2,5.3,20.5,0.24,2.42,0.088,1.82,92.3,31.2,1.49,825.0,2.61,1.3,21.3,37.3,2590.0,27.7,107.5,0.03,1.02,17.7,0.7,4.58,281.0,1.45,0.05,22.0,0.702,0.602,3.41,109.0,3.46,41.7,128.5,80.6,89171.00531,1358.442246,884.0,113.182127,33.063419,99.0,5.0905,33.0,0.1131,76.735426,24.932725,75.0,2.3543,5.0,0.1121,318.0,0.0,318.0,100.0,318.0,100.0,16.0,0.0,16.0,100.0,16.0,100.0
40122134.0,57.47494036,15.5994465,0.0,0.0,0.0,0.0,26.92561315,0.0,0.0,0.0,-113.5943461,34.84961165,0.202,4.98,11.0,520.0,2.28,1.445,3.34,0.548,222.0,23.7,206.0,3.03,157.0,13.2,18.75,0.35,2.47,0.106,1.61,106.0,22.1,1.04,948.0,6.44,0.864,21.6,40.5,2040.0,47.8,85.3,0.01,1.31,11.85,1.0,5.18,256.0,1.46,0.2,53.6,0.727,0.499,5.95,311.0,8.5,43.0,135.5,77.1,2664310.327,14011.71681,26319.0,143.220373,43.385884,120.0,1.9789,13.0,0.0114,107.800411,49.923551,69.0,1.1497,4.0,0.0038,-61.680311,15.778623,-64.0,29.265,-108.0,2.562,16.0,0.0,16.0,100.0,16.0,100.0
40122133.0,55.75992068,44.24007937,0.0,0.0,0.0,0.0,0.0,0.0,0.0,0.0,-113.6207529,34.84804595,0.242,5.72,8.49,680.0,2.48,0.912,3.83,0.629,170.5,13.35,67.3,3.62,111.5,4.52,17.65,0.26,2.74,0.102,2.22,82.6,22.0,0.91,602.0,5.8,1.395,21.0,25.6,2720.0,28.7,108.5,0.01,1.23,12.25,0.7,4.55,342.0,1.39,0.09,27.8,0.603,0.597,4.0,106.5,6.51,42.3,100.5,90.2,1772369.213,11846.91403,17446.0,136.120142,42.874818,255.0,1.9854,62.0,0.0171,98.278481,48.027714,255.0,1.357,8.0,0.0057,-81.750295,17.876515,-78.0,33.2286,-112.0,0.331,16.0,0.0,16.0,100.0,16.0,100.0
40122138.0,84.01638025,0.0,0.0,7.9918104145,0.0,0.0,0.0,0.0,0.0,0.0,-113.6075126,34.78214341,0.271,6.82,21.5,770.0,2.82,0.851,3.98,0.487,181.0,13.85,58.1,6.7,140.5,4.65,21.7,0.3,2.85,0.124,2.84,90.3,59.1,1.36,743.0,8.14,1.18,25.6,31.9,2440.0,36.5,158.0,0.01,1.39,13.85,0.6,5.66,392.0,1.93,0.09,27.1,0.576,0.82,5.52,93.1,8.58,47.8,148.5,88.6,,,,,,,,,,,,,,,,,,,,,,,,,,,
40122135.0,23.54505539,0.0,76.4549447,0.0,0.0,0.0,0.0,0.0,0.0,0.0,-113.6134521,34.82718708,0.298,5.05,10.6,600.0,2.38,0.969,3.89,1.26,196.0,13.25,68.3,2.86,143.5,5.26,16.9,0.29,3.08,0.115,1.99,93.7,20.5,0.87,666.0,7.55,1.04,22.7,23.9,3260.0,40.4,96.2,0.01,1.5,13.5,0.9,4.7,291.0,1.49,0.1,29.4,0.642,0.521,5.27,118.5,7.39,48.3,127.5,103.5,4513401.34,20302.54624,44293.0,127.126521,41.424358,111.0,1.8073,14.0,0.0045,94.066355,45.047607,255.0,1.3492,2.0,0.0022,-104.40026,17.552989,-117.0,22.2026,-64.0,0.3592,18.189859,3.24554,16.0,68.7163,23.0,31.2837
40122137.0,99.27550683,0.724493186,0.0,0.0,0.0,0.0,0.0,0.0,0.0,0.0,-113.6112844,34.81209497,0.177,4.94,10.4,560.0,1.96,0.533,4.18,0.251,173.0,12.4,69.3,3.01,51.4,4.08,15.75,0.29,3.16,0.07,1.61,78.0,26.6,0.89,624.0,4.59,1.25,18.85,24.3,3030.0,23.6,85.9,0.005,0.95,15.7,0.6,3.86,430.0,1.13,0.06,26.3,0.645,0.509,4.75,102.0,3.69,49.8,78.7,107.5,22771640.12,43992.12918,194264.0,133.684604,43.964251,124.0,1.4174,18.0,0.0013,95.865549,41.27097,80.0,1.089,3.0,0.0093,41.021769,119.15019,45.0,5.073,61.0,0.0083,21.968267,2.481463,23.0,85.261,16.0,14.739
40122136.0,57.52350232,21.238248556,0.0,0.0,0.0,0.0,0.0,0.0,0.0,0.0,-113.610596,34.81925,0.469,5.68,16.1,720.0,2.47,1.025,4.76,1.185,236.0,14.7,71.1,3.48,215.0,5.55,19.1,0.34,3.25,0.147,2.37,111.5,24.3,0.94,755.0,15.6,1.09,26.8,25.6,3890.0,50.1,119.5,0.01,2.17,13.85,1.0,5.47,321.0,1.84,0.1,39.2,0.709,0.669,5.75,125.0,10.5,57.9,145.0,102.0,,,,,,,,,,,,,,,,,,,,,,,,,,,
40122129.0,100.0,0.0,0.0,0.0,0.0,0.0,0.0,0.0,0.0,0.0,-113.575146,34.87814398,0.358,6.47,46.1,720.0,3.11,0.624,3.06,0.23,185.0,12.45,64.3,25.1,114.0,4.44,20.3,0.28,3.36,0.13,2.44,88.7,43.8,1.07,591.0,3.57,1.42,26.5,32.2,3090.0,46.8,166.0,0.02,6.27,14.9,0.7,5.13,384.0,1.88,0.15,31.0,0.653,0.989,4.95,94.4,5.64,46.9,142.0,108.5,2137197.215,9105.355571,20683.0,106.884349,40.169903,107.0,1.9037,176.0,0.0237,120.392849,49.552929,255.0,2.0024,2.0,0.0047,210.289504,75.754232,258.0,30.114,60.0,0.9867,5.0,0.0,5.0,100.0,5.0,100.0
40122130.0,90.73285554,9.26714504,0.0,0.0,0.0,0.0,0.0,0.0,0.0,0.0,-113.5626766,34.86966271,0.06,5.72,8.93,450.0,2.63,0.381,3.33,0.132,253.0,31.6,233.0,6.67,33.0,15.1,22.3,0.41,4.8,0.092,1.35,120.5,28.1,1.43,1120.0,1.55,1.245,31.1,53.1,4170.0,24.1,85.5,0.02,0.56,20.2,1.2,5.91,298.0,1.71,0.02,43.5,1.155,0.439,4.27,360.0,2.05,53.0,123.5,160.0,8950810.227,23222.49,77384.0,126.288806,42.353108,112.0,1.6291,241.0,0.0034,116.214169,40.301387,97.0,1.0448,2.0,0.0011,60.960389,43.28313,65.0,12.597,177.0,0.1345,6.315239,3.838264,5.0,69.9115,16.0,13.4677
40122131.0,74.21423912,0.0,25.78576087,0.0,0.0,0.0,0.0,0.0,0.0,0.0,-113.5688564,34.87402721,0.074,5.94,9.98,480.0,2.53,0.493,3.87,0.129,283.0,28.1,132.5,6.75,32.9,9.1,22.1,0.41,6.25,0.115,1.43,130.0,28.3,1.43,1090.0,1.66,1.31,33.9,44.0,5510.0,23.9,87.4,0.02,0.57,23.3,1.3,7.57,340.0,1.95,0.02,44.3,1.195,0.46,5.26,212.0,3.96,66.6,115.5,223.0,1675900.732,11104.73819,15973.0,124.984411,41.718679,120.0,2.0184,192.0,0.006,121.45778,45.271894,255.0,1.2747,7.0,0.006,99.980883,39.738097,93.0,36.001,65.0,0.0475,5.0,0.0,5.0,100.0,5.0,100.0
40312020.0,3.977574632,0.0,96.02242457,0.0,0.0,0.0,0.0,0.0,0.0,0.0,-113.591626,34.63960131,0.12,4.59,4.76,640.0,1.59,0.375,2.32,0.248,154.0,15.85,73.4,2.27,55.2,3.99,14.6,0.25,0.46,0.059,1.56,79.8,13.5,1.03,643.0,5.73,0.957,15.0,39.4,2000.0,23.0,84.0,0.01,0.5,11.75,0.4,1.93,205.0,0.81,0.04,18.1,0.498,0.453,1.33,84.3,4.06,27.1,102.0,12.5,,,,,,,,,,,,,,,,,,,,,,,,,,,
40312022.0,31.611895515666664,0.0,0.0,0.0,0.0,0.0,5.164313485,0.0,0.0,0.0,-113.6051993,34.64492302,0.098,5.66,4.72,630.0,1.97,0.529,3.22,0.214,204.0,29.7,201.0,3.09,34.6,8.7,20.1,0.35,0.815,0.074,1.67,100.5,16.8,1.8,976.0,3.39,1.37,23.9,94.4,2720.0,32.2,99.9,0.01,0.52,19.15,0.7,3.03,310.0,1.39,0.05,31.4,0.864,0.528,2.39,185.5,4.03,41.5,107.0,23.5,17738.44056,834.8717832,176.0,116.670455,34.494638,68.0,7.1429,127.0,1.0989,107.817647,36.745816,86.0,2.8409,49.0,0.5682,-77.0,0.0,-77.0,100.0,-77.0,100.0,23.0,0.0,23.0,100.0,23.0,100.0
40312021.0,82.65372313,2.099060716,0.0,7.3914711235,0.0,0.0,0.009444121,0.454829847,0.0,0.0,-113.661485,34.64158375,0.263,7.4,4.87,560.0,2.73,0.203,2.73,0.165,202.0,24.7,87.6,4.78,31.4,7.94,23.1,0.35,1.64,0.098,1.99,101.0,28.6,1.39,883.0,1.01,1.71,25.9,38.3,2180.0,25.1,138.0,0.01,0.56,20.6,0.7,5.36,321.0,1.47,0.02,28.2,0.738,0.715,4.12,163.5,1.65,50.9,123.5,47.0,3904117.498,11221.82346,29306.0,127.889374,49.112744,1.0,2.0777,5.0,0.0026,148.398796,41.459635,255.0,1.3288,28.0,0.0026,251.035041,71.651644,328.0,27.5135,308.0,1.5993,23.0,0.0,23.0,100.0,23.0,100.0
40122139.0,100.0,0.0,0.0,0.0,0.0,0.0,0.0,0.0,0.0,0.0,-113.591052,34.63928,0.468,6.94,7.22,1040.0,2.15,3.24,3.92,0.446,206.0,19.05,100.5,3.93,82.9,5.47,21.7,0.34,1.4,0.089,2.37,102.0,22.1,1.46,930.0,7.56,1.125,24.2,50.9,3630.0,49.9,130.5,0.01,1.13,19.1,0.8,3.39,273.0,1.36,0.05,33.2,0.831,0.718,3.19,120.0,7.98,46.0,154.5,43.7,5174.01473,377.1618472,66.0,112.272727,41.930514,172.0,21.2121,95.0,1.5152,84.873016,21.801771,73.0,6.3492,60.0,1.5873,-133.245902,9.827455,-130.0,90.1639,-163.0,9.8361,23.0,0.0,23.0,100.0,23.0,100.0
40122140.0,77.05966256,22.94033778,0.0,0.0,0.0,0.0,0.0,0.0,0.0,0.0,-113.6050362,34.64487516,0.296,7.29,5.1,920.0,2.26,0.886,3.74,0.327,215.0,21.9,104.0,4.63,34.1,5.9,24.2,0.36,1.805,0.073,2.55,106.5,25.7,1.42,892.0,2.17,1.335,22.4,50.5,3700.0,35.0,148.5,0.02,1.02,17.95,1.1,3.54,275.0,1.25,0.06,35.0,0.807,0.783,3.61,135.0,16.0,44.0,131.0,58.6,23651.39166,1162.593461,236.0,107.478814,28.483633,116.0,10.0418,173.0,0.4184,94.8159,36.368057,93.0,3.3058,33.0,0.4132,-77.0,0.0,-77.0,100.0,-77.0,100.0,23.0,0.0,23.0,100.0,23.0,100.0
40122142.0,100.0,0.0,0.0,0.0,0.0,0.0,0.0,0.0,0.0,0.0,-113.567645,34.831825,0.586,7.06,56.2,770.0,2.79,0.788,3.62,0.681,186.5,15.3,47.6,9.34,247.0,4.47,22.2,0.28,2.73,0.165,2.85,91.4,94.0,1.9,860.0,21.5,0.917,26.6,32.2,2010.0,62.3,189.5,0.08,4.73,14.4,0.7,5.6,2320.0,2.01,0.14,26.0,0.573,0.958,6.89,87.9,6.67,50.2,204.0,84.7,7987530.307,19423.75241,74270.0,143.905709,47.171124,255.0,2.2139,242.0,0.0025,114.185776,43.906035,255.0,1.1122,6.0,0.0076,-63.752724,43.361604,-109.0,13.9845,12.0,0.0087,16.811461,2.240928,16.0,88.4077,23.0,11.5923
40307031.0,0.0,100.0,0.0,0.0,0.0,0.0,0.0,0.0,0.0,0.0,-109.2029123,32.94065034,0.169,7.43,5.5,890.0,2.66,0.229,4.09,0.24,81.6,19.05,102.0,3.87,59.7,4.97,20.4,0.23,4.95,0.07,2.39,40.0,46.9,1.08,889.0,1.7,1.91,17.7,36.2,1380.0,23.0,99.8,0.01,0.63,10.0,0.5,2.21,560.0,1.03,0.1,9.1,0.703,0.34,1.79,147.5,1.54,26.3,110.0,190.0,5476093.405,22479.47909,52496.0,100.329149,31.406379,118.0,2.5331,8.0,0.0056,63.055656,33.880387,48.0,1.9285,232.0,0.0019,-74.443881,42.36176,-47.0,18.0955,-20.0,0.0722,5.120146,5.872018,2.0,75.1731,9.0,5.3867
40312351.0,95.12878239,3.905698492,0.0,0.0,0.0,0.0,0.965519098,0.0,0.0,0.0,-113.7423403,35.37119343,1.54,7.79,7.95,810.0,1.76,0.185,2.25,0.505,70.8,12.05,50.6,4.72,20.1,3.55,21.1,0.11,1.655,0.037,2.42,31.6,27.3,0.83,440.0,0.82,2.69,9.44,27.2,930.0,34.7,104.0,0.01,0.93,8.61,0.1,1.77,511.0,0.71,0.02,14.9,0.375,0.515,3.22,82.8,1.59,15.05,101.5,52.0,50562.97623,1278.489453,513.0,93.664717,44.720277,1.0,5.6311,42.0,0.3883,98.45809,45.072377,75.0,2.3301,2.0,0.1942,1.0,0.0,1.0,100.0,1.0,100.0,9.0,0.0,9.0,100.0,9.0,100.0
40312023.0,100.0,0.0,0.0,0.0,0.0,0.0,0.0,0.0,0.0,0.0,-113.2857742,34.60795501,0.121,6.55,12.35,630.0,1.72,0.368,3.77,0.191,75.4,18.2,85.2,11.85,110.5,3.91,16.4,0.11,3.32,0.065,1.71,37.7,82.5,2.26,684.0,7.78,1.26,16.5,48.9,960.0,18.7,96.9,0.04,0.92,13.95,0.2,2.05,391.0,1.1,0.07,10.25,0.47,0.507,2.1,95.9,2.26,24.0,84.9,117.5,,,,,,,,,,,,,,,,,,,,,,,,,,,
40312024.0,100.0,0.0,0.0,0.0,0.0,0.0,0.0,0.0,0.0,0.0,-113.0833086,34.51547752,0.086,7.11,6.48,530.0,2.95,1.285,2.39,0.163,166.5,10.55,68.0,11.95,105.0,4.47,17.8,0.19,1.765,0.045,2.6,83.1,39.3,0.69,728.0,1.68,1.695,12.85,24.7,840.0,30.8,172.5,0.02,0.94,9.93,0.1,2.35,224.0,1.32,0.07,32.6,0.327,0.902,4.9,75.2,2.65,24.4,86.8,54.9,12951830.9,36102.32349,121066.0,87.684742,37.478776,95.0,1.6378,203.0,0.0008,116.29442,33.211787,103.0,1.3193,2.0,0.0008,293.32761,63.287557,336.0,8.6431,231.0,0.0023,14.801333,3.744648,16.0,90.674,7.0,0.343
40312025.0,100.0,0.0,0.0,0.0,0.0,0.0,0.0,0.0,0.0,0.0,-113.1512962,34.51309605,0.092,5.87,4.17,500.0,2.98,0.998,2.02,0.133,137.5,15.0,83.5,10.2,26.1,5.51,16.35,0.18,3.11,0.067,1.7,66.4,40.4,0.83,1020.0,1.37,1.375,16.6,26.5,740.0,21.8,95.8,0.005,0.72,14.85,0.3,2.18,257.0,3.3,0.08,26.0,0.607,0.523,3.47,116.5,3.12,32.3,75.7,98.3,6108052.718,15969.33143,56120.0,155.49444,57.875632,255.0,11.5031,18.0,0.01,131.412384,43.156514,106.0,1.1334,7.0,0.0017,317.319216,105.3311,307.0,17.6056,233.0,0.1989,12.860503,4.289409,16.0,65.1167,7.0,34.8833
40312111.0,26.90068576,73.09931363,0.0,0.0,0.0,0.0,0.0,0.0,0.0,0.0,-112.2753357,34.01165066,0.818,7.21,65.2,690.0,2.37,0.565,2.79,0.207,106.5,9.7,41.2,8.98,27.3,3.63,16.7,0.14,1.01,0.041,2.49,51.8,49.4,0.64,914.0,0.93,1.98,9.59,15.35,980.0,54.5,112.0,0.04,1.99,9.2,0.1,1.44,334.0,0.86,0.08,13.35,0.254,0.538,4.35,71.5,6.52,15.05,77.0,33.2,8190509.024,17695.26924,68317.0,150.607653,41.911881,130.0,1.3002,22.0,0.0012,110.660054,27.75552,107.0,1.3843,4.0,0.0012,-204.562669,19.369253,-220.0,13.8449,-146.0,0.3931,16.015234,0.3262,16.0,99.7824,23.0,0.2176
40312110.0,20.60935127,79.3906478,0.0,0.0,0.0,0.0,0.0,0.0,0.0,0.0,-112.2724529,34.00639659,0.889,7.27,39.4,580.0,2.69,1.17,3.55,0.22,189.5,12.65,59.0,15.9,37.9,4.04,17.65,0.2,1.105,0.042,2.22,95.9,71.0,0.87,997.0,0.97,1.775,10.4,24.6,1300.0,89.7,123.0,0.04,2.86,12.05,0.1,1.37,431.0,1.04,0.09,37.7,0.298,0.602,6.86,85.0,13.3,22.7,98.0,38.1,,,,,,,,,,,,,,,,,,,,,,,,,,,
40312026.0,32.9268251,0.0,67.07317493,0.0,0.0,0.0,0.0,0.0,0.0,0.0,-113.0336448,34.45866904,0.136,7.44,5.0,590.0,3.02,0.592,2.45,0.241,138.5,11.05,37.6,7.48,105.5,3.68,19.2,0.15,3.38,0.069,2.54,63.0,41.3,0.93,773.0,3.06,1.73,22.7,19.75,1330.0,29.5,142.5,0.04,0.65,12.0,0.2,3.32,220.0,1.78,0.12,24.7,0.42,0.738,4.13,70.8,1.86,39.0,99.2,111.0,14198295.4,28537.01971,126969.0,124.006765,44.489159,1.0,1.6079,2.0,0.0029,89.333425,39.677515,72.0,1.1654,247.0,0.0036,362.150796,75.5108,338.0,7.9632,270.0,0.0646,22.855411,0.995598,23.0,97.9344,16.0,2.0656
40312027.0,99.99999995,0.0,0.0,0.0,0.0,0.0,0.0,0.0,0.0,0.0,-112.9775805,34.45553438,0.095,7.81,3.23,550.0,2.88,0.396,2.0,0.165,119.5,10.45,35.5,4.6,115.0,2.65,18.4,0.12,3.44,0.054,3.45,40.3,29.6,0.65,707.0,2.25,2.51,20.4,23.2,760.0,38.6,171.0,0.01,0.4,8.51,0.1,3.2,186.5,1.76,0.09,24.2,0.275,0.838,5.37,57.4,1.095,27.6,91.3,108.0,7977254.848,16554.01722,60069.0,128.173567,40.378776,141.0,1.1119,24.0,0.0013,98.729547,34.911252,86.0,1.0693,7.0,0.0025,412.001887,80.919743,416.0,14.0436,235.0,0.0075,23.0,0.0,23.0,100.0,23.0,100.0
40312113.0,41.013183005,0.0,17.9736336,0.0,0.0,0.0,0.0,0.0,0.0,0.0,-112.2954334,34.01909572,0.395,8.41,15.15,600.0,2.15,0.848,2.16,0.517,86.7,20.9,79.4,8.55,84.8,6.89,22.3,0.15,0.844,0.074,1.87,42.4,57.7,1.1,1490.0,1.18,1.525,10.05,34.1,1020.0,38.9,82.1,0.04,1.2,17.5,0.4,1.53,308.0,0.8,0.19,9.82,0.354,0.438,3.2,150.0,3.57,20.9,124.5,27.3,5630204.849,15255.46114,44233.0,155.110438,41.758594,255.0,1.4594,47.0,0.0018,85.917904,35.063927,83.0,0.9665,210.0,0.0018,-200.284228,8.966435,-195.0,20.1406,-191.0,0.0107,14.051908,3.706449,16.0,78.3545,7.0,21.6455
40312112.0,100.0,0.0,0.0,0.0,0.0,0.0,0.0,0.0,0.0,0.0,-112.2925451,34.01067966,0.348,6.82,23.8,510.0,1.84,1.05,2.44,0.509,108.5,22.9,132.0,6.52,83.1,12.35,21.4,0.18,0.844,0.076,1.53,53.3,41.7,0.93,2040.0,1.33,1.395,9.29,35.4,1100.0,46.1,76.3,0.04,1.47,16.2,0.1,1.5,299.0,0.85,0.22,13.15,0.378,0.366,3.62,269.0,4.34,25.2,122.5,29.8,,,,,,,,,,,,,,,,,,,,,,,,,,,
40312028.0,0.0,99.77462279,0.0,0.0,0.0,0.0,0.225377022,0.0,0.0,0.0,-112.3609569,34.00633855,0.139,8.16,31.1,730.0,2.7,0.67,1.69,0.207,103.5,15.65,59.0,13.2,50.6,4.03,18.45,0.14,0.982,0.049,2.12,50.2,52.5,0.98,985.0,0.87,1.675,9.96,27.8,1420.0,27.6,95.3,0.03,3.73,14.55,0.5,1.36,332.0,0.71,0.14,11.0,0.337,0.588,2.09,90.7,10.5,22.0,90.0,32.5,885186.7658,6035.750645,6326.0,169.454474,38.202276,255.0,1.8733,91.0,0.0115,89.528015,26.95082,84.0,1.3339,7.0,0.0115,-200.487347,5.772631,-196.0,53.005,-189.0,0.0339,6.047483,3.777447,5.0,92.4189,23.0,3.0508
40312352.0,100.0,0.0,0.0,0.0,0.0,0.0,0.0,0.0,0.0,0.0,-113.470075,34.501364,0.079,6.25,20.5,435.0,2.2,0.302,1.72,0.27,500.1,10.9,38.3,3.66,22.4,5.3,22.1,0.35,6.58,0.105,2.88,202.0,23.9,0.7,792.0,5.68,1.41,40.6,17.05,1030.0,47.9,177.0,0.005,0.51,12.5,0.3,3.45,170.0,1.93,0.14,460.0,0.69,0.916,26.9,73.9,2.73,98.1,99.5,196.5,319808.4737,3710.438442,2976.0,82.327285,44.683366,49.0,2.943,110.0,0.0316,94.16352,35.051786,80.0,1.7795,15.0,0.0318,-133.638854,8.858952,-139.0,73.1943,-119.0,26.8057,23.0,0.0,23.0,100.0,23.0,100.0
40312032.0,100.0000001,0.0,0.0,0.0,0.0,0.0,0.0,0.0,0.0,0.0,-113.2150052,34.46497764,0.041,5.0,6.35,408.0,2.3,2.59,3.35,0.178,237.0,25.9,240.0,14.45,50.0,19.55,17.5,0.27,2.63,0.056,1.51,111.0,41.3,0.76,2080.0,1.98,1.05,32.1,49.3,1200.0,38.9,103.0,0.05,0.7,13.0,0.4,2.68,257.0,62.9,0.12,37.5,0.646,0.53,5.54,256.0,83.9,48.5,102.0,65.1,6200371.228,17612.72064,52852.0,90.802373,41.77668,1.0,1.7434,187.0,0.0016,108.391658,34.952707,98.0,1.2647,1.0,0.0016,222.403168,19.310269,225.0,18.221,237.0,0.106,23.0,0.0,23.0,100.0,23.0,100.0
40312029.0,17.33827774,82.66172226,0.0,0.0,0.0,0.0,0.0,0.0,0.0,0.0,-113.2211005,34.54838198,0.377,8.01,15.75,540.0,2.78,1.14,1.31,0.754,175.0,15.85,77.5,11.15,138.5,4.48,21.0,0.16,2.74,0.083,2.39,85.5,27.4,0.95,971.0,12.05,1.88,17.8,36.6,1200.0,273.0,154.0,0.04,1.48,12.2,0.3,3.39,292.0,1.49,0.06,35.7,0.405,0.815,4.94,88.5,5.23,33.6,267.0,92.0,3698.386017,307.1897363,26.0,65.230769,36.315188,77.0,23.0769,50.0,2.5641,92.619048,21.730988,82.0,5.1282,61.0,2.5641,243.0,0.0,243.0,100.0,243.0,100.0,16.0,0.0,16.0,100.0,16.0,100.0
40312031.0,9.862538976,90.137461,0.0,0.0,0.0,0.0,0.0,0.0,0.0,0.0,-113.2192123,34.54862832,0.42,8.36,15.6,550.0,3.0,1.255,1.39,0.847,172.5,16.3,72.1,12.1,132.5,4.44,23.1,0.19,2.88,0.089,2.44,83.1,30.3,1.03,1130.0,9.07,1.87,19.4,36.5,1220.0,319.0,154.0,0.05,1.44,13.3,0.5,3.48,309.0,1.62,0.07,35.3,0.449,0.85,5.43,93.1,5.93,35.0,289.0,97.9,567345.3,4123.701974,2578.0,92.242048,41.800641,88.0,1.3841,149.0,0.018,101.000392,32.751265,101.0,0.8036,4.0,0.0179,228.646966,40.848396,226.0,33.8828,243.0,10.2596,16.0,0.0,16.0,100.0,16.0,100.0
40312033.0,91.31357231,8.686427768,0.0,0.0,0.0,0.0,0.0,0.0,0.0,0.0,-113.2400652,34.44861633,0.114,6.73,8.73,670.0,4.05,1.315,2.86,0.157,196.0,12.05,63.0,29.6,144.5,5.49,18.9,0.22,7.93,0.066,2.32,90.9,53.0,0.92,995.0,3.12,1.475,32.6,24.4,1720.0,38.1,157.5,0.04,1.05,14.05,0.2,4.73,255.0,3.24,0.07,79.8,0.603,0.868,9.91,111.0,6.87,66.9,100.5,263.0,22216.16136,1183.922131,205.0,81.887805,23.31653,68.0,10.0,25.0,0.4762,76.6,29.787032,72.0,3.5714,7.0,0.4464,240.0,0.0,240.0,100.0,240.0,100.0,23.0,0.0,23.0,100.0,23.0,100.0
40312035.0,96.96779824,3.032201745,0.0,0.0,0.0,0.0,0.0,0.0,0.0,0.0,-113.1756906,34.3989531,0.064,6.58,6.74,650.0,1.76,0.347,5.1,0.122,123.0,16.3,133.5,4.88,34.2,4.57,15.65,0.14,2.63,0.048,2.1,57.8,28.9,1.45,920.0,1.06,1.795,17.45,46.6,1210.0,19.9,106.0,0.06,0.43,14.9,0.5,2.03,445.0,1.29,0.04,19.55,0.534,0.521,3.05,111.5,1.275,30.3,68.5,87.6,12183147.4,20936.53777,116977.0,72.522017,43.034864,1.0,2.8229,217.0,0.0025,92.764628,42.085756,255.0,1.6462,246.0,0.0117,86.121142,31.35645,62.0,9.1858,58.0,0.0343,22.887812,0.879051,23.0,98.3973,16.0,1.6027
40312034.0,100.0,0.0,0.0,0.0,0.0,0.0,0.0,0.0,0.0,0.0,-113.1805383,34.39320407,0.055,6.8,6.18,720.0,1.96,0.571,3.77,0.122,135.5,20.9,151.0,6.29,34.0,9.2,19.35,0.19,2.69,0.064,2.21,62.7,31.4,1.33,1520.0,1.18,1.78,34.6,51.6,1250.0,24.7,128.0,0.05,0.39,16.9,0.3,3.07,371.0,2.63,0.06,23.4,0.797,0.583,3.43,180.0,20.2,35.1,97.6,93.0,417904.1446,3788.344104,3981.0,81.96006,46.888513,1.0,2.7113,38.0,0.0244,80.878758,43.584027,62.0,2.1251,2.0,0.0241,36.107799,14.758031,46.0,47.5078,-39.0,2.2418,23.0,0.0,23.0,100.0,23.0,100.0
40312353.0,100.0000001,0.0,0.0,0.0,0.0,0.0,0.0,0.0,0.0,0.0,-113.8390812,34.18749352,0.317,3.32,5.81,860.0,0.97,0.259,2.19,0.213,115.0,23.7,37.3,1.32,1940.0,10.45,11.8,0.2,0.994,0.058,1.12,52.5,13.9,0.92,584.0,2.47,0.697,17.05,17.35,800.0,19.6,48.5,0.4,0.57,9.48,1.2,4.16,205.0,1.01,0.1,12.55,0.49,0.251,2.98,109.5,36.4,31.4,68.1,27.8,,,,,,,,,,,,,,,,,,,,,,,,,,,
40312038.0,100.0,0.0,0.0,0.0,0.0,0.0,0.0,0.0,0.0,0.0,-112.9490595,34.45550768,0.103,7.58,4.28,610.0,2.54,0.774,1.97,0.235,155.0,16.75,38.0,6.15,110.0,4.41,19.4,0.16,3.2,0.073,2.48,75.2,34.8,0.94,886.0,2.31,1.85,21.0,29.6,1250.0,28.2,142.0,0.03,1.0,14.2,0.2,3.04,241.0,1.51,0.08,25.2,0.507,0.737,4.68,99.5,1.765,41.1,108.5,107.0,527120.4861,3448.683775,4473.0,147.36575,37.8757,119.0,2.1756,58.0,0.0385,94.986049,31.717954,81.0,1.64,12.0,0.0193,585.913643,63.635841,581.0,46.901,603.0,5.0831,23.0,0.0,23.0,100.0,23.0,100.0
40312039.0,100.0,0.0,0.0,0.0,0.0,0.0,0.0,0.0,0.0,0.0,-112.9431112,34.44959081,0.091,7.5,4.89,610.0,2.9,1.96,1.84,0.222,153.0,14.05,36.9,6.11,119.0,4.16,20.4,0.16,3.21,0.062,2.81,64.3,31.3,0.78,922.0,1.68,1.96,26.0,25.5,1200.0,28.1,149.5,0.02,1.89,13.55,0.1,3.45,231.0,1.91,0.08,24.9,0.564,0.729,4.64,102.5,2.18,40.6,102.5,105.5,4687698.53,15524.32563,38466.0,120.22776,37.217847,116.0,1.3906,218.0,0.0022,121.807089,34.400795,116.0,1.0604,3.0,0.0022,521.318905,136.410813,603.0,23.5526,841.0,1.4719,23.0,0.0,23.0,100.0,23.0,100.0
40312037.0,87.06025381,2.206346751,0.0,0.0,0.0,0.0,10.73339918,0.0,0.0,0.0,-112.9534254,34.40253037,0.131,7.39,4.1,630.0,2.43,0.368,1.82,0.153,164.5,13.4,32.9,6.75,44.7,3.87,19.35,0.17,5.38,0.063,2.77,80.4,46.7,0.79,783.0,2.2,1.785,30.3,24.4,1390.0,31.1,154.5,0.02,0.61,12.0,0.1,3.61,209.0,2.64,0.08,27.9,0.496,0.789,8.89,79.1,1.195,48.3,92.5,180.5,2351611.997,10093.43013,20366.0,110.989836,33.72964,114.0,1.667,24.0,0.0043,106.480734,27.627359,97.0,1.5583,14.0,0.0043,280.084277,18.676544,280.0,65.6153,338.0,0.1102,23.0,0.0,23.0,100.0,23.0,100.0
40312036.0,49.999999994999996,0.0,0.0,0.0,0.0,0.0,0.0,0.0,0.0,0.0,-112.9522386,34.39705334,0.101,9.12,6.42,740.0,3.45,0.895,2.97,0.208,231.0,20.2,75.4,6.31,43.3,10.65,27.1,0.26,5.63,0.095,3.3,93.8,45.9,1.11,1320.0,3.88,2.6,56.6,36.9,2200.0,45.3,166.5,0.02,0.63,20.5,0.4,5.77,295.0,4.95,0.08,40.9,0.95,0.792,9.75,238.0,1.43,86.4,118.5,181.0,527432.1757,4802.683064,4451.0,126.592002,33.705643,118.0,2.0314,191.0,0.0192,119.939593,30.196044,110.0,1.5435,49.0,0.0193,311.432678,29.541261,321.0,49.4516,390.0,3.4796,23.0,0.0,23.0,100.0,23.0,100.0
40312041.0,33.33333332266667,0.0,0.0,0.0,0.0,0.0,0.0,0.0,0.0,0.0,-112.9972444,34.46602781,0.057,6.12,4.27,460.0,2.64,5.75,3.06,0.151,243.0,13.55,49.2,4.37,72.3,10.4,20.4,0.28,6.34,0.097,2.06,96.3,29.5,0.62,1000.0,1.87,1.785,37.9,17.05,2590.0,29.4,115.5,0.03,0.84,18.65,0.3,4.75,251.0,2.73,0.04,53.0,0.714,0.56,7.84,196.5,1.62,74.6,90.3,202.0,9253175.834,21877.11263,83533.0,140.57497,42.982801,141.0,1.2704,3.0,0.0022,95.88763,35.871924,84.0,1.3212,2.0,0.0022,595.201183,61.345069,593.0,12.1083,836.0,0.1444,23.0,0.0,23.0,100.0,23.0,100.0
40312042.0,46.89554677,26.5522272115,0.0,0.0,0.0,0.0,0.0,0.0,0.0,0.0,-112.9014888,34.44362738,0.071,6.63,3.72,630.0,2.45,0.284,2.34,0.141,138.0,16.85,142.5,3.62,57.6,4.39,17.7,0.16,2.98,0.073,2.15,58.1,30.7,1.01,799.0,1.29,1.76,29.3,58.8,1360.0,24.3,105.0,0.01,0.46,13.3,0.2,3.29,278.0,2.23,0.04,18.35,0.587,0.566,3.55,104.5,1.26,44.7,78.5,96.6,4514966.858,13125.63766,40772.0,126.967208,33.680724,116.0,1.6375,228.0,0.0022,129.079466,34.974314,120.0,1.165,20.0,0.0022,723.857288,61.236265,715.0,24.8145,520.0,0.466,22.641598,1.542842,23.0,94.88,16.0,5.12
40311889.0,100.0,0.0,0.0,0.0,0.0,0.0,0.0,0.0,0.0,0.0,-107.4690912,32.96562653,0.12,7.93,6.94,710.0,3.19,0.231,2.8,0.258,61.9,13.35,29.1,6.25,25.0,4.17,22.3,0.22,2.21,0.066,2.56,28.6,48.8,0.91,873.0,2.13,1.64,11.35,14.7,1470.0,20.3,169.5,0.02,0.84,11.35,0.5,2.2,324.0,0.7,0.32,7.32,0.42,1.1,2.19,98.0,1.53,25.2,99.7,62.2,114674.1717,2274.605084,1110.0,89.214414,53.696033,1.0,4.4065,102.0,0.0899,57.643113,31.088894,60.0,3.1278,2.0,0.0894,-119.657801,16.998903,-133.0,61.8794,-98.0,38.1206,5.0,0.0,5.0,100.0,5.0,100.0
40312355.0,40.20856852,9.791431447999999,0.0,0.0,0.0,0.0,0.0,0.0,0.0,0.0,-113.9797165,33.73882034,0.275,6.19,7.48,1010.0,1.61,0.204,3.4,0.211,79.2,12.3,60.3,6.18,32.4,3.1,14.05,0.19,2.97,0.053,2.17,41.2,36.3,1.33,837.0,1.03,1.26,13.1,28.9,880.0,27.2,105.0,0.02,1.19,10.9,0.6,1.77,364.0,0.85,0.02,10.5,0.432,0.556,2.32,84.4,1.135,21.7,128.5,114.5,22130260.58,41073.14292,213246.0,38.002786,32.221516,1.0,14.1491,186.0,0.0009,66.245611,46.26766,1.0,2.3305,248.0,0.0097,332.061896,26.83273,329.0,6.9619,234.0,0.0009,19.493375,3.499994,16.0,50.0946,23.0,49.9054
40306500.0,72.06442754,0.0,27.93557242,0.0,0.0,0.0,0.0,0.0,0.0,0.0,-111.9472164,34.05779618,0.066,7.76,4.62,620.0,1.49,0.163,3.39,0.154,77.6,35.6,236.0,3.0,87.3,6.07,18.05,0.27,3.02,0.069,1.13,38.0,31.3,2.02,1060.0,0.93,1.305,21.4,95.8,1100.0,12.55,46.6,0.005,0.58,22.3,0.8,1.42,400.0,1.09,0.02,7.21,0.666,0.235,1.6,153.0,0.839,22.2,94.1,127.5,743.2965473,109.5134963,,,,,,,,,,,,,,79.0,0.0,79.0,100.0,79.0,100.0,7.0,0.0,7.0,100.0,7.0,100.0
40306502.0,40.07767442,0.0,0.0,0.0,0.0,0.0,59.92232357,0.0,0.0,0.0,-111.9067321,34.00650401,0.102,7.96,43.3,600.0,1.62,0.16,2.54,0.183,73.2,31.6,120.0,4.06,100.5,6.38,17.3,0.29,2.67,0.06,1.43,36.1,50.2,1.99,1030.0,0.66,1.145,12.3,59.1,1500.0,17.9,48.4,0.005,1.8,25.0,0.7,1.18,365.0,0.63,0.02,5.53,0.462,0.226,1.53,163.5,0.832,19.4,110.5,110.0,972769.1048,5616.563404,5508.0,179.145969,49.760911,255.0,6.1321,38.0,0.0105,125.085428,38.56781,139.0,0.7314,20.0,0.0104,80.18817,15.353053,74.0,28.3079,56.0,21.2696,9.610978,2.637885,9.0,94.9085,21.0,5.0915
40306503.0,100.0,0.0,0.0,0.0,0.0,0.0,0.0,0.0,0.0,0.0,-111.8666563,33.97441666,0.123,8.46,10.55,640.0,1.66,0.194,2.64,0.114,72.5,25.4,89.9,2.94,90.7,5.68,17.1,0.27,2.7,0.065,1.6,35.8,32.3,1.6,1015.0,0.7,1.84,12.35,47.4,1060.0,18.3,52.1,0.005,1.22,22.3,0.6,1.3,395.0,0.66,0.05,8.0,0.471,0.256,2.0,151.5,0.95,21.5,92.7,106.0,24708796.9,38169.06588,144850.0,163.547497,46.762362,255.0,2.4075,13.0,0.0004,117.727709,31.155932,115.0,0.8579,11.0,0.0004,-18.7189,55.831593,-61.0,8.4581,133.0,0.0012,7.777398,5.34575,4.0,35.935,7.0,1.7381
40306501.0,89.12218302,8.197486992,0.0,0.0,0.0,0.0,2.680330053,0.0,0.0,0.0,-111.930597,33.98977499,0.096,8.16,27.1,650.0,1.65,0.212,1.82,0.134,71.7,20.2,108.0,4.55,63.4,4.83,18.75,0.24,3.04,0.056,1.74,34.9,49.9,1.31,751.0,1.16,1.415,8.99,46.4,920.0,18.95,67.6,0.005,2.96,17.7,0.5,1.25,324.0,0.51,0.02,6.37,0.328,0.295,1.83,105.0,1.1,17.2,97.1,118.0,2442655.915,10745.48105,13235.0,179.629618,47.212582,255.0,5.5857,72.0,0.0042,99.575245,39.729637,74.0,0.7344,4.0,0.0042,182.142055,60.512234,148.0,36.4382,106.0,1.644,12.083598,5.341142,9.0,72.1508,5.0,1.6144
40306505.0,0.0,0.0,0.0,0.0,0.0,0.0,100.0,0.0,0.0,0.0,-111.7070474,34.035934,0.436,4.58,25.8,510.0,1.37,0.23,9.27,2.21,55.5,10.5,48.6,16.95,121.0,2.28,11.3,0.19,2.08,0.044,1.35,28.4,319.0,5.21,451.0,0.56,0.788,13.05,28.3,820.0,45.3,94.0,0.005,0.93,7.64,0.7,1.48,981.0,0.81,0.02,7.36,0.298,2.98,4.45,86.1,0.917,14.35,63.3,79.9,,,,,,,,,,,,,,,,,,,,,,,,,,,
40306506.0,99.45880141,0.0,0.0,0.0,0.0,0.0,0.541201201,0.0,0.0,0.0,-111.286604,34.15765214,0.078,8.41,10.3,430.0,1.2,0.108,3.14,0.133,77.3,30.4,40.9,2.47,104.5,7.77,17.0,0.29,2.1,0.06,0.92,37.2,28.7,1.99,1100.0,0.48,1.825,7.64,19.7,2540.0,10.7,28.7,0.005,1.71,27.6,0.5,0.94,566.0,0.38,0.02,5.23,0.466,0.217,1.5,256.0,0.817,17.9,95.1,80.1,,,,,,,,,,,,,,,,,,,,,,,,,,,
40306507.0,34.08097543,0.0,0.0,0.0,0.0,0.0,65.9190233,0.0,0.0,0.0,-111.3914551,33.97137222,0.069,7.07,56.1,930.0,4.56,0.251,1.53,0.122,229.0,22.1,94.7,5.98,40.2,5.76,22.5,0.46,5.07,0.089,2.13,107.5,37.1,1.11,1185.0,1.49,1.12,14.2,64.0,1820.0,62.7,84.6,0.005,3.81,20.2,0.7,2.23,280.0,0.83,0.02,12.3,0.474,0.425,3.94,136.0,2.34,37.3,112.5,202.0,3334638.863,13473.95668,2599.0,118.209696,46.054565,98.0,0.188,4.0,0.0031,64.243441,27.584965,50.0,0.1604,3.0,0.0031,-153.898134,18.86843,-161.0,32.2931,-146.0,0.0662,8.769231,3.613186,7.0,78.8851,5.0,1.1919
40312290.0,62.86815928,37.13184059,0.0,0.0,0.0,0.0,0.0,0.0,0.0,0.0,-113.4699545,34.49416846,0.084,6.28,25.5,560.0,2.29,0.449,6.16,0.661,359.0,14.1,56.2,4.21,45.0,4.65,21.4,0.5,3.36,0.128,1.99,186.5,28.9,1.09,816.0,3.77,1.18,34.1,27.3,1290.0,27.5,126.5,0.005,0.82,14.3,0.7,4.05,268.0,2.11,0.08,183.5,0.701,0.731,11.0,91.9,3.04,79.2,143.5,122.5,19248.29916,754.9546793,158.0,81.297468,34.300886,68.0,8.377,80.0,0.5236,87.885135,34.465322,51.0,2.6882,31.0,0.5376,-139.0,0.0,-139.0,100.0,-139.0,100.0,23.0,0.0,23.0,100.0,23.0,100.0
40312291.0,33.6844818395,16.315518135,0.0,0.0,0.0,0.0,0.0,0.0,0.0,0.0,-113.4710561,34.49256969,0.082,6.97,17.45,500.0,2.51,0.311,1.68,0.311,500.1,11.1,43.7,3.97,27.1,4.48,25.0,0.58,3.46,0.132,2.53,300.0,25.7,0.87,788.0,4.2,1.46,35.9,18.65,1220.0,45.7,156.5,0.02,0.63,13.85,0.4,3.7,205.0,1.87,0.11,382.0,0.627,0.843,16.25,73.4,2.72,84.0,115.5,122.5,4082254.46,14544.717,35324.0,76.060356,49.008179,1.0,3.7884,249.0,0.0025,92.420907,33.962733,84.0,1.2553,7.0,0.0025,-165.629943,19.586099,-181.0,24.02,-201.0,0.5141,23.0,0.0,23.0,100.0,23.0,100.0
40311893.0,0.0,0.0,100.0,0.0,0.0,0.0,0.0,0.0,0.0,0.0,-109.3287277,32.1579455,0.101,7.05,7.59,424.0,4.3,1.145,1.31,0.408,167.0,9.57,42.6,9.45,37.8,3.26,20.2,0.17,1.51,0.089,2.53,75.4,43.3,0.63,615.0,1.88,1.22,26.7,22.2,610.0,36.6,213.0,0.02,1.24,11.75,0.4,14.5,138.5,2.24,0.12,47.4,0.424,0.927,3.76,54.5,3.79,55.6,97.6,49.8,1202537.318,7657.753844,9679.0,157.276785,43.572541,255.0,2.8841,250.0,0.0087,85.350866,37.077032,69.0,1.3844,7.0,0.0087,-70.166582,11.900564,-77.0,48.2567,-89.0,0.1011,20.490543,3.356907,23.0,64.1506,16.0,35.8494
40311896.0,0.0,0.0,100.0,0.0,0.0,0.0,0.0,0.0,0.0,0.0,-109.3181548,32.15063967,0.055,6.36,18.2,402.0,2.47,0.446,4.69,0.364,81.6,12.45,65.8,7.32,24.7,3.08,16.3,0.11,1.545,0.053,1.78,37.3,50.9,1.32,537.0,1.33,1.405,15.55,34.1,700.0,21.6,115.0,0.01,1.55,11.1,0.8,3.46,230.0,1.15,0.04,15.2,0.402,0.613,2.35,76.7,3.51,29.2,94.1,48.3,3340723.371,11877.75296,16299.0,192.699429,48.069585,255.0,9.0424,38.0,0.0031,74.669465,48.196929,255.0,1.1999,189.0,0.0031,-86.204327,44.700099,-89.0,33.5202,-86.0,0.0121,19.465284,7.142663,23.0,80.273,16.0,0.1468
40311894.0,0.0,0.0,100.0,0.0,0.0,0.0,0.0,0.0,0.0,0.0,-109.3437473,32.15649242,0.092,6.79,6.86,470.0,4.6,1.49,1.53,0.354,217.0,8.28,36.4,9.03,31.9,3.36,20.5,0.26,1.815,0.084,2.78,100.0,43.1,0.6,713.0,2.09,1.48,32.7,13.4,710.0,37.2,225.0,0.02,1.1,10.95,0.5,8.62,156.5,2.81,0.04,73.3,0.5,0.943,6.78,57.6,11.85,82.9,94.5,57.1,5248597.827,12157.06759,37918.0,154.206999,53.57024,255.0,5.8412,42.0,0.0059,88.951119,35.681688,84.0,1.0586,209.0,0.002,-120.367701,12.11324,-125.0,21.6614,-116.0,0.0964,21.787241,2.649251,23.0,82.6749,16.0,17.3251
40311888.0,100.0000001,0.0,0.0,0.0,0.0,0.0,0.0,0.0,0.0,0.0,-107.4688536,32.96573519,0.196,8.61,6.57,780.0,3.79,1.525,3.14,0.228,71.1,18.5,28.1,8.56,161.0,4.85,23.0,0.23,3.63,0.097,2.95,32.4,38.2,1.03,1120.0,1.88,1.415,13.15,19.85,1870.0,28.3,167.5,0.02,0.7,14.4,0.5,2.82,404.0,0.8,0.35,9.78,0.454,1.075,2.32,112.0,3.16,30.9,107.5,128.0,8298.843869,708.5932511,112.0,83.651786,29.118817,107.0,11.4035,63.0,0.8772,59.090909,32.479237,57.0,6.25,26.0,0.8929,-118.728155,17.199681,-133.0,59.2233,-98.0,40.7767,5.0,0.0,5.0,100.0,5.0,100.0
40307785.0,100.0,0.0,0.0,0.0,0.0,0.0,0.0,0.0,0.0,0.0,-113.7421261,34.24554348,0.404,6.44,14.8,1970.0,1.87,0.285,3.18,0.212,105.5,13.45,54.2,5.5,41.1,3.8,16.75,0.19,2.31,0.054,3.0,56.8,28.8,1.28,918.0,2.14,1.08,15.9,24.1,1120.0,35.8,139.5,0.06,2.75,11.55,0.4,2.31,297.0,1.07,0.08,16.25,0.448,0.714,3.08,86.5,3.43,29.9,123.0,74.4,11883.24455,706.5565338,110.0,123.445455,28.883964,155.0,9.0909,116.0,1.8182,99.333333,63.667905,49.0,3.1008,22.0,0.7752,76.0,0.0,76.0,100.0,76.0,100.0,23.0,0.0,23.0,100.0,23.0,100.0
40307786.0,0.1202978735,99.75940465,0.0,0.0,0.0,0.0,0.0,0.0,0.0,0.0,-113.7399299,34.24839199,0.206,6.06,10.65,1430.0,1.79,0.308,3.47,0.26,141.5,13.5,58.5,4.1,35.5,4.29,16.55,0.25,2.52,0.082,2.32,72.7,27.9,1.27,1095.0,1.91,1.225,18.55,24.9,1300.0,38.6,105.0,0.05,1.46,13.6,0.7,2.3,284.0,1.19,0.04,15.6,0.559,0.519,3.19,102.5,1.955,38.6,131.5,86.0,4456.063935,318.2948583,54.0,117.055556,37.315182,86.0,20.3704,91.0,1.8519,85.787234,65.61945,46.0,8.5106,1.0,2.1277,96.150943,5.331983,92.0,62.2642,103.0,37.7359,23.0,0.0,23.0,100.0,23.0,100.0
40430002.0,19.83728159,0.0,80.16271827,0.0,0.0,0.0,0.0,0.0,0.0,0.0,-109.8263781,32.78525786,0.035,7.6,1.68,401.0,2.05,1.135,3.1,0.162,186.5,14.15,56.7,2.67,22.4,4.67,20.6,0.27,0.838,0.099,2.01,86.7,14.6,0.76,983.0,1.3,2.14,21.5,22.8,790.0,23.4,98.6,0.005,0.22,21.1,0.3,4.5,268.0,1.52,0.06,35.2,0.759,0.38,4.44,114.0,0.791,85.5,60.5,21.9,8492771.85,22291.25085,59539.0,158.656511,49.075071,255.0,5.1346,6.0,0.0012,131.22212,54.707971,255.0,3.5393,11.0,0.0207,-232.014043,24.305857,-238.0,13.3142,-212.0,0.176,12.432078,8.602433,19.0,42.9997,35.0,4.8855
40430001.0,40.933165818,0.0,17.34321434,0.0,0.0,0.0,0.79045415,0.0,0.0,0.0,-109.7131085,32.59626816,0.081,7.64,3.14,560.0,3.99,0.573,1.44,0.223,345.0,9.72,62.0,5.79,32.2,3.79,21.0,0.39,2.19,0.104,2.89,164.5,29.1,0.64,849.0,2.64,2.39,58.2,30.9,730.0,34.3,180.5,0.01,0.61,11.5,0.4,6.9,176.0,3.74,0.05,87.6,0.599,0.702,7.09,75.9,2.92,88.6,99.9,54.6,12479130.11,21841.42161,115640.0,137.438888,42.079593,136.0,1.3534,1.0,0.0017,121.848777,47.226788,105.0,0.8605,2.0,0.01,-63.178374,38.27268,-58.0,9.1843,-111.0,0.1409,23.0,0.0,23.0,100.0,23.0,100.0
40430003.0,0.0,0.0,100.0,0.0,0.0,0.0,0.0,0.0,0.0,0.0,-109.8116308,32.94340497,0.072,6.0,5.91,740.0,1.57,0.208,3.82,0.142,74.7,13.95,111.0,5.86,34.1,3.44,14.55,0.14,3.63,0.038,2.14,36.6,48.4,1.21,639.0,0.99,1.485,15.5,37.8,1070.0,16.3,83.8,0.01,0.64,9.3,0.3,1.63,447.0,0.97,0.06,9.05,0.549,0.357,1.94,101.5,1.2,22.3,68.5,138.5,995147.6816,8294.863186,9645.0,125.94028,26.153159,108.0,4.2258,60.0,0.0621,64.428912,21.722571,60.0,2.5758,4.0,0.0103,341.666836,34.599771,366.0,51.0805,331.0,1.2986,5.177836,1.047522,5.0,52.4454,7.0,21.7794
40430051.0,0.0,0.0,100.0,0.0,0.0,0.0,0.0,0.0,0.0,0.0,-109.802355,32.96860093,0.09,6.07,4.36,690.0,1.66,0.278,3.27,0.184,83.0,15.25,135.5,5.38,45.8,4.03,15.35,0.14,3.85,0.066,2.06,41.1,46.0,1.16,634.0,1.35,1.47,18.0,41.4,970.0,18.1,88.4,0.01,0.74,10.0,0.4,2.02,393.0,1.08,0.05,10.65,0.649,0.38,2.19,122.0,1.23,24.4,79.5,148.0,1495999.143,9457.48703,14521.0,128.338475,28.299041,124.0,2.3749,225.0,0.0069,65.956272,23.816277,67.0,2.3201,151.0,0.0069,169.213436,54.277427,235.0,34.8946,355.0,0.4123,5.771625,1.458345,7.0,58.23,5.0,2.4725
40430052.0,0.0,0.0,100.0,0.0,0.0,0.0,0.0,0.0,0.0,0.0,-109.7935887,32.96908759,0.078,6.18,4.54,720.0,1.65,0.21,2.99,0.128,84.5,15.5,127.0,4.84,42.2,3.78,15.65,0.15,4.49,0.054,2.09,42.3,43.7,1.14,562.0,1.0,1.44,17.0,46.1,1090.0,17.25,86.7,0.01,0.67,9.7,0.4,1.88,411.0,1.02,0.02,11.35,0.615,0.356,2.17,118.0,1.265,23.5,76.6,173.0,14735247.88,43470.45969,140542.0,124.264825,35.365884,114.0,1.6721,28.0,0.0007,71.28222,25.84325,61.0,1.9643,212.0,0.0007,101.591516,60.768276,139.0,7.7798,215.0,0.0254,13.831388,8.963827,11.0,26.0433,4.0,4.2391
40430056.0,49.9999994975,0.0,0.0,0.0,0.0,0.0,0.0,0.0,0.0,0.0,-109.7573027,33.0577581,0.087,7.89,3.69,860.0,1.86,0.285,2.4,0.246,73.8,20.9,111.5,3.27,78.7,4.29,19.8,0.17,4.53,0.058,1.94,34.5,20.9,1.12,684.0,1.08,1.505,13.05,66.7,840.0,18.25,79.6,0.03,0.57,13.45,0.5,1.81,571.0,0.85,0.04,9.49,0.587,0.342,1.55,116.5,1.03,20.7,91.4,185.5,391711.3092,4044.906851,3717.0,145.33145,38.476858,179.0,1.8748,212.0,0.0528,104.080298,46.51775,88.0,1.6492,2.0,0.0262,-110.137078,56.400035,-142.0,75.4445,-36.0,1.9067,11.0,0.0,11.0,100.0,11.0,100.0
40430054.0,85.11928477,0.0,0.0,0.0,0.0,0.0,14.8807337,0.0,0.0,0.0,-109.736041,33.01830926,0.1,7.64,4.51,790.0,1.9,0.268,2.08,0.167,85.9,18.6,156.5,4.1,66.4,4.41,19.45,0.15,4.83,0.062,2.09,42.4,23.2,1.07,633.0,2.06,1.46,16.5,60.4,870.0,19.25,87.0,0.03,0.72,12.1,0.2,2.0,438.0,0.98,0.05,11.05,0.626,0.354,1.81,131.5,1.28,23.3,88.5,187.5,3477478.548,9076.424804,33212.0,130.090299,40.594234,103.0,1.858,45.0,0.0059,74.723778,28.24488,71.0,2.0287,193.0,0.003,0.909525,41.756227,-29.0,30.8623,26.0,4.5223,31.0,0.0,31.0,100.0,31.0,100.0
40430055.0,0.0,0.0,100.0,0.0,0.0,0.0,0.0,0.0,0.0,0.0,-109.7374534,33.02761909,0.11,8.21,3.76,1000.0,2.12,0.267,2.15,0.223,80.1,20.1,118.5,4.51,87.5,4.13,20.0,0.14,4.94,0.06,2.61,38.6,23.3,1.24,718.0,1.46,1.8,15.0,76.3,940.0,22.1,103.5,0.03,0.63,11.7,0.2,1.89,551.0,0.93,0.06,10.8,0.546,0.405,1.82,105.0,1.195,19.7,91.9,190.5,3654257.197,11456.71974,33660.0,149.263547,38.135498,149.0,1.6635,31.0,0.0141,87.138749,31.906958,87.0,1.6318,202.0,0.0028,0.719646,31.980555,-30.0,29.147,51.0,0.1548,24.101621,8.712743,31.0,60.9868,11.0,16.4068
40430053.0,48.23626004,0.0,51.76374016,0.0,0.0,0.0,0.0,0.0,0.0,0.0,-109.7169937,33.01151552,0.083,8.19,3.34,1030.0,2.08,0.257,2.54,0.191,84.2,19.75,157.5,3.55,76.4,4.28,19.6,0.14,5.75,0.052,2.41,40.0,19.5,1.24,704.0,1.22,1.925,16.65,69.9,1380.0,20.7,87.5,0.02,0.5,11.65,0.1,1.75,563.0,0.93,0.02,9.76,0.606,0.296,1.7,119.5,1.045,21.0,87.6,234.0,4219424.736,14633.09426,31799.0,156.736658,42.945691,255.0,2.4944,36.0,0.0024,82.427038,27.925635,76.0,1.3753,2.0,0.0024,-44.438103,23.109139,-49.0,24.0279,78.0,0.1797,19.848303,7.407598,19.0,66.3043,9.0,0.0073
40430151.0,0.0,100.0,0.0,0.0,0.0,0.0,0.0,0.0,0.0,0.0,-109.9201628,32.80065333,0.04,7.9,2.24,640.0,2.25,0.423,3.36,0.15,336.0,12.65,57.9,2.72,21.6,4.99,22.7,0.43,0.755,0.132,2.58,151.5,23.2,0.88,1200.0,1.69,2.69,43.1,24.6,1250.0,24.9,106.0,0.01,0.28,24.5,0.9,4.51,297.0,2.73,0.04,46.8,0.999,0.41,5.45,122.5,1.37,117.5,84.9,17.8,19240597.95,30628.95364,44971.0,176.415423,50.801505,255.0,3.5821,32.0,0.0011,144.02768,50.093236,255.0,0.8369,5.0,0.0027,-165.612487,80.980011,-167.0,7.4069,-196.0,0.0021,21.58176,9.723958,33.0,29.7999,3.0,0.0613
40430154.0,42.56648633,10.42441724,0.181600684,0.0,0.0,0.0,4.261009401,0.0,0.0,0.0,-109.879017,32.79495833,0.038,8.17,2.53,590.0,2.27,0.339,3.12,0.132,133.0,10.95,41.1,2.78,23.8,3.35,21.5,0.24,0.888,0.08,2.18,62.0,21.0,0.84,752.0,1.09,2.87,20.7,18.25,920.0,22.5,90.0,0.01,0.41,16.3,0.5,3.12,408.0,1.49,0.05,14.8,0.755,0.379,2.76,101.5,0.955,52.8,69.6,22.8,11877026.8,26862.33698,31492.0,181.246856,49.076911,255.0,3.2199,58.0,0.0009,154.11562,53.50495,255.0,1.884,2.0,0.0009,-225.25606,62.163604,-213.0,9.5527,-218.0,0.0077,25.171229,10.455286,33.0,49.2015,3.0,5.2725
40430005.0,49.99999753,0.0,0.0,0.0,0.0,0.0,0.0,0.0,0.0,0.0,-109.9858928,32.80241646,0.047,8.33,2.72,510.0,2.92,0.515,1.96,0.114,215.0,7.05,28.5,3.42,19.0,3.27,22.2,0.29,1.21,0.15,2.71,94.9,15.9,0.29,960.0,1.22,2.92,53.3,11.5,750.0,29.4,132.5,0.005,0.41,16.45,0.7,5.36,219.0,3.46,0.07,45.8,0.659,0.485,5.41,83.5,2.78,128.0,66.6,40.0,18693576.74,26936.71968,27193.0,127.890413,39.890048,103.0,0.2323,29.0,0.0006,120.279488,32.23955,121.0,0.2178,7.0,0.0006,-181.210653,26.487626,-189.0,11.919,-64.0,0.0038,9.30903,2.621109,9.0,66.5094,2.0,1.9046
40430153.0,49.999997885,0.0,0.0,0.0,0.0,0.0,0.0,0.0,0.0,0.0,-109.8889134,32.80443218,0.069,8.07,3.36,620.0,2.1,0.46,2.97,0.22,169.5,9.82,56.0,3.11,30.9,4.03,21.6,0.29,1.435,0.106,2.32,78.5,22.4,0.69,782.0,2.02,2.52,24.2,17.55,630.0,23.1,96.8,0.02,0.51,18.75,0.7,3.65,396.0,1.67,0.05,24.2,0.817,0.406,3.21,113.0,1.195,61.5,76.3,43.9,2352288.373,16322.65341,17412.0,157.80232,45.905274,255.0,2.4,70.0,0.0044,145.528224,41.245645,255.0,2.2544,11.0,0.0044,-230.68281,47.17813,-242.0,37.1673,-239.0,1.1377,12.110326,5.140326,15.0,75.8116,11.0,0.3685
40430004.0,98.1629124,0.405055266,0.0,0.0,0.0,0.0,1.4320323,0.0,0.0,0.0,-109.9872121,32.83515663,0.057,6.67,3.06,520.0,1.9,0.467,3.67,0.188,182.0,15.6,58.5,4.2,21.0,5.44,18.15,0.28,1.465,0.115,1.91,88.0,21.4,0.91,1170.0,1.38,2.02,25.5,25.4,1050.0,19.7,89.8,0.005,0.62,18.55,0.6,3.96,271.0,1.76,0.02,24.0,1.105,0.375,2.66,143.5,2.1,82.3,74.4,44.0,4126437.564,12701.26101,39374.0,101.930182,28.610633,96.0,2.1521,18.0,0.0075,84.437391,26.095962,69.0,1.9538,12.0,0.0025,-161.972165,7.789293,-159.0,31.2787,-178.0,0.0416,11.147568,1.245163,11.0,88.806,5.0,2.0917
40430006.0,63.1519724,36.84802763,0.0,0.0,0.0,0.0,0.0,0.0,0.0,0.0,-109.9752953,32.81493018,0.094,8.21,4.59,540.0,2.76,0.499,1.67,0.21,109.5,10.6,40.8,6.48,39.6,3.46,21.7,0.2,1.715,0.113,2.48,54.0,30.3,0.73,658.0,1.78,1.88,23.6,21.7,570.0,27.0,134.0,0.01,0.66,15.7,0.4,3.19,194.0,1.33,0.08,18.95,0.436,0.562,2.91,85.3,2.48,55.9,88.6,56.8,751647.2017,7160.425116,4605.0,114.724864,31.201403,106.0,1.5383,186.0,0.0137,106.825022,26.753476,95.0,1.3333,33.0,0.0137,-155.87979,5.263253,-157.0,64.717,-177.0,1.748,12.0,0.0,12.0,100.0,12.0,100.0
40430007.0,100.0,0.0,0.0,0.0,0.0,0.0,0.0,0.0,0.0,0.0,-109.9674334,32.83110977,0.057,6.99,3.14,570.0,1.94,0.484,2.79,0.186,221.0,13.25,56.3,4.79,25.8,5.3,18.05,0.31,1.905,0.116,2.25,106.5,21.7,0.77,1120.0,1.21,2.05,33.3,21.8,960.0,22.8,103.0,0.01,0.69,17.1,0.5,4.44,250.0,2.24,0.06,36.0,1.075,0.444,3.75,132.0,2.85,97.6,77.0,58.3,24487452.71,32453.43195,174940.0,118.401183,39.917911,106.0,1.0738,16.0,0.0013,94.221472,27.738877,88.0,1.1469,2.0,0.0004,-161.475126,15.817623,-137.0,5.6298,-144.0,0.0688,9.110283,3.161585,9.0,34.5745,11.0,9.653
40430104.0,79.36520703,0.0,20.63479319,0.0,0.0,0.0,0.0,0.0,0.0,0.0,-109.7954286,32.76132028,0.142,9.14,1.52,570.0,1.76,0.181,4.14,0.153,87.0,11.35,32.5,1.46,22.1,4.56,21.9,0.22,0.455,0.091,1.8,37.4,13.8,0.6,987.0,0.68,2.72,12.0,17.05,1800.0,15.0,61.2,0.02,0.15,17.85,0.7,2.63,544.0,0.74,0.04,10.35,0.569,0.266,1.57,97.8,0.674,50.8,66.5,10.9,1321011.435,7052.301511,9237.0,165.810869,36.90972,255.0,1.7628,121.0,0.0078,121.457063,39.802338,255.0,1.8455,3.0,0.0078,-200.177353,19.118278,-196.0,38.1637,-257.0,0.0918,15.601366,5.938678,21.0,43.4267,7.0,0.2904
40430103.0,100.0,0.0,0.0,0.0,0.0,0.0,0.0,0.0,0.0,0.0,-109.7662388,32.75641616,0.133,8.37,1.47,510.0,1.57,0.258,4.8,0.188,150.5,20.2,71.6,2.44,26.2,5.8,21.5,0.28,1.025,0.125,1.54,65.6,17.4,1.22,1410.0,0.75,1.945,16.7,33.9,1730.0,18.0,68.9,0.02,0.24,27.6,0.6,3.23,537.0,1.06,0.05,16.9,0.86,0.297,2.15,143.5,1.025,73.6,85.6,29.8,18968651.79,36996.47479,80709.0,195.757066,47.215953,255.0,9.5951,14.0,0.0005,118.708706,60.295169,255.0,1.3525,253.0,0.0218,-184.432504,87.158697,20.0,7.3684,53.0,0.0021,23.914995,8.722076,32.0,34.6926,30.0,0.0022
40430102.0,82.79623696,11.25235738,0.0,0.0,0.0,0.0,5.951405662,0.0,0.0,0.0,-109.7581103,32.74792642,0.064,8.23,2.01,630.0,1.79,0.29,3.94,0.22,140.0,13.85,69.8,2.34,32.1,4.96,21.6,0.25,1.035,0.12,1.96,59.9,18.4,0.95,1020.0,1.45,2.25,17.95,34.5,1500.0,19.5,82.0,0.02,0.29,24.7,0.9,3.66,453.0,1.19,0.05,11.0,0.747,0.352,1.85,122.5,0.911,69.1,83.3,31.0,17192977.58,24235.4009,131975.0,173.702572,36.825501,255.0,2.1152,52.0,0.0006,136.874328,43.602767,255.0,1.3389,3.0,0.0006,-175.756339,39.829139,-141.0,13.2443,-218.0,0.0505,25.432987,8.413957,33.0,50.5481,15.0,1.9709
40430101.0,100.0,0.0,0.0,0.0,0.0,0.0,0.0,0.0,0.0,0.0,-109.7505099,32.73222393,0.111,7.98,2.25,540.0,1.85,0.431,4.13,0.227,181.0,9.43,66.1,2.5,23.7,5.06,24.3,0.29,1.435,0.163,2.02,79.9,14.4,0.49,1140.0,1.09,2.0,28.2,17.15,1110.0,26.3,85.8,0.02,0.38,29.9,0.9,5.62,511.0,1.99,0.02,27.4,0.905,0.362,3.36,126.5,1.63,104.0,68.2,45.4,32196749.64,46591.29464,79137.0,216.25423,45.909997,255.0,10.0839,10.0,0.0003,126.978894,64.083154,255.0,0.7245,252.0,0.0209,-70.528417,87.108,-114.0,5.501,30.0,0.0003,29.645976,6.365402,33.0,48.0912,12.0,1.1564
40430152.0,100.0,0.0,0.0,0.0,0.0,0.0,0.0,0.0,0.0,0.0,-109.9050297,32.80541877,0.064,7.81,3.47,540.0,2.19,0.51,3.5,0.203,122.5,15.3,63.3,4.28,43.4,4.8,21.3,0.25,1.4,0.103,2.07,54.5,30.9,1.17,891.0,1.43,2.19,22.0,26.0,1340.0,21.4,97.2,0.02,0.49,21.5,0.8,3.28,402.0,1.45,0.06,17.1,0.964,0.416,3.1,144.5,1.42,58.7,92.3,38.8,4204014.936,11939.45218,34363.0,138.751273,47.995066,255.0,1.8496,51.0,0.0099,135.520216,43.429621,255.0,1.9969,1.0,0.0025,-192.436132,9.315399,-187.0,33.3429,-197.0,0.0024,8.150074,6.490574,2.0,52.6917,15.0,47.3083
40430011.0,48.046876145,3.891887163,0.0,0.0,0.0,0.0,0.01436061,0.0,0.0,0.0,-109.9419112,32.82742307,0.059,8.85,3.01,700.0,2.53,0.43,2.3,0.237,103.0,12.2,40.2,5.42,33.2,3.19,20.4,0.18,0.816,0.086,2.8,49.8,29.4,0.93,931.0,1.52,2.79,17.2,28.2,610.0,26.1,140.5,0.01,0.48,13.6,0.2,2.61,238.0,1.1,0.06,15.7,0.444,0.561,2.68,69.5,1.185,43.6,86.0,24.4,5498690.189,16030.47575,40726.0,124.876295,32.365396,120.0,1.501,207.0,0.0019,123.082643,28.56954,122.0,1.2345,2.0,0.0019,-184.204036,28.343492,-215.0,19.9262,-184.0,0.0092,5.052282,3.723537,3.0,74.5524,15.0,1.1854
40430008.0,39.76882471,0.0,0.0,0.0,1.1922511,0.0,59.03892432,0.0,0.0,0.0,-109.9708798,32.79436958,0.053,8.1,2.91,610.0,2.04,0.371,2.91,0.213,119.0,15.4,62.4,4.45,33.1,3.75,19.9,0.19,0.956,0.107,2.29,56.6,26.3,1.22,866.0,1.31,2.48,19.65,44.6,580.0,23.5,110.5,0.01,0.42,18.2,0.4,3.23,269.0,1.26,0.06,14.5,0.59,0.481,2.71,90.3,1.14,53.2,81.0,27.9,36179247.35,34080.65006,23881.0,150.413509,46.783046,255.0,0.2684,54.0,0.0003,127.806511,42.362842,255.0,0.0943,6.0,0.0009,-142.019416,51.707563,-176.0,5.2505,-201.0,0.0712,16.463446,5.194879,15.0,53.5703,9.0,0.0369
40430155.0,63.84280464,36.15719797,0.0,0.0,0.0,0.0,0.0,0.0,0.0,0.0,-109.8559986,32.79716851,0.041,8.28,1.41,480.0,2.73,1.54,4.13,0.173,245.0,19.2,58.5,2.46,25.0,6.13,23.1,0.36,1.05,0.129,2.48,117.5,16.2,1.18,1265.0,1.46,2.78,46.0,24.4,1580.0,22.1,105.5,0.01,0.29,27.1,0.8,5.83,275.0,3.65,0.06,35.8,1.275,0.382,5.37,164.0,1.04,126.0,85.0,21.7,20940274.81,37625.33695,75284.0,190.349596,56.589095,255.0,10.2526,22.0,0.001,155.810849,61.634948,255.0,3.7422,7.0,0.0089,-184.889763,75.673691,-185.0,5.516,-259.0,0.027,27.688224,11.649476,35.0,56.2937,19.0,0.2835
40430156.0,45.877959145000005,0.0,8.244081514,0.0,0.0,0.0,0.0,0.0,0.0,0.0,-109.8386568,32.792752,0.087,7.61,4.02,480.0,2.37,0.58,1.86,0.312,98.6,11.5,40.3,3.81,42.8,3.26,18.8,0.22,1.36,0.077,2.25,46.7,20.6,0.63,691.0,2.46,2.11,17.25,19.1,520.0,24.9,113.0,0.02,0.58,13.75,0.6,3.21,199.0,1.3,0.08,18.2,0.521,0.46,3.09,86.6,1.13,49.1,74.5,45.4,5867329.707,19838.70003,42425.0,155.722357,45.55241,255.0,3.9827,12.0,0.0018,157.032148,52.323846,255.0,6.416,8.0,0.0018,-236.859061,25.511053,-219.0,31.4049,-187.0,0.0293,12.625273,10.170132,4.0,52.6562,16.0,2.1278
40430009.0,100.0,0.0,0.0,0.0,0.0,0.0,0.0,0.0,0.0,0.0,-109.93477,32.79795754,0.055,7.44,2.95,570.0,2.36,0.719,3.57,0.228,131.0,19.0,65.6,5.95,48.3,5.31,20.8,0.24,1.575,0.132,2.11,61.9,31.5,1.28,1065.0,2.08,2.03,26.1,32.3,1790.0,21.2,106.5,0.005,0.41,25.9,0.5,3.61,277.0,1.58,0.07,14.8,1.1,0.437,3.35,153.5,1.83,89.5,103.5,43.8,4129479.586,11836.33269,27392.0,133.957907,43.230276,255.0,1.0445,235.0,0.0025,137.178608,34.089696,123.0,1.0843,7.0,0.0025,-187.637375,21.612979,-203.0,25.7072,-222.0,0.4132,8.972029,4.253661,12.0,66.3675,2.0,0.105
40430113.0,100.0,0.0,0.0,0.0,0.0,0.0,0.0,0.0,0.0,0.0,-109.9968008,33.07905392,0.101,7.16,7.75,880.0,2.24,0.459,2.13,0.304,130.0,12.3,70.7,9.04,42.2,4.24,17.6,0.21,2.92,0.069,2.51,59.0,30.6,0.86,890.0,2.56,1.915,20.5,23.9,1200.0,26.3,97.0,0.04,1.24,11.25,0.6,2.36,283.0,1.26,0.16,9.39,0.639,0.477,1.91,103.5,1.82,28.9,102.5,118.0,4981877.139,18842.34697,47989.0,140.380837,27.987354,149.0,2.2896,58.0,0.0021,56.848312,27.722285,49.0,1.7481,177.0,0.0021,231.855655,55.377953,277.0,19.848,257.0,0.073,10.917006,5.484169,16.0,53.791,5.0,46.209
40430112.0,23.71345064,38.143274738,0.0,0.0,0.0,0.0,0.0,0.0,0.0,0.0,-110.0087753,33.11551214,0.145,6.61,6.75,740.0,1.82,0.557,3.11,0.386,82.2,10.3,57.0,29.3,59.9,3.56,16.5,0.2,3.01,0.067,2.34,39.6,35.8,0.95,613.0,1.63,1.425,16.0,20.6,1150.0,23.4,122.5,0.03,0.96,10.55,0.6,2.14,290.0,1.13,0.17,9.29,0.527,0.587,1.91,88.4,1.525,25.1,90.0,113.0,9504349.049,27585.66592,88360.0,128.671741,37.67315,124.0,1.6485,228.0,0.0011,60.169591,26.36827,46.0,1.6753,195.0,0.0011,212.563453,73.853667,128.0,16.1009,257.0,0.0977,4.381158,0.485671,4.0,61.8842,5.0,38.1158
40430109.0,35.30739569,0.0,64.69260393,0.0,0.0,0.0,0.0,0.0,0.0,0.0,-110.0039715,33.10007004,0.103,6.55,6.65,840.0,1.91,0.46,2.58,0.286,95.6,11.25,61.6,12.8,44.3,3.92,15.55,0.19,3.05,0.076,2.3,48.0,27.3,0.73,707.0,1.85,1.75,19.45,19.05,1040.0,22.4,101.0,0.03,1.06,9.29,0.5,2.17,303.0,1.13,0.25,9.8,0.615,0.523,1.95,101.5,1.66,25.6,89.3,112.0,1625999.795,11024.2213,15766.0,140.664214,29.277912,142.0,2.8828,65.0,0.0063,64.8776,26.923103,66.0,1.6092,145.0,0.0063,222.336791,56.92815,197.0,37.8471,162.0,0.0186,11.121467,5.464776,16.0,55.6497,5.0,44.3503
40430111.0,4.540390474,47.729804725,0.0,0.0,0.0,0.0,0.0,0.0,0.0,0.0,-109.9998308,33.107592,0.118,6.89,7.42,900.0,1.92,0.465,3.0,0.317,108.0,10.5,49.9,12.6,45.7,3.67,16.95,0.2,3.07,0.062,2.44,51.9,29.9,0.79,738.0,2.04,1.775,18.35,18.15,1130.0,22.3,97.8,0.04,1.08,10.0,0.6,2.15,300.0,1.15,0.3,8.96,0.581,0.557,1.88,89.0,1.605,26.0,89.9,117.0,5104083.754,25930.53806,47590.0,137.064299,37.53874,153.0,1.5967,248.0,0.002,73.75089,37.039492,53.0,1.2935,228.0,0.002,156.946436,94.920215,29.0,16.5539,128.0,0.004,4.550801,0.832069,4.0,52.2908,16.0,0.2261
40430108.0,50.5601041,2.5936136875,44.25266842,0.0,0.0,0.0,0.0,0.0,0.0,0.0,-109.9858718,33.161227,0.094,7.06,12.6,760.0,2.21,0.395,2.9,0.333,93.0,9.41,37.8,12.25,42.4,3.09,17.75,0.18,3.21,0.063,2.33,43.0,41.4,0.86,683.0,1.13,1.39,16.5,14.75,1090.0,19.35,97.7,0.03,1.65,10.25,0.6,1.97,259.0,1.07,0.06,8.89,0.481,0.461,1.9,71.5,1.835,27.6,82.2,117.0,4573132.484,12931.20934,41257.0,126.642364,37.689797,127.0,1.3997,33.0,0.009,84.325974,29.02016,80.0,1.5115,185.0,0.0023,206.161176,83.959349,205.0,24.8079,377.0,0.0088,3.987133,0.114286,4.0,98.7313,2.0,0.018
40430105.0,99.99999988,0.0,0.0,0.0,0.0,0.0,0.0,0.0,0.0,0.0,-110.0209001,33.11241641,0.105,7.26,6.82,940.0,2.02,0.393,2.29,0.251,96.3,11.05,56.1,12.2,45.7,3.94,17.2,0.19,3.49,0.066,2.71,45.9,36.1,0.73,749.0,1.55,1.905,18.75,19.1,1100.0,21.3,107.0,0.03,1.09,10.1,0.6,2.19,332.0,1.21,0.06,10.0,0.613,0.525,2.01,96.7,1.675,27.6,89.6,134.5,2641208.645,15229.28653,25628.0,123.49325,29.497277,124.0,2.0071,202.0,0.0156,70.592246,27.096731,66.0,1.9382,184.0,0.0039,147.551067,16.557178,128.0,21.8384,213.0,0.0918,4.916306,0.276928,5.0,91.6306,4.0,8.3694
40430058.0,73.73925595,9.044640399,0.0,0.0,0.0,0.0,17.21610359,0.0,0.0,0.0,-109.9479599,33.04577186,0.101,6.5,10.05,820.0,2.0,0.341,4.05,0.292,92.5,14.95,84.3,20.8,43.5,3.98,16.6,0.17,3.63,0.059,2.51,42.7,78.7,1.13,962.0,1.68,1.645,19.15,29.3,980.0,20.5,146.5,0.06,0.99,11.05,0.6,2.25,423.0,1.25,0.04,11.1,0.619,0.806,2.27,112.5,2.91,28.3,91.9,140.0,2277353.959,12002.49058,21984.0,146.293941,23.808264,153.0,2.7457,80.0,0.0045,62.803796,23.290892,54.0,2.1364,2.0,0.0045,165.798776,115.538728,61.0,24.8869,79.0,5.0661,16.0,0.0,16.0,100.0,16.0,100.0
40430106.0,25.30503205,0.0,49.38993593,0.0,0.0,0.0,0.0,0.0,0.0,0.0,-109.999851,33.14012095,0.104,7.27,7.47,890.0,2.24,0.397,1.91,0.261,97.4,12.2,62.1,11.45,47.8,4.05,18.05,0.19,3.79,0.074,2.62,44.3,36.8,0.78,870.0,1.67,1.67,19.75,20.5,1040.0,21.3,106.5,0.03,1.21,10.9,0.6,2.3,310.0,1.25,0.05,10.35,0.633,0.51,2.1,101.0,1.885,27.8,96.6,144.5,4513693.032,12775.82803,43336.0,119.891107,30.83111,112.0,2.0555,20.0,0.0023,78.619959,29.169314,65.0,1.6591,205.0,0.0023,155.551861,35.061477,169.0,24.8842,173.0,0.4028,4.147993,0.355093,4.0,85.2007,5.0,14.7993
40430066.0,22.354921457,55.2901576,0.0,0.0,0.0,0.0,0.0,0.0,0.0,0.0,-109.8877609,33.01103838,0.101,5.85,7.7,690.0,1.51,0.266,4.69,0.257,83.9,16.55,138.0,9.2,53.2,3.93,15.35,0.2,3.86,0.05,2.12,40.6,62.8,1.54,702.0,1.95,1.445,19.65,46.2,1150.0,17.35,94.6,0.02,0.79,12.75,0.7,1.84,473.0,1.26,0.02,9.87,0.683,0.509,2.49,125.0,1.64,24.3,78.6,155.5,5019580.593,15971.33381,48724.0,134.400254,24.346521,141.0,3.0981,41.0,0.0082,70.487158,21.876748,68.0,2.2002,163.0,0.0021,17.004508,19.799181,33.0,20.0857,11.0,0.0342,15.607234,1.838649,16.0,95.6359,7.0,4.3641
40430061.0,49.999938959999994,0.0,0.0,0.0,0.0,0.0,0.0,0.0,0.0,0.0,-109.9297177,33.0431865,0.15,6.68,6.64,780.0,2.17,0.417,2.55,0.393,102.0,12.35,78.4,19.3,55.8,3.54,17.05,0.2,3.87,0.062,2.54,47.3,40.5,0.97,704.0,1.73,1.44,20.9,28.4,1070.0,20.0,125.0,0.03,0.9,11.45,0.6,2.25,354.0,1.35,0.06,12.5,0.557,0.667,2.13,92.4,1.765,29.1,90.2,148.5,2787832.822,13515.27,27052.0,147.765415,23.286458,153.0,3.222,88.0,0.0111,74.237598,22.444498,67.0,2.3682,5.0,0.0037,255.429896,174.974289,338.0,33.6182,10.0,1.0248,15.858975,1.117738,16.0,98.4331,7.0,1.5669
40430059.0,100.0,0.0,0.0,0.0,0.0,0.0,0.0,0.0,0.0,0.0,-109.9495235,33.05030823,0.097,6.42,9.05,810.0,2.08,0.404,3.48,0.295,116.5,17.55,104.5,19.55,41.7,5.26,18.0,0.22,3.92,0.08,2.46,53.0,72.5,1.02,1045.0,1.63,1.535,25.3,31.7,990.0,24.0,144.0,0.02,1.26,13.3,0.8,2.94,373.0,1.55,0.04,13.05,0.824,0.72,2.59,150.0,2.65,32.9,113.0,148.0,3981309.327,15471.0138,38299.0,142.3451,31.308856,149.0,2.5153,223.0,0.0026,51.500379,25.002059,39.0,1.8272,156.0,0.0026,383.98554,272.839521,789.0,19.0725,123.0,0.0152,16.0,0.0,16.0,100.0,16.0,100.0
40430057.0,49.999999985,0.0,0.0,0.0,0.0,0.0,0.0,0.0,0.0,0.0,-109.9306598,33.0304476,0.161,5.9,6.84,660.0,1.75,0.427,4.42,0.282,122.0,22.0,183.0,13.9,49.8,6.74,17.55,0.21,4.17,0.086,2.17,57.1,72.6,1.15,1220.0,2.94,1.495,31.4,39.6,1240.0,22.7,121.5,0.02,1.1,14.65,0.8,3.21,423.0,1.81,0.02,16.7,1.105,0.537,2.83,198.0,2.51,35.8,130.0,159.0,682050.0744,6920.03993,6468.0,155.380489,23.606961,157.0,3.2419,252.0,0.0151,67.945294,23.88816,59.0,2.4906,4.0,0.0151,27.776197,25.004212,34.0,46.3613,79.0,13.443,8.616712,4.019057,7.0,58.6134,5.0,19.1644
40430157.0,100.0,0.0,0.0,0.0,0.0,0.0,0.0,0.0,0.0,0.0,-110.0342758,33.16026518,0.095,6.47,5.54,690.0,2.28,0.359,5.42,0.884,99.8,14.5,97.8,24.6,60.8,3.82,17.0,0.24,4.37,0.058,2.25,47.9,32.0,1.1,983.0,1.72,1.31,24.3,36.9,1320.0,42.7,112.0,0.03,0.84,11.9,0.6,2.12,384.0,1.52,0.05,11.95,0.624,0.573,1.93,102.5,1.435,27.0,178.0,169.0,3274322.523,10565.50843,31298.0,119.447089,41.182635,133.0,1.5242,7.0,0.0094,95.617315,33.778809,83.0,1.5281,12.0,0.0031,84.239035,17.626095,85.0,28.8261,147.0,0.0123,6.999435,0.041182,7.0,99.9812,4.0,0.0188
40430062.0,100.0,0.0,0.0,0.0,0.0,0.0,0.0,0.0,0.0,0.0,-109.8928749,33.05261048,0.105,6.73,5.58,720.0,2.84,0.383,3.51,0.576,110.5,23.0,184.0,18.65,86.8,4.6,18.6,0.21,4.56,0.07,2.4,48.7,47.1,1.59,943.0,1.92,1.365,27.7,70.5,1470.0,21.3,129.5,0.02,0.97,16.35,0.8,2.38,497.0,1.71,0.05,12.3,0.734,0.914,2.05,128.0,2.0,28.8,105.5,186.0,3834931.576,15282.63356,37169.0,141.848745,27.03035,123.0,2.2771,231.0,0.0054,83.807696,35.104138,62.0,1.823,6.0,0.0027,455.861116,217.155498,404.0,29.062,711.0,0.0816,23.0,0.0,23.0,100.0,23.0,100.0
40430064.0,50.000000029999995,0.0,0.0,0.0,0.0,0.0,0.0,0.0,0.0,0.0,-109.8629461,33.06686785,0.102,7.06,4.78,690.0,2.36,0.316,2.6,0.209,96.1,22.8,183.5,5.08,84.5,5.03,19.0,0.21,4.91,0.064,2.47,43.5,30.8,1.5,761.0,1.95,1.605,25.9,75.6,1320.0,18.15,104.0,0.02,0.68,15.85,0.7,2.26,392.0,1.64,0.05,10.85,0.817,0.419,2.17,143.0,1.55,23.9,101.0,202.0,6239914.924,18225.19332,55156.0,150.062786,49.241912,255.0,2.6498,26.0,0.0033,89.632428,38.980859,70.0,1.1462,247.0,0.0033,537.603979,139.011544,434.0,16.8914,156.0,0.0032,22.892473,0.860887,23.0,98.4639,16.0,1.5361
40430107.0,18.54689415,0.0,0.0,0.0,0.0,0.0,81.45310639,0.0,0.0,0.0,-109.9957784,33.16673672,0.087,7.45,4.28,880.0,1.99,0.296,2.95,0.208,90.4,21.1,157.5,7.07,60.8,5.02,18.45,0.2,5.04,0.068,2.36,41.6,41.0,1.5,882.0,1.79,1.66,18.55,63.0,1570.0,18.1,94.1,0.03,0.82,14.6,0.5,2.03,381.0,1.12,0.05,8.9,0.766,0.368,1.68,142.5,1.355,25.7,100.0,217.0,1952190.48,10262.83802,18087.0,140.221153,37.392297,117.0,1.6704,249.0,0.0053,97.780464,28.065213,90.0,1.7712,8.0,0.0053,171.930854,22.424872,173.0,50.8637,182.0,0.1603,3.714791,0.705538,3.0,43.2168,5.0,14.6959
40430063.0,100.0,0.0,0.0,0.0,0.0,0.0,0.0,0.0,0.0,0.0,-109.8821862,33.058948,0.079,7.07,3.99,800.0,2.28,0.264,3.91,0.399,130.0,28.9,201.0,8.55,105.0,5.33,20.1,0.26,5.27,0.068,2.32,60.4,31.5,2.24,950.0,1.83,1.83,30.9,93.2,2700.0,17.3,97.8,0.02,0.54,17.05,0.7,2.07,517.0,1.81,0.04,10.8,0.839,0.439,2.27,151.5,1.325,31.1,104.0,226.0,4553872.891,12951.34714,43659.0,151.696695,35.782518,137.0,1.7123,20.0,0.0068,96.637501,37.564574,89.0,1.4044,237.0,0.0023,688.985865,112.51826,752.0,23.3502,766.0,0.0067,23.0,0.0,23.0,100.0,23.0,100.0
40430065.0,100.0,0.0,0.0,0.0,0.0,0.0,0.0,0.0,0.0,0.0,-109.872061,33.0310788,0.097,6.82,5.32,780.0,2.23,0.341,5.74,0.508,133.0,30.1,186.0,13.75,105.0,5.55,18.25,0.23,5.52,0.065,2.25,61.0,39.9,2.22,946.0,2.27,1.745,25.5,107.0,2860.0,19.8,101.0,0.02,0.79,16.35,0.7,2.06,570.0,1.62,0.04,11.4,0.727,0.637,2.45,134.0,1.825,31.8,112.5,243.0,5111600.755,16041.72153,49525.0,141.592953,32.092108,137.0,2.0633,49.0,0.0061,81.190133,32.92719,70.0,1.556,4.0,0.002,136.222798,166.346744,30.0,21.5089,156.0,0.002,21.402019,2.938082,23.0,77.1717,16.0,22.8283
40430013.0,61.37856582,38.62143401,0.0,0.0,0.0,0.0,0.0,0.0,0.0,0.0,-109.9592791,33.12319512,0.139,7.58,11.75,940.0,2.18,0.644,1.57,0.461,202.0,15.3,106.0,5.49,51.7,4.89,21.5,0.25,2.52,0.09,2.42,101.5,28.0,1.01,1160.0,3.89,2.15,25.4,35.2,1720.0,46.5,89.4,0.04,1.99,12.85,0.5,2.78,261.0,1.39,0.32,9.47,0.722,0.434,1.79,116.0,2.23,34.5,146.5,84.7,3057484.075,10814.70344,28062.0,144.718089,44.92653,255.0,1.6633,19.0,0.0101,71.390162,36.13817,56.0,1.2287,195.0,0.0034,-16.792529,240.560173,235.0,32.1873,256.0,0.8686,6.94247,0.334291,7.0,97.1235,5.0,2.8765
40430014.0,5.743322534,0.0,0.0,0.0,0.0,0.0,94.25667735,0.0,0.0,0.0,-109.9491123,33.11660321,0.152,7.28,8.1,930.0,2.15,0.501,1.56,0.262,170.5,15.25,99.8,5.75,49.9,4.75,19.4,0.2,3.22,0.076,2.54,77.8,29.9,1.04,1135.0,2.68,1.875,21.8,35.3,1360.0,27.4,92.4,0.01,1.91,11.55,0.3,2.7,249.0,1.26,0.07,10.7,0.659,0.432,1.98,117.5,2.19,31.9,118.0,114.0,2516003.044,10821.68592,21854.0,141.028645,48.886686,255.0,2.0952,22.0,0.0123,43.018702,28.145877,1.0,4.4243,151.0,0.0041,-321.641888,236.768904,-550.0,39.7608,235.0,0.0241,6.13143,0.991325,7.0,56.5715,5.0,43.4285
40430012.0,28.65242034666667,2.311289913,5.964774332,0.0,0.0,0.0,5.766674704,0.0,0.0,0.0,-109.9535391,33.13296779,0.104,7.46,7.46,850.0,2.04,0.508,1.32,0.3,129.5,13.2,46.8,5.44,44.3,3.97,18.95,0.19,3.24,0.074,2.32,61.4,23.9,0.81,976.0,2.71,1.94,23.3,20.4,1740.0,29.3,95.7,0.04,1.41,10.2,0.4,2.51,269.0,1.34,0.21,9.7,0.61,0.418,2.12,92.6,1.92,32.9,101.5,116.0,10645515.39,25027.7326,56532.0,128.452788,46.584038,117.0,0.9854,32.0,0.0039,73.812506,34.668562,1.0,0.8027,199.0,0.001,-161.458852,395.033709,-374.0,10.7622,-1.0,0.1243,3.885049,1.252808,3.0,55.1219,2.0,0.3278
40430071.0,45.75388464,24.81135212,0.0,0.0,0.0,0.0,29.4347633,0.0,0.0,0.0,-109.8689293,33.00813992,0.105,7.03,5.21,810.0,1.81,0.325,3.55,0.302,77.0,16.4,115.0,10.05,77.5,4.07,16.45,0.15,3.79,0.055,2.29,36.5,49.6,1.23,713.0,1.47,1.73,15.0,45.1,1100.0,19.3,101.0,0.03,0.7,11.05,0.6,1.87,556.0,0.98,0.02,9.78,0.578,0.539,1.99,119.5,1.495,22.4,87.2,152.5,11914197.88,29697.11989,115113.0,133.95805,31.34716,125.0,1.933,17.0,0.0026,62.034336,25.306778,57.0,2.0517,217.0,0.0009,43.990017,40.402671,11.0,10.4186,-3.0,0.0254,16.026453,1.461665,16.0,96.5237,7.0,1.3556
40430073.0,29.99921161,15.64947678,0.0,0.0,0.0,0.0,54.35131092,0.0,0.0,0.0,-109.8413612,33.00778528,0.104,6.76,4.61,680.0,1.92,0.335,2.84,0.216,94.1,16.1,147.5,8.06,58.7,4.75,16.85,0.19,3.81,0.064,2.26,44.8,30.8,0.93,754.0,1.18,1.6,18.85,40.8,700.0,19.4,101.5,0.02,0.74,11.75,0.6,2.34,405.0,1.18,0.05,14.35,0.698,0.509,2.17,139.5,1.49,25.4,92.8,153.0,580727.9564,4958.294268,5658.0,111.934959,23.410042,119.0,4.772,51.0,0.0353,54.60628,17.419579,44.0,2.9282,15.0,0.0176,127.68853,13.5122,132.0,55.0928,54.0,0.5206,16.0,0.0,16.0,100.0,16.0,100.0
40430072.0,74.91550736,25.08449277,0.0,0.0,0.0,0.0,0.0,0.0,0.0,0.0,-109.8356584,33.02798642,0.116,7.23,4.6,700.0,1.99,0.344,1.96,0.243,83.6,16.1,124.5,8.38,63.8,4.4,17.45,0.18,3.95,0.061,2.28,38.8,37.8,0.96,696.0,2.0,1.415,15.65,43.6,650.0,19.5,103.5,0.03,0.83,11.95,0.6,2.19,382.0,1.03,0.04,11.15,0.614,0.534,2.02,125.0,1.56,24.1,90.2,158.5,3562337.547,13947.9984,33496.0,146.125388,40.277764,255.0,2.088,41.0,0.0145,70.711462,29.197233,63.0,1.7293,194.0,0.0029,140.600545,90.580127,213.0,28.4786,-5.0,1.2139,14.874805,2.976692,16.0,87.4978,7.0,12.5022
40430068.0,37.567178850000005,24.86564281,0.0,0.0,0.0,0.0,0.0,0.0,0.0,0.0,-109.8930811,33.0234068,0.094,6.07,4.95,680.0,1.76,0.368,4.55,0.437,92.6,18.45,164.5,16.6,69.8,4.05,15.85,0.19,3.98,0.058,2.21,43.6,90.0,1.71,757.0,1.92,1.415,22.2,57.8,1280.0,19.9,113.0,0.02,0.84,13.35,0.8,2.1,435.0,1.39,0.06,10.6,0.667,0.516,2.39,120.0,1.61,26.1,89.0,166.0,243681.2161,2689.534758,2376.0,138.506313,23.769746,157.0,5.0505,74.0,0.0842,68.766866,22.371091,61.0,2.3484,2.0,0.0427,84.662381,5.678851,88.0,74.326,75.0,25.674,16.0,0.0,16.0,100.0,16.0,100.0
40430069.0,24.8638484,75.13615162,0.0,0.0,0.0,0.0,0.0,0.0,0.0,0.0,-109.8754885,33.04344165,0.128,7.02,4.95,650.0,2.15,0.584,2.47,0.444,89.8,19.5,155.5,22.8,94.4,4.63,18.75,0.2,4.43,0.081,2.38,42.2,33.8,1.38,718.0,2.85,1.35,22.6,62.9,1060.0,23.5,122.5,0.03,0.95,16.15,0.7,2.52,342.0,1.46,0.08,11.65,0.721,0.7,2.14,127.5,1.685,25.7,106.0,176.5,1885603.832,12967.8891,18165.0,134.485274,29.2186,124.0,2.1513,211.0,0.0219,87.15861,36.409256,54.0,1.511,1.0,0.0055,438.375422,280.232815,625.0,32.8615,30.0,0.0214,22.86397,0.966285,23.0,98.0567,16.0,1.9433
40430158.0,54.58519836,14.9609761585,0.0,0.0,0.0,0.0,15.49284995,0.0,0.0,0.0,-110.0247224,33.16271391,0.083,6.95,4.17,870.0,2.0,0.35,3.03,0.286,108.0,15.2,109.0,7.52,48.0,4.01,17.9,0.21,4.46,0.071,2.45,52.3,26.8,1.27,884.0,1.43,1.56,24.5,35.1,1350.0,22.0,93.1,0.02,0.72,11.8,0.7,2.21,339.0,1.57,0.06,13.05,0.612,0.422,2.3,108.0,1.3,27.0,95.9,170.0,36964527.34,44581.93912,232573.0,132.238785,44.186515,117.0,0.7605,9.0,0.0003,115.47431,37.216755,112.0,0.7431,2.0,0.0017,77.292229,48.482279,49.0,5.756,41.0,0.024,3.406104,1.87587,2.0,45.2426,12.0,0.0189
40430074.0,88.37895275,5.810523119,0.0,0.0,0.0,0.0,0.0,0.0,0.0,0.0,-109.8454172,33.04124098,0.08,7.19,3.59,790.0,1.9,0.304,3.12,0.204,92.9,24.8,298.0,4.84,97.2,5.85,18.45,0.2,4.7,0.067,2.18,43.9,24.1,1.63,907.0,1.76,1.785,22.0,79.9,1100.0,18.85,84.7,0.02,0.63,16.15,0.6,2.18,525.0,1.39,0.04,10.9,0.934,0.35,1.99,189.0,1.375,23.5,106.5,196.0,3515812.726,11955.51796,33877.0,135.51746,39.324523,139.0,1.4698,237.0,0.0088,74.76936,32.148316,63.0,1.5426,177.0,0.0029,130.365682,83.904195,144.0,43.9652,101.0,0.0718,19.369108,3.497552,16.0,51.8699,23.0,48.1301
40430159.0,100.0,0.0,0.0,0.0,0.0,0.0,0.0,0.0,0.0,0.0,-110.0382614,33.18666063,0.096,6.99,4.42,730.0,1.93,0.284,1.75,0.182,88.5,14.5,78.8,4.76,52.8,3.98,17.35,0.2,4.9,0.059,2.43,41.6,21.0,0.83,699.0,1.73,1.43,24.9,30.9,1080.0,21.4,101.0,0.02,0.79,10.05,0.4,2.21,309.0,1.6,0.02,10.8,0.728,0.403,2.1,105.5,1.33,24.6,85.5,188.5,5576119.922,18592.61134,47152.0,126.404628,36.252459,124.0,1.4651,252.0,0.0018,125.317699,29.323797,129.0,1.3464,24.0,0.0018,33.202115,11.657805,41.0,19.1919,7.0,0.4002,3.769941,1.998529,2.0,47.3722,7.0,23.9128
40430114.0,0.0,100.0,0.0,0.0,0.0,0.0,0.0,0.0,0.0,0.0,-109.7505099,32.73222393,0.086,7.16,4.38,670.0,2.53,0.444,1.69,0.227,95.1,12.2,57.3,5.63,48.2,2.87,17.4,0.18,3.95,0.064,2.67,46.1,27.4,1.06,764.0,1.85,1.495,23.8,28.9,950.0,21.3,112.5,0.02,0.72,9.94,0.5,2.18,287.0,1.58,0.07,12.2,0.409,0.484,2.53,62.8,1.38,28.8,84.0,145.5,,,,,,,,,,,,,,,,,,,,,,,,,,,
40430115.0,0.0,100.0,0.0,0.0,0.0,0.0,0.0,0.0,0.0,0.0,-110.0121353,33.2137496,0.059,8.0,4.07,900.0,2.35,0.187,2.86,0.176,104.0,25.9,112.5,2.45,66.9,6.74,21.6,0.23,6.14,0.067,2.52,47.5,22.5,1.17,1115.0,2.04,1.925,36.0,53.0,1790.0,19.3,91.2,0.02,0.39,14.1,0.8,2.8,423.0,1.99,0.02,9.29,1.225,0.265,1.88,190.5,1.0,28.2,122.5,269.0,4359721.31,13019.19656,30740.0,154.7135,43.806517,255.0,1.6688,27.0,0.0024,105.969714,36.24281,112.0,0.8608,209.0,0.0024,56.610465,24.675469,68.0,25.2883,31.0,0.0996,3.289183,3.171886,2.0,85.4382,9.0,5.5666
40430067.0,0.0,100.0,0.0,0.0,0.0,0.0,0.0,0.0,0.0,0.0,-109.8955829,33.02742932,0.093,5.87,4.69,640.0,1.85,0.373,4.95,0.36,98.3,19.85,211.0,18.95,74.1,4.57,15.4,0.19,4.34,0.069,2.1,45.6,76.4,1.62,816.0,1.58,1.3,24.7,57.2,1180.0,20.4,118.5,0.02,0.84,14.15,0.7,2.27,427.0,1.55,0.05,11.9,0.789,0.471,2.47,146.5,1.66,28.1,95.3,176.5,2288978.975,11949.79871,22190.0,137.18621,23.262627,142.0,3.2399,60.0,0.027,68.671232,22.345059,60.0,2.0631,8.0,0.0045,121.144446,59.535454,96.0,32.8699,88.0,0.6046,19.621331,3.497896,23.0,51.7333,16.0,48.2667
40430079.0,5.635523654,94.36447637,0.0,0.0,0.0,0.0,0.0,0.0,0.0,0.0,-109.0969788,33.86676201,0.036,7.55,3.42,1690.0,0.93,0.14,2.77,0.162,43.4,13.65,57.8,5.68,21.9,3.16,12.2,0.07,2.65,0.044,1.15,18.3,22.0,1.38,997.0,0.67,0.642,5.81,26.0,590.0,10.95,47.1,0.03,0.37,10.15,0.2,0.95,1485.0,0.38,0.02,5.71,0.378,0.145,1.2,88.2,1.16,14.05,56.3,95.3,4770349.395,11134.08179,20333.0,239.247725,29.146509000000002,255.0,27.8866,102.0,0.0021,59.961838,37.164952,1.0,2.4435,172.0,0.0021,170.748947,21.425956,175.0,23.2997,190.0,3.2049,34.390844,0.901865,35.0,67.8481,34.0,3.3881
40430075.0,90.32998426,4.571661435999999,0.0,0.0,0.0,0.0,0.52669282,0.0,0.0,0.0,-109.1287336,34.00154804,0.066,6.43,3.57,750.0,1.35,0.203,2.09,0.166,60.1,16.3,71.1,2.43,31.7,3.68,14.0,0.09,3.68,0.049,1.69,30.0,19.8,0.84,877.0,0.67,1.15,9.51,39.2,980.0,15.3,64.6,0.11,0.5,9.87,1.5,1.41,449.0,0.63,0.05,7.37,0.515,0.244,1.85,102.0,1.11,20.0,71.7,143.0,9074353.845,17484.80906,19795.0,225.142814,46.582119,255.0,12.3646,85.0,0.0011,115.337504,60.61473,255.0,0.5747,2.0,0.0079,223.594945,22.577189,207.0,15.5681,208.0,0.0503,33.501681,2.16344,34.0,75.2831,19.0,0.6096
40430076.0,0.426401315,99.57359831,0.0,0.0,0.0,0.0,0.0,0.0,0.0,0.0,-109.0818472,33.97446272,0.052,7.19,2.73,800.0,1.29,0.147,2.63,0.103,59.8,18.25,66.8,2.23,27.2,4.79,16.1,0.1,4.28,0.058,1.94,29.3,18.3,1.16,1040.0,0.57,1.35,10.25,27.1,760.0,14.2,68.1,0.06,0.43,11.5,0.8,1.55,608.0,0.63,0.02,7.85,0.697,0.24,1.88,149.0,0.803,18.05,86.5,168.0,7585014.857,17386.8225,19611.0,231.154556,41.271101,255.0,16.082,59.0,0.0013,89.778789,61.083129,1.0,0.793,253.0,0.0067,175.843333,21.565262,170.0,14.8937,212.0,0.1792,32.932693,0.36067,33.0,96.6347,31.0,3.3653
40430078.0,100.0000002,0.0,0.0,0.0,0.0,0.0,0.0,0.0,0.0,0.0,-109.0652408,33.87578316,0.046,6.7,3.06,820.0,1.03,0.168,3.05,0.104,64.3,21.4,86.9,2.36,28.6,7.14,16.5,0.1,4.63,0.063,1.54,31.8,17.7,1.59,989.0,0.57,1.165,9.88,30.2,710.0,13.1,50.4,0.02,0.43,13.75,0.4,1.77,721.0,0.68,0.02,10.45,0.906,0.186,1.8,252.0,0.752,20.1,115.0,165.5,14355526.56,21161.42615,14442.0,217.03836,41.797869,255.0,3.5516,90.0,0.0007,107.282502,44.683322,1.0,0.1324,210.0,0.0007,100.929369,35.264485,104.0,8.0914,179.0,0.0523,34.078869,0.275874,34.0,91.9402,32.0,0.0576
40430077.0,90.19882516,9.801175231,0.0,0.0,0.0,0.0,0.0,0.0,0.0,0.0,-109.0845538,33.91230013,0.048,6.87,4.07,1010.0,1.31,0.158,2.16,0.089,73.1,14.75,146.5,2.76,25.6,4.71,14.4,0.1,5.24,0.054,1.75,36.9,21.6,1.04,838.0,0.44,1.1,12.85,29.9,670.0,14.7,67.3,0.04,0.52,10.6,0.7,1.71,687.0,0.87,0.05,12.75,0.817,0.239,2.55,139.0,1.025,21.5,81.3,187.0,5813889.142,16484.21511,6879.0,218.568542,46.663611,255.0,5.6016,93.0,0.0018,96.118404,57.644782,255.0,0.3563,234.0,0.0018,189.221453,26.798917,193.0,19.6033,169.0,0.1518,33.108883,1.956947,35.0,48.7595,34.0,5.2835
40430017.0,32.412228909999996,22.88583283,11.43796038,0.0,0.0,0.0,0.851748728,0.0,0.0,0.0,-109.236388,33.98646401,0.064,7.19,3.87,850.0,1.47,0.155,2.09,0.133,65.2,17.4,62.5,2.43,30.4,4.35,15.35,0.1,4.4,0.052,1.62,32.9,22.8,1.07,888.0,0.6,1.065,14.15,30.9,920.0,13.75,61.7,0.05,0.42,11.2,0.6,1.36,596.0,0.86,0.05,8.01,0.621,0.256,2.03,107.0,0.816,20.5,72.5,178.0,6345561.708,20362.6589,37297.0,239.560447,27.31431,255.0,36.7371,118.0,0.0032,102.061508,46.162434,255.0,0.9994,2.0,0.0097,49.027314,34.957931,76.0,15.7349,99.0,0.0128,32.282167,1.89916,31.0,64.4732,25.0,0.4999
40430016.0,32.95361605833333,0.0,1.139151947,0.0,0.0,0.0,0.0,0.0,0.0,0.0,-109.208101,34.01248982,0.144,8.04,4.26,770.0,2.05,0.204,2.66,0.19,67.3,27.9,73.0,2.35,64.0,5.37,17.2,0.1,4.88,0.087,1.29,33.7,23.5,1.12,1460.0,0.77,1.105,24.9,64.7,1520.0,14.3,46.4,0.03,0.47,16.8,0.4,1.73,488.0,1.45,0.05,7.13,0.843,0.211,1.62,106.0,0.883,19.05,91.4,212.0,6144163.681,22323.0931,27409.0,216.61031,42.599649,255.0,17.407,60.0,0.0017,158.143247,64.247314,255.0,7.4443,5.0,0.0017,10.429479,18.952879,5.0,18.1014,13.0,0.2509,28.517664,6.70411,31.0,73.9,9.0,7.2002
40430018.0,15.16821377,21.39622119,0.0,0.0,0.0,0.0,63.4355652,0.0,0.0,0.0,-109.2417693,33.95935639,0.06,7.27,2.14,940.0,1.75,0.152,2.56,0.117,83.0,21.4,178.5,2.11,29.9,5.51,17.05,0.13,5.47,0.069,1.63,42.0,22.9,1.24,895.0,0.84,1.425,19.85,50.7,990.0,15.25,60.6,0.04,0.37,14.1,0.5,1.78,556.0,1.17,0.02,10.35,0.999,0.235,2.39,173.0,0.791,24.0,98.7,217.0,12745683.51,27730.21009,22220.0,230.353015,35.925148,255.0,9.1408,14.0,0.0008,101.523699,48.455758,255.0,0.4771,3.0,0.0008,125.17745,45.740493,141.0,8.9349,76.0,0.1901,32.736157,1.227539,33.0,55.518,34.0,6.7605
40430161.0,0.0,100.0,0.0,0.0,0.0,0.0,0.0,0.0,0.0,0.0,-109.4909345,34.03260035,0.087,7.41,5.56,690.0,2.13,0.202,2.26,0.291,90.8,37.9,199.5,2.75,42.1,6.67,17.9,0.19,4.63,0.074,1.26,45.7,25.4,1.27,2270.0,1.83,1.205,51.6,76.4,1860.0,15.6,59.6,0.07,0.69,16.35,1.4,2.06,344.0,2.66,0.04,9.32,1.15,0.224,2.58,147.5,1.12,25.2,118.5,188.5,18477058.75,37681.30869,49292.0,188.996125,47.799951,255.0,3.5483,70.0,0.0006,189.66695,51.162378,255.0,3.8777,9.0,0.0006,46.100166,36.266918,20.0,12.3112,150.0,0.0417,5.917422,4.36771,3.0,39.1503,15.0,7.266
40430082.0,67.8233994,32.17660135,0.0,0.0,0.0,0.0,0.0,0.0,0.0,0.0,-109.3503713,33.94945971,0.096,7.64,3.48,620.0,1.69,0.153,1.27,0.225,90.0,17.1,148.0,3.24,38.2,5.23,17.25,0.16,4.86,0.076,1.15,48.3,16.5,0.57,527.0,0.95,0.875,44.0,53.3,1830.0,15.35,52.1,0.04,0.46,16.2,0.5,1.97,316.0,2.32,0.02,8.94,1.23,0.258,2.44,136.5,1.065,27.1,105.0,213.0,4490227.791,12283.92845,40845.0,212.749272,31.882112,255.0,13.6165,107.0,0.0114,218.677916,41.814029,255.0,32.8306,7.0,0.0023,37.927661,21.421147,42.0,36.0635,30.0,0.7897,31.08024,3.909749,33.0,79.7671,21.0,7.5282
40430201.0,0.0,38.32845911,0.0,0.0,0.0,0.0,61.6715394,0.0,0.0,0.0,-109.4735006,33.98147137,0.129,7.55,3.56,850.0,3.51,0.164,1.44,0.183,100.0,10.4,47.9,5.59,12.0,3.53,18.55,0.12,4.9,0.071,2.58,58.7,22.3,0.48,1335.0,2.03,2.74,103.0,14.4,1170.0,18.35,100.5,0.04,0.44,6.94,0.9,2.86,293.0,4.99,0.02,12.5,0.855,0.254,3.81,70.1,1.905,25.9,102.5,197.5,29142307.16,43229.01949,32682.0,219.458723,40.818299,255.0,4.0834,32.0,0.0004,123.618418,54.060011,255.0,0.1303,5.0,0.0028,80.465396,85.805043,150.0,10.1656,117.0,0.0094,6.126446,5.109373,3.0,27.9063,15.0,6.3358
40430116.0,79.36953888,8.640135615,11.99032533,0.0,0.0,0.0,0.0,0.0,0.0,0.0,-109.4086709,33.99095365,0.101,8.33,3.0,680.0,2.44,0.174,1.13,0.232,87.9,18.25,80.9,3.76,38.2,4.53,18.6,0.16,5.24,0.078,1.3,45.7,23.7,0.58,667.0,1.03,0.972,36.5,43.4,1660.0,15.65,57.5,0.05,0.46,17.45,0.8,1.99,367.0,2.04,0.02,9.34,0.98,0.283,2.31,103.5,1.255,29.2,105.0,218.0,9136642.027,18409.41619,80682.0,202.613594,34.968904,255.0,9.4575,73.0,0.0067,201.293136,37.762718,255.0,11.4234,6.0,0.0011,204.539698,35.580569,198.0,12.9544,223.0,0.0344,21.343293,3.100686,19.0,52.2325,17.0,6.5345
40430163.0,70.31209123,29.68790876,0.0,0.0,0.0,0.0,0.0,0.0,0.0,0.0,-109.4947779,33.96537883,0.048,7.86,2.66,900.0,3.35,0.123,1.43,0.143,123.5,8.09,33.4,5.06,8.21,3.3,19.1,0.18,5.48,0.07,2.85,70.9,22.8,0.44,1480.0,2.17,3.03,131.5,10.35,1230.0,17.8,108.0,0.03,0.44,6.96,0.8,3.3,297.0,6.79,0.02,17.95,0.882,0.237,4.22,48.2,2.01,27.9,100.0,212.0,512069.6195,4432.964907,1372.0,180.770408,40.327817,255.0,1.7023,163.0,0.0198,142.615216,42.680775,149.0,0.532,25.0,0.0197,11.907814,10.756923,18.0,42.8487,-2.0,9.8121,3.0,0.0,3.0,100.0,3.0,100.0
40430081.0,0.0,99.99999939,0.0,0.0,0.0,0.0,0.0,0.0,0.0,0.0,-109.3954846,33.95216974,0.159,7.91,3.35,670.0,2.25,0.164,1.86,0.236,88.2,21.8,83.5,2.47,30.7,5.41,18.2,0.11,5.6,0.063,1.29,46.9,18.1,0.67,1020.0,1.55,1.205,56.6,44.5,2440.0,13.0,46.2,0.07,0.45,13.1,0.8,2.0,608.0,3.0,0.02,8.9,1.285,0.191,2.44,114.0,1.06,21.5,113.0,256.0,8704317.492,20313.33925,78494.0,199.125131,34.79577,255.0,7.25,81.0,0.0059,225.556589,35.23103,255.0,39.0208,16.0,0.0012,188.606465,58.009632,223.0,13.1667,118.0,0.0081,22.236922,4.030799,25.0,62.3654,21.0,0.4255
40430084.0,37.75395777,0.0,0.0,0.0,0.0,0.0,24.4920842,0.0,0.0,0.0,-109.3011132,33.95605727,0.111,7.96,3.73,900.0,1.86,0.197,1.8,0.23,96.7,31.0,231.0,2.93,49.8,5.88,18.55,0.18,5.63,0.072,1.46,49.1,21.3,0.88,1155.0,1.1,1.095,27.6,78.0,1890.0,17.2,68.1,0.05,0.44,17.5,0.7,1.81,334.0,1.46,0.02,7.94,1.075,0.251,1.93,148.5,0.955,29.3,119.5,239.0,2760421.416,10172.10664,14919.0,230.992828,31.360233,255.0,24.7732,105.0,0.0037,130.47604,58.469285,255.0,2.3056,2.0,0.0037,92.617698,15.324521,86.0,30.0753,58.0,0.1946,33.0,0.0,33.0,100.0,33.0,100.0
40430083.0,1.149100325,12.50340474,0.0,0.0,4.076679369,0.0,82.27081569,0.0,0.0,0.0,-109.3074222,33.94051982,0.078,8.24,3.89,1120.0,1.74,0.159,1.7,0.202,106.5,35.7,314.0,2.96,52.1,6.31,19.2,0.17,6.03,0.09,1.51,53.1,20.4,0.96,1225.0,1.31,1.09,32.8,92.9,2270.0,19.35,68.6,0.04,0.4,20.0,0.5,2.09,329.0,1.73,0.02,9.93,1.3,0.274,2.17,185.5,1.05,30.5,135.5,250.0,8981483.725,17515.96524,44563.0,220.660279,36.584049,255.0,16.4344,104.0,0.0023,158.495971,48.831006,255.0,3.1298,2.0,0.0011,101.647719,40.766364,151.0,22.3195,16.0,0.5134,33.0,0.0,33.0,100.0,33.0,100.0
40430117.0,79.91410097,10.042949498,0.0,0.0,0.0,0.0,0.0,0.0,0.0,0.0,-109.4433213,33.96149801,0.061,8.45,4.11,1000.0,3.56,0.131,1.12,0.161,113.0,19.65,41.6,4.24,14.8,4.57,20.6,0.17,7.48,0.058,2.75,59.6,22.0,0.43,2210.0,2.67,2.43,84.1,19.85,1700.0,17.85,119.5,0.05,0.56,8.82,0.9,2.74,261.0,4.44,0.02,16.45,0.896,0.264,4.48,81.5,2.38,28.4,115.0,314.0,15682983.25,30607.63655,71421.0,208.670195,40.085157,255.0,9.7918,62.0,0.0007,146.276397,49.968632,255.0,1.3197,2.0,0.0098,40.191843,25.982309,49.0,14.0849,-6.0,0.0407,11.731865,8.391623,19.0,37.6299,2.0,0.2244
40430118.0,0.0,0.0,100.0,0.0,0.0,0.0,0.0,0.0,0.0,0.0,-109.4825209,33.9387986,0.042,8.73,2.83,1010.0,4.02,0.085,0.92,0.088,115.0,4.43,19.0,4.14,6.85,2.38,21.8,0.18,8.56,0.056,3.37,66.1,18.5,0.32,325.0,2.3,2.88,96.5,8.16,1100.0,20.0,139.0,0.02,0.55,6.51,0.7,3.0,197.5,5.35,0.02,23.1,0.727,0.235,6.04,45.4,3.24,27.4,95.4,329.0,6943152.546,20816.08782,11198.0,219.726737,40.464143,255.0,5.2656,63.0,0.0015,102.700215,50.169154,78.0,0.1618,243.0,0.0015,68.860296,24.944942,40.0,14.6472,100.0,0.0686,4.259305,0.887063,4.0,88.1531,19.0,0.1721
40430019.0,0.0,0.0,100.0,0.0,0.0,0.0,0.0,0.0,0.0,0.0,-109.4254199,33.92457514,0.064,8.67,4.1,870.0,1.76,0.171,1.7,0.191,83.7,25.7,209.0,2.84,44.0,6.24,20.0,0.12,5.52,0.078,1.37,43.0,22.8,0.89,1145.0,1.03,1.155,27.4,85.9,1730.0,15.2,61.5,0.04,0.4,18.15,0.8,1.86,316.0,1.61,0.02,7.96,1.255,0.227,1.82,163.0,1.035,26.5,124.5,236.0,1740452.646,7722.842481,14583.0,155.659604,40.841703,255.0,1.855,21.0,0.0117,152.391099,49.296561,255.0,6.9946,3.0,0.0059,11.253592,17.694547,2.0,55.9705,-5.0,1.0818,25.0,0.0,25.0,100.0,25.0,100.0
40430203.0,100.0,0.0,0.0,0.0,0.0,0.0,0.0,0.0,0.0,0.0,-109.4470145,33.89827218,0.085,8.45,3.92,590.0,2.11,0.139,1.31,0.232,85.8,32.5,219.0,2.74,36.8,6.38,19.6,0.12,4.92,0.073,1.12,42.7,21.2,0.69,1015.0,1.12,0.976,50.8,77.9,1690.0,14.9,45.0,0.04,0.41,18.3,0.7,1.92,239.0,2.57,0.02,8.71,1.275,0.227,2.17,168.5,1.06,25.4,110.5,201.0,8314403.324,23636.66732,47904.0,166.775635,48.426506,255.0,4.3936,11.0,0.0025,127.757848,57.840898,255.0,0.5033,249.0,0.0209,28.036863,49.649436,100.0,13.6305,6.0,0.0451,12.041111,7.735316,6.0,54.9516,4.0,4.5347
40430121.0,81.98898179,18.01101822,0.0,0.0,0.0,0.0,0.0,0.0,0.0,0.0,-109.3875262,34.03630922,0.123,7.5,4.47,780.0,1.85,0.191,2.79,0.18,78.2,33.9,186.0,2.57,37.9,6.63,18.4,0.16,5.02,0.08,1.47,38.3,22.3,1.23,1300.0,1.19,1.53,34.5,67.9,1260.0,16.45,63.5,0.04,0.46,14.25,1.2,2.05,524.0,1.9,0.05,8.61,1.255,0.205,2.36,195.0,1.07,23.8,117.5,206.0,14300343.24,44922.80218,82786.0,219.201725,38.36602,255.0,21.5762,5.0,0.0007,158.238675,55.396012,255.0,3.011,2.0,0.0021,101.032589,41.227726,106.0,7.6365,178.0,0.1034,20.30733,2.667508,19.0,42.6584,15.0,0.0342
40430122.0,79.03391927,20.96608069,0.0,0.0,0.0,0.0,0.0,0.0,0.0,0.0,-109.3891849,34.03042512,0.067,7.5,5.09,730.0,1.74,0.206,2.65,0.199,77.1,34.8,260.0,2.86,38.8,7.27,18.85,0.16,5.03,0.09,1.49,38.3,22.2,1.17,1205.0,1.24,1.5,36.0,68.1,1230.0,18.1,67.4,0.03,0.44,15.05,1.2,2.17,429.0,1.97,0.05,8.95,1.445,0.196,2.76,218.0,1.315,21.9,122.5,207.0,7239056.907,15329.67452,22102.0,232.518324,32.876094,255.0,16.0525,97.0,0.0014,137.450399,46.720576,255.0,0.5215,9.0,0.0014,98.345251,47.702851,76.0,16.0278,68.0,0.0308,19.191808,1.135419,19.0,66.8509,17.0,11.7794
40430085.0,61.76388317,19.118058265000002,0.0,0.0,0.0,0.0,0.0,0.0,0.0,0.0,-109.336442,33.90910114,0.121,7.73,3.35,710.0,1.73,0.136,1.12,0.165,94.8,26.7,138.5,3.03,30.8,5.48,17.15,0.16,5.07,0.078,1.24,45.8,21.4,0.49,883.0,1.07,1.06,39.3,55.9,1890.0,16.6,54.3,0.06,0.51,15.25,0.7,1.83,319.0,2.08,0.04,8.72,1.195,0.221,2.21,128.0,1.065,26.9,113.5,224.0,12050820.39,25410.82924,38921.0,182.57758,44.57406,255.0,2.3774,1.0,0.0008,212.622247,50.494756,255.0,12.6818,5.0,0.0008,112.575936,37.759366,148.0,9.4481,-8.0,0.0227,32.903867,0.94987,33.0,39.6793,25.0,0.4893
40430204.0,99.99999998,0.0,0.0,0.0,0.0,0.0,0.0,0.0,0.0,0.0,-109.4625224,33.88986299,0.082,8.06,3.14,630.0,2.63,0.142,1.31,0.136,85.0,21.1,177.5,3.09,22.6,4.98,18.6,0.11,5.12,0.063,1.54,44.9,20.7,0.54,557.0,1.65,1.46,61.5,49.2,1350.0,15.45,65.5,0.05,0.44,13.8,0.5,2.08,261.0,3.21,0.02,12.35,1.04,0.264,3.0,109.0,1.46,24.5,96.0,202.0,10844550.15,24913.70836,53589.0,178.629588,46.647231,255.0,4.1116,32.0,0.0009,134.599025,61.259324,255.0,0.7652,2.0,0.0122,-17.637782,40.208064,-21.0,10.6888,-5.0,0.0168,10.26248,6.763193,5.0,45.3838,4.0,0.175
40430086.0,100.0000006,0.0,0.0,0.0,0.0,0.0,0.0,0.0,0.0,0.0,-109.3656009,33.92581105,0.075,7.52,4.51,690.0,2.27,0.115,1.31,0.134,98.0,75.2,184.0,2.76,39.1,8.96,18.2,0.17,5.26,0.084,1.12,44.2,21.6,0.61,1650.0,1.42,0.978,37.8,71.5,2440.0,12.6,51.4,0.08,0.41,15.4,1.0,1.9,294.0,2.01,0.02,7.99,1.24,0.203,2.03,193.0,0.907,26.9,123.0,233.0,6193965.708,16499.6506,33545.0,213.207244,33.678425,255.0,10.5131,114.0,0.0016,232.98067,40.059779,255.0,34.4274,17.0,0.0016,131.116014,38.952763,123.0,17.6172,206.0,0.0098,29.033563,4.324998,25.0,53.3398,33.0,16.5854
40430087.0,0.0,100.0,0.0,0.0,0.0,0.0,0.0,0.0,0.0,0.0,-109.3633141,33.91286415,0.082,8.55,4.58,740.0,2.45,0.118,1.4,0.185,117.5,35.5,156.5,3.1,31.9,6.21,19.8,0.18,5.45,0.078,1.12,52.6,23.6,0.58,1065.0,1.07,1.045,42.9,66.6,2480.0,13.75,47.3,0.03,0.45,17.25,0.7,1.94,368.0,2.28,0.02,8.7,1.19,0.214,2.32,163.0,1.095,31.1,127.5,240.0,21589154.51,34904.04147,135529.0,199.995728,35.874825,255.0,6.6775,30.0,0.0005,217.833229,47.059399,255.0,27.8236,2.0,0.0005,171.169504,59.167777,243.0,5.3722,220.0,0.0488,31.6805,4.372463,35.0,41.1803,32.0,3.5358
40430206.0,5.704727275,47.1476363575,0.0,0.0,0.0,0.0,0.0,0.0,0.0,0.0,-109.4641079,33.87699212,0.074,7.86,4.06,820.0,3.84,0.191,1.54,0.251,104.0,14.35,70.6,5.59,17.9,3.68,19.7,0.14,5.83,0.074,2.14,59.4,25.4,0.56,1070.0,2.53,2.18,83.4,22.3,1230.0,19.95,95.3,0.07,0.64,9.97,1.0,2.82,298.0,4.24,0.02,14.55,0.89,0.299,4.27,70.9,2.3,31.4,130.0,229.0,14617984.62,30906.13291,17003.0,190.530906,48.783543,255.0,1.7446,25.0,0.0007,104.288239,38.830269,106.0,0.1627,235.0,0.0007,-7.582217,51.267239,-106.0,12.682,-21.0,0.0014,4.791924,0.56194,5.0,74.287,11.0,0.2913
40430125.0,37.566064705,0.0,0.0,0.0,0.0,0.0,24.86787065,0.0,0.0,0.0,-109.3999333,33.94625464,0.097,8.3,3.32,690.0,2.49,0.154,1.62,0.225,104.0,24.5,99.7,3.28,35.7,5.88,18.55,0.17,5.93,0.084,1.27,57.5,20.9,0.64,892.0,1.44,1.005,59.1,51.7,2560.0,14.2,57.1,0.06,0.45,15.25,1.0,2.08,485.0,3.04,0.02,10.4,1.35,0.232,2.73,121.5,1.16,28.2,128.5,270.0,474257.156,3845.894393,4545.0,205.014521,32.055834,255.0,8.308,108.0,0.0651,198.78514,38.569327,255.0,12.425,84.0,0.0214,206.842769,17.81634,203.0,51.4634,254.0,3.7172,25.0,0.0,25.0,100.0,25.0,100.0
40430205.0,21.23612897,36.362252505,0.0,0.0,0.0,0.0,6.039366053,0.0,0.0,0.0,-109.4818808,33.89505554,0.061,7.65,4.11,900.0,3.6,0.135,1.68,0.196,115.5,9.32,24.6,5.77,9.3,4.19,19.4,0.15,6.12,0.087,2.44,64.8,24.0,0.55,1380.0,3.0,2.65,107.5,8.24,1820.0,18.6,98.8,0.04,0.5,7.84,0.6,3.01,335.0,5.31,0.02,15.5,0.996,0.256,4.38,57.0,2.42,32.5,134.0,241.0,13845049.82,27984.22852,5067.0,188.039471,57.096382,255.0,0.4552,35.0,0.0007,81.561508,38.484147,1.0,0.0752,163.0,0.0007,57.903355,47.359789,23.0,13.9227,114.0,0.0366,5.952317,4.017988,4.0,61.3114,7.0,4.3429
40430124.0,100.0,0.0,0.0,0.0,0.0,0.0,0.0,0.0,0.0,0.0,-109.4082725,33.93675161,0.091,9.28,3.47,740.0,2.53,0.145,1.34,0.205,109.0,24.6,129.0,3.35,39.0,6.12,21.9,0.19,6.3,0.084,1.37,60.6,21.5,0.58,741.0,1.48,1.115,64.6,63.7,2000.0,14.8,56.0,0.04,0.44,17.7,0.8,2.51,424.0,3.35,0.02,11.0,1.49,0.233,2.73,149.0,1.145,32.0,138.0,284.0,5369743.268,14954.4611,43576.0,210.815357,35.831101,255.0,16.7914,90.0,0.0038,169.225455,43.201184,255.0,2.5434,3.0,0.0019,136.50266,34.751968,137.0,21.1168,63.0,0.1679,25.53606,2.252386,25.0,94.6394,35.0,5.3606
40430202.0,99.99999987,0.0,0.0,0.0,0.0,0.0,0.0,0.0,0.0,0.0,-109.4548328,33.99492118,0.063,7.74,5.67,930.0,2.84,0.166,2.02,0.218,101.5,25.2,69.8,2.86,26.9,5.96,20.4,0.14,6.85,0.065,2.21,53.1,23.2,0.76,2190.0,2.44,2.18,66.8,28.1,1870.0,16.8,89.5,0.03,0.49,11.3,1.0,3.08,407.0,3.44,0.02,11.25,1.235,0.222,3.4,167.0,1.85,26.5,129.5,281.0,12258681.26,24306.74694,80857.0,217.605983,39.061613,255.0,22.662,102.0,0.0008,142.607527,55.056577,255.0,1.7277,6.0,0.0058,59.080067,51.470054,62.0,13.6645,149.0,0.1256,22.022372,4.120783,25.0,63.6751,19.0,16.3715
40430123.0,0.0,100.0,0.0,0.0,0.0,0.0,0.0,0.0,0.0,0.0,-109.4083614,33.93524283,0.114,8.42,3.2,580.0,1.92,0.162,1.04,0.323,86.1,21.0,110.0,4.03,36.5,4.87,18.7,0.15,4.54,0.063,1.0,43.1,23.1,0.51,881.0,0.96,0.695,35.3,54.2,2230.0,13.15,53.3,0.08,0.48,17.1,0.7,1.75,217.0,2.02,0.04,8.51,0.961,0.242,2.06,123.5,1.13,27.5,141.0,187.5,6020863.187,16908.89038,42479.0,196.814167,39.679904,255.0,9.1698,80.0,0.0051,164.214643,42.168552,255.0,3.0044,3.0,0.0017,71.53927,34.808775,63.0,19.1095,137.0,0.0707,26.155335,3.632897,25.0,86.8786,6.0,0.5407
40430092.0,5.822394401,94.17760531,0.0,0.0,0.0,0.0,0.0,0.0,0.0,0.0,-109.3376755,33.88332628,0.075,6.27,4.87,660.0,1.62,0.131,1.27,0.187,74.9,35.2,122.0,2.47,28.9,5.36,13.75,0.15,3.89,0.057,0.83,34.5,21.4,0.55,2290.0,1.01,0.697,18.75,62.6,2120.0,11.25,44.7,0.14,0.37,13.35,1.0,1.26,229.0,1.04,0.02,5.48,0.671,0.16,1.58,125.0,1.045,23.6,94.0,165.0,19385203.79,29180.08908,114569.0,181.624672,43.203655,255.0,5.2276,5.0,0.0005,166.562756,48.712046,255.0,3.4449,4.0,0.0011,184.338902,49.423604,234.0,11.8015,47.0,0.0005,33.045214,1.095266,33.0,42.1781,35.0,20.7811
40430088.0,41.7381567625,2.587181725,0.0,0.0,0.0,0.0,13.93650475,0.0,0.0,0.0,-109.3861525,33.90600243,0.106,8.22,4.8,760.0,1.9,0.361,0.94,0.426,90.6,20.8,118.0,4.4,42.8,3.65,18.05,0.14,4.28,0.072,1.13,41.5,27.3,0.48,951.0,0.79,0.77,21.6,60.7,1640.0,22.9,64.1,0.08,0.58,16.9,0.9,1.75,207.0,1.19,0.04,8.04,0.727,0.312,2.06,96.6,1.09,28.1,144.5,178.5,19175026.58,26330.5712,93500.0,167.497775,50.91197,255.0,4.1252,25.0,0.0011,169.572661,61.58701,255.0,8.5923,2.0,0.0016,12.671505,45.270041,39.0,10.823,114.0,0.0011,29.286843,6.453284,34.0,58.4563,32.0,2.4752
40430089.0,49.9999999,0.0,0.0,0.0,0.0,0.0,0.0,0.0,0.0,0.0,-109.3742435,33.8677683,0.123,9.37,3.56,690.0,1.96,0.218,0.99,0.188,92.6,22.8,88.8,3.47,45.4,5.21,21.2,0.17,4.67,0.08,1.05,48.8,26.8,0.61,963.0,1.02,0.685,21.6,48.6,1960.0,16.75,55.4,0.07,0.41,21.8,1.2,1.82,195.0,1.2,0.02,7.34,0.819,0.245,1.88,129.5,1.02,34.7,104.5,188.5,2818438.077,9888.083313,7069.0,217.930542,46.285491,255.0,10.8317,56.0,0.0036,59.866394,49.711649,1.0,1.7469,198.0,0.0036,-57.237323,18.588644,-52.0,44.0436,-69.0,4.74,32.479781,1.499864,31.0,50.674,34.0,49.326
40430091.0,100.0000017,0.0,0.0,0.0,0.0,0.0,0.0,0.0,0.0,0.0,-109.3548545,33.87714291,0.088,7.85,4.46,780.0,1.8,0.199,1.02,0.219,91.5,25.5,121.0,3.18,37.5,5.84,17.4,0.16,4.92,0.074,1.11,43.1,23.5,0.59,1285.0,0.72,0.818,19.4,56.8,2430.0,17.3,58.3,0.1,0.43,14.75,1.0,1.69,214.0,1.01,0.02,7.22,0.796,0.238,1.83,121.0,0.973,27.2,113.5,204.0,6427750.092,16038.04142,12182.0,208.562387,45.060949,255.0,5.431,31.0,0.0016,121.8849,59.072849,255.0,1.3495,218.0,0.0064,-71.642854,33.299916,-63.0,17.8786,22.0,0.1797,31.567826,0.843577,31.0,58.7581,34.0,7.7704
40430208.0,100.0,0.0,0.0,0.0,0.0,0.0,0.0,0.0,0.0,0.0,-109.4611122,33.7946385,0.053,8.61,4.59,590.0,2.4,0.243,1.25,0.195,71.1,29.3,59.8,2.7,26.6,8.01,18.15,0.13,5.17,0.09,1.43,39.3,22.9,0.79,1395.0,1.91,1.29,54.1,27.6,1850.0,15.3,50.1,0.03,0.44,13.0,0.7,2.27,271.0,2.74,0.04,7.08,1.715,0.223,1.87,157.5,0.963,21.1,98.6,233.0,3757255.373,11633.52215,3407.0,239.538303,27.501425,255.0,5.8459,80.0,0.0027,71.661988,27.504052,62.0,0.1989,2.0,0.0027,-30.224582,39.345101,-66.0,38.3908,68.0,0.0485,34.467593,0.498949,34.0,53.2407,35.0,46.7593
40430126.0,100.0,0.0,0.0,0.0,0.0,0.0,0.0,0.0,0.0,0.0,-109.4098967,33.84693667,0.089,7.86,6.18,870.0,1.73,0.469,1.24,0.378,91.4,27.3,162.0,4.14,50.4,6.55,19.1,0.17,5.51,0.09,1.28,46.6,25.8,0.84,1085.0,1.36,0.755,24.9,54.9,2250.0,27.7,69.7,0.04,0.69,15.25,0.6,2.34,217.0,1.31,0.08,8.96,1.215,0.295,3.21,183.5,1.21,23.9,149.0,233.0,3418467.357,10355.91703,10755.0,221.909902,41.049418,255.0,12.3388,52.0,0.003,44.879699,39.966049,1.0,3.0738,187.0,0.003,-82.675517,23.73324,-69.0,29.7013,-20.0,1.4165,34.0,0.0,34.0,100.0,34.0,100.0
40430127.0,19.879598382,0.0,40.36120497,0.0,0.0,0.0,0.0,0.0,0.0,0.0,-109.4301904,33.84464283,0.062,8.11,5.06,910.0,2.76,0.194,1.68,0.248,109.0,21.1,123.5,4.56,26.1,5.1,19.2,0.19,5.92,0.086,1.99,57.6,22.4,0.7,1335.0,2.27,2.01,70.8,40.1,1640.0,18.6,90.7,0.06,0.56,11.75,0.7,2.61,322.0,3.66,0.02,11.85,1.06,0.26,3.49,116.0,2.24,32.2,127.5,240.0,11981751.13,24002.36879,48655.0,213.43679,44.668485,255.0,13.7638,75.0,0.0009,74.393758,45.299773,1.0,0.9222,237.0,0.0009,-4.562381,41.420614,-40.0,18.8957,-53.0,0.1344,16.067239,7.539008,11.0,59.8043,32.0,0.1493
40430093.0,33.33333339166666,0.0,0.0,0.0,0.0,0.0,0.0,0.0,0.0,0.0,-109.3594639,33.82713648,0.08,8.8,4.1,960.0,2.24,0.189,1.5,0.191,116.5,25.9,165.5,3.44,42.6,5.71,20.0,0.2,6.2,0.089,1.42,56.0,27.0,0.89,1250.0,0.85,0.998,20.9,72.5,2220.0,17.25,70.2,0.05,0.42,17.15,1.0,2.1,297.0,1.12,0.02,8.24,0.961,0.261,2.01,135.5,1.07,33.0,120.5,261.0,7042058.384,15591.59969,9050.0,223.710608,39.079105,255.0,5.5437,83.0,0.0015,65.760406,33.925716,54.0,0.1886,167.0,0.0015,-55.709994,46.544851,-70.0,16.3,-61.0,0.0086,32.378907,0.989512,33.0,62.8101,34.0,4.0901
40430207.0,92.49218433,6.045797829,0.0,0.0,0.0,0.0,1.46201789,0.0,0.0,0.0,-109.466774,33.85631908,0.05,9.19,3.27,1080.0,3.74,0.109,1.05,0.074,96.5,7.0,34.2,2.51,10.5,3.58,19.45,0.13,7.84,0.064,2.26,55.5,19.8,0.31,644.0,1.78,3.16,80.5,14.45,1270.0,14.85,60.9,0.03,0.34,8.19,0.6,2.27,394.0,4.07,0.02,11.0,0.718,0.211,2.87,58.2,1.345,25.7,78.8,345.0,7831559.278,16844.64476,13517.0,220.642524,41.0891,255.0,6.9229,83.0,0.0013,56.426788,37.006392,1.0,1.0786,165.0,0.0013,-18.319892,53.807486,30.0,14.6678,31.0,0.1397,11.148521,3.386718,14.0,45.8631,5.0,20.4562
40430095.0,100.0,0.0,0.0,0.0,0.0,0.0,0.0,0.0,0.0,0.0,-109.1545622,33.94510129,0.044,6.91,3.05,860.0,1.37,0.148,2.46,0.123,58.9,18.45,115.0,2.86,28.4,4.05,14.7,0.14,3.73,0.052,1.9,26.6,20.0,1.33,916.0,0.52,1.27,9.67,40.6,630.0,14.3,75.3,0.05,0.4,11.25,0.9,1.53,726.0,0.58,0.02,10.5,0.531,0.212,1.85,119.5,0.877,21.4,75.5,131.5,7743927.545,16620.83892,49779.0,233.909259,42.092539,255.0,43.6731,36.0,0.004,100.127715,57.529113,255.0,2.3722,221.0,0.0342,225.961317,18.252412,223.0,23.1821,293.0,0.0079,28.928554,3.699713,25.0,46.0868,31.0,19.2251
40430096.0,42.57233127,57.42766866,0.0,0.0,0.0,0.0,0.0,0.0,0.0,0.0,-109.1257072,33.91964578,0.103,7.55,3.18,880.0,1.97,0.322,1.54,0.377,77.3,20.8,118.5,3.73,49.6,3.63,15.35,0.15,3.84,0.072,1.25,40.4,25.2,0.77,1010.0,0.77,0.844,11.45,88.2,1590.0,18.85,73.5,0.18,0.51,13.85,1.1,1.54,354.0,0.66,0.02,7.09,0.495,0.272,1.67,84.5,0.913,28.3,109.0,153.5,6996971.507,18317.33838,45052.0,225.764716,35.785313,255.0,29.0336,91.0,0.0015,90.151364,64.572461,1.0,4.3692,252.0,0.0175,236.611835,20.704721,223.0,17.4483,239.0,0.058,33.104755,1.978357,35.0,51.6798,33.0,1.8782
40430094.0,10.57353753,89.42646254,0.0,0.0,0.0,0.0,0.0,0.0,0.0,0.0,-109.1800028,33.91857382,0.043,7.02,4.04,890.0,1.31,0.186,2.4,0.161,56.1,19.45,71.9,2.78,34.4,4.41,15.6,0.12,3.91,0.066,1.8,25.2,23.0,1.36,1095.0,0.47,0.986,10.5,31.4,800.0,15.15,66.2,0.06,0.43,11.6,0.6,1.5,733.0,0.58,0.02,6.65,0.562,0.205,1.95,133.0,0.952,20.4,94.7,145.5,16749224.14,24596.85543,50176.0,234.687679,37.230802,255.0,19.2735,37.0,0.0006,83.014508,56.949247,255.0,1.036,252.0,0.0055,297.180905,38.837295,316.0,9.1406,285.0,0.0569,32.917989,1.15826,33.0,39.2494,31.0,5.3823
40429018.0,100.0000002,0.0,0.0,0.0,0.0,0.0,0.0,0.0,0.0,0.0,-109.2127297,33.90816505,0.044,6.99,4.42,960.0,1.32,0.157,2.4,0.095,51.7,17.55,135.5,2.43,30.5,4.66,16.85,0.09,4.08,0.045,1.62,25.9,21.4,1.39,1530.0,0.4,1.07,9.5,38.2,830.0,12.8,56.9,0.04,0.45,11.3,0.7,1.4,768.0,0.63,0.02,8.07,0.62,0.2,1.56,146.0,0.951,16.45,84.9,152.0,9123364.334,17601.48685,34114.0,242.323386,26.155427,255.0,26.5005,112.0,0.0011,62.063648,40.431175,1.0,2.3937,222.0,0.0011,176.724239,15.143455,158.0,12.6075,231.0,0.1623,32.952162,0.324528,33.0,89.2394,34.0,2.9884
40430098.0,11.6595964,0.0,88.3404034,0.0,0.0,0.0,0.0,0.0,0.0,0.0,-109.16595,33.86971592,0.046,7.28,7.14,1150.0,1.26,0.143,2.2,0.102,65.0,19.3,120.5,2.85,32.7,4.73,14.15,0.13,4.24,0.047,1.71,32.2,24.9,1.16,1220.0,0.48,1.025,13.3,39.9,930.0,15.35,67.9,0.04,0.5,11.05,0.6,1.4,841.0,0.74,0.02,8.36,0.686,0.234,1.92,137.5,1.22,20.1,82.8,163.0,15180422.94,27012.77827,43573.0,235.290271,37.196944,255.0,18.6664,1.0,0.0007,74.340582,54.932741,1.0,1.166,226.0,0.0054,224.950551,50.352761,196.0,7.6485,117.0,0.0374,32.506859,0.983317,32.0,75.9262,31.0,0.0646
40430097.0,0.43410018,99.56589883,0.0,0.0,0.0,0.0,0.0,0.0,0.0,0.0,-109.1535833,33.8925131,0.067,6.49,3.22,1040.0,1.53,0.151,1.69,0.123,63.2,11.25,92.2,3.14,25.4,3.25,13.9,0.13,4.26,0.047,1.81,30.7,24.3,0.7,518.0,0.48,1.23,13.05,22.4,440.0,17.5,82.0,0.05,0.64,9.54,1.0,1.54,485.0,0.82,0.02,9.54,0.667,0.269,2.77,118.5,1.195,23.0,78.3,156.5,786046.7596,4803.855687,822.0,240.765207,27.613109,255.0,7.165,160.0,0.0129,108.087438,60.728488,255.0,0.3375,4.0,0.013,302.614302,18.656078,316.0,40.1704,337.0,9.6941,32.0,0.0,32.0,100.0,32.0,100.0
40430099.0,99.99999989,0.0,0.0,0.0,0.0,0.0,0.0,0.0,0.0,0.0,-109.1862412,33.86200603,0.06,7.65,4.04,1040.0,1.73,0.224,2.53,0.196,78.1,25.0,227.0,3.12,48.3,4.64,17.0,0.17,4.36,0.078,1.76,39.9,28.6,1.39,603.0,0.64,1.405,14.3,96.6,1170.0,18.6,73.6,0.06,0.42,14.4,1.0,1.65,565.0,0.78,0.02,7.27,0.705,0.248,2.69,146.5,1.08,21.8,93.5,172.5,8945662.8,15809.01858,6279.0,233.951425,33.514217,255.0,3.7844,11.0,0.0011,88.387249,39.135912,65.0,0.1061,4.0,0.0011,113.918694,47.368295,144.0,12.9775,182.0,0.0453,32.985763,0.118466,33.0,98.5763,32.0,1.4237
40430210.0,90.6429618,4.6785191085,0.0,0.0,0.0,0.0,0.0,0.0,0.0,0.0,-109.4613854,33.77050339,0.059,8.63,4.96,640.0,2.26,0.162,1.2,0.172,83.3,30.0,64.3,2.65,23.0,8.36,18.9,0.12,5.15,0.08,1.27,43.3,22.3,0.64,1520.0,1.66,1.125,51.7,29.0,1930.0,13.95,49.1,0.05,0.41,13.65,1.0,2.06,250.0,2.57,0.04,7.63,1.785,0.225,2.02,170.5,1.065,22.2,102.5,231.0,966682.6814,6479.058897,34.0,195.352941,45.373536,103.0,0.0421,222.0,0.0105,52.548387,23.979613,57.0,0.0318,20.0,0.0106,135.861567,22.138207,143.0,55.4044,94.0,20.8643,26.659638,10.275503,35.0,60.284,14.0,39.716
40430209.0,0.0,99.99999999,0.0,0.0,0.0,0.0,0.0,0.0,0.0,0.0,-109.4758741,33.75033699,0.051,8.73,4.36,920.0,2.31,0.184,1.11,0.197,105.5,35.0,92.2,3.69,29.7,6.51,21.4,0.13,5.34,0.089,1.17,54.9,26.1,0.6,2060.0,1.34,0.813,52.4,48.9,1950.0,14.75,60.3,0.06,0.46,14.45,0.9,2.12,252.0,2.62,0.02,10.65,1.37,0.304,2.79,145.0,1.125,28.6,124.5,226.0,9928721.424,21672.74772,158.0,212.088608,39.952564,255.0,0.0391,76.0,0.001,119.886792,56.196643,255.0,0.0082,11.0,0.001,330.56465,71.981989,370.0,11.5646,276.0,0.0041,17.609613,8.709782,11.0,44.7091,35.0,0.8342
40430133.0,18.35859345,35.803029,0.0,0.0,0.0,0.0,45.83837665,0.0,0.0,0.0,-109.3850863,33.7208645,0.054,7.81,4.33,980.0,1.82,0.22,2.2,0.193,96.6,40.0,341.0,2.67,45.6,6.17,18.15,0.17,5.39,0.088,1.74,49.1,24.0,1.27,1660.0,0.92,1.535,28.3,104.5,1860.0,18.7,68.5,0.05,0.54,14.5,0.6,2.07,400.0,1.56,0.02,7.86,1.045,0.258,2.03,156.5,1.145,23.3,111.5,225.0,,,,,,,,,,,,,,,,,,,,,,,,,,,
40430212.0,85.04924456,14.95075617,0.0,0.0,0.0,0.0,0.0,0.0,0.0,0.0,-109.4363581,33.77367666,0.052,8.7,4.24,680.0,2.57,0.138,1.34,0.134,87.3,41.1,133.0,2.95,32.9,7.92,19.85,0.12,5.54,0.073,1.37,44.7,22.5,0.76,1780.0,1.72,1.2,46.2,65.2,2030.0,14.1,51.6,0.03,0.42,15.35,0.5,2.14,299.0,2.39,0.04,7.81,1.455,0.25,2.02,175.5,1.005,24.9,106.5,243.0,10902814.92,19718.58801,14633.0,239.008132,28.831486,255.0,8.6909,84.0,0.0009,69.561933,37.743173,60.0,0.1978,201.0,0.0009,1.293809,27.248951,-19.0,10.5355,-33.0,0.0074,33.187928,3.45112,34.0,66.1989,14.0,0.2147
40430213.0,94.81677361,5.183226395,0.0,0.0,0.0,0.0,0.0,0.0,0.0,0.0,-109.4321768,33.75335356,0.046,8.94,3.53,670.0,2.46,0.125,1.1,0.13,88.2,27.3,121.5,3.11,32.9,6.57,19.75,0.13,5.7,0.077,1.47,47.1,23.8,0.61,1120.0,1.27,1.235,52.8,54.0,1390.0,14.8,56.8,0.02,0.5,15.4,0.6,2.21,278.0,2.77,0.05,9.0,1.68,0.265,2.42,156.0,1.055,25.2,108.5,251.0,6407957.264,24537.01565,2441.0,237.644818,27.660944,255.0,2.1857,93.0,0.0016,99.512353,39.478141,88.0,0.0527,8.0,0.0016,45.475524,39.640487,44.0,17.3044,-38.0,0.0285,23.629943,6.315581,21.0,70.8724,34.0,0.7577
40430129.0,0.0,0.00727032,0.0,0.0,0.0,0.0,99.99272994,0.0,0.0,0.0,-109.4062892,33.77921563,0.05,7.79,3.92,850.0,2.31,0.179,2.16,0.173,101.5,30.2,184.5,2.86,30.4,6.35,18.4,0.2,5.72,0.085,1.63,53.4,21.1,0.97,1755.0,1.77,1.81,54.6,58.8,2500.0,15.65,65.1,0.05,0.5,13.1,1.0,2.28,404.0,2.64,0.02,8.58,1.25,0.18,2.49,139.0,1.615,29.2,126.5,246.0,789203.1924,4926.874996,147.0,249.816327,14.382539,255.0,1.4536,181.0,0.013,111.322981,43.173865,100.0,0.0908,24.0,0.013,-111.089742,23.158472,-116.0,61.818,-225.0,2.0413,25.153587,7.064168,19.0,56.8167,34.0,10.7926
40430132.0,100.0,0.0,0.0,0.0,0.0,0.0,0.0,0.0,0.0,0.0,-109.3954887,33.71635119,0.045,8.01,3.23,1030.0,1.75,0.173,2.71,0.167,87.7,33.9,406.0,2.12,46.4,6.62,19.25,0.17,5.82,0.074,1.85,45.1,22.3,1.62,1365.0,1.07,1.725,28.5,119.0,1890.0,16.8,64.8,0.03,0.39,15.8,0.6,2.3,477.0,1.45,0.06,7.26,1.16,0.207,1.79,186.5,1.055,22.1,116.0,245.0,6491524.285,15137.94689,3566.0,225.806786,43.153517,255.0,2.8793,84.0,0.0016,135.092245,63.690023,255.0,0.2441,6.0,0.0016,-116.909573,35.389172,-130.0,17.4269,-135.0,0.3729,15.329071,1.126294,15.0,91.8678,31.0,0.0315
40428076.0,23.50774704,76.4922529,0.0,0.0,0.0,0.0,0.0,0.0,0.0,0.0,-109.3457216,33.7858059,0.132,8.63,5.34,920.0,2.0,0.186,2.03,0.259,90.2,31.5,404.0,2.48,50.0,6.99,21.0,0.11,6.07,0.08,1.56,44.3,23.0,1.2,1485.0,1.21,1.38,25.0,111.0,1840.0,28.8,58.8,0.02,1.03,18.25,0.8,3.25,455.0,1.41,0.02,10.25,1.195,0.226,2.21,198.5,1.235,25.4,158.5,255.0,20804393.23,35457.53732,42548.0,234.000282,33.031312,255.0,10.897,27.0,0.0005,74.229739,37.640659,47.0,0.2486,227.0,0.0005,-73.989465,83.728404,-95.0,5.5761,-82.0,0.0214,34.22676,0.973951,35.0,61.338,33.0,38.662
40430131.0,99.99999997,0.0,0.0,0.0,0.0,0.0,0.0,0.0,0.0,0.0,-109.3844882,33.77528728,0.068,8.82,3.81,820.0,2.08,0.149,2.06,0.19,117.0,24.3,121.0,2.47,29.8,7.04,19.0,0.21,6.08,0.084,1.41,58.7,19.0,0.96,1585.0,1.65,1.595,44.2,52.1,3390.0,13.65,52.7,0.04,0.42,14.95,1.0,2.02,397.0,2.31,0.04,7.84,1.25,0.178,1.87,126.0,0.984,35.4,122.0,259.0,10674580.67,25321.13122,27762.0,230.584324,33.762508,255.0,12.5974,80.0,0.001,90.080023,44.258123,76.0,0.2988,231.0,0.0019,-74.064687,74.612647,-31.0,10.6324,38.0,0.018,32.303495,3.044003,33.0,95.025,19.0,4.975
40430128.0,99.77845927,0.0,0.221540964,0.0,0.0,0.0,0.0,0.0,0.0,0.0,-109.4083215,33.82931527,0.075,9.02,4.79,970.0,2.11,0.214,1.5,0.225,130.5,27.3,113.5,3.47,39.4,6.28,20.2,0.22,6.68,0.092,1.29,61.0,25.5,0.82,1410.0,1.09,0.935,24.7,55.9,3130.0,18.2,65.8,0.05,0.52,16.9,1.1,2.02,282.0,1.33,0.04,8.46,1.005,0.268,2.11,133.5,1.09,37.2,129.5,279.0,10471170.35,23822.79543,57732.0,216.751195,45.444044,255.0,21.0704,17.0,0.001,60.845732,42.042978,1.0,2.5501,220.0,0.001,-87.087711,32.138201,-96.0,11.0766,-36.0,0.3657,30.967156,3.923593,34.0,37.7744,32.0,1.9344
40428077.0,97.91789311,1.0410534310000001,0.0,0.0,0.0,0.0,0.0,0.0,0.0,0.0,-109.3525884,33.77189952,0.076,7.04,5.08,760.0,1.6,0.262,1.9,0.24,77.2,27.2,221.0,2.39,42.4,5.52,16.05,0.1,4.63,0.056,1.35,39.7,21.8,1.0,1305.0,1.05,1.195,18.1,84.5,1860.0,16.45,53.3,0.11,0.41,13.1,1.0,2.18,326.0,1.05,0.04,6.64,0.804,0.208,1.87,141.0,1.195,22.0,99.9,194.0,3446940.772,12352.13042,603.0,232.446103,32.859341,255.0,0.9314,97.0,0.003,108.495854,52.734775,255.0,0.0956,1.0,0.003,-14.855362,28.666123,-25.0,29.6449,-38.0,2.2636,33.355653,2.590931,35.0,62.3609,19.0,1.5249
40428081.0,53.94501318,46.05498697,0.0,0.0,0.0,0.0,0.0,0.0,0.0,0.0,-109.3506337,33.7231914,0.151,7.87,4.11,900.0,1.96,0.328,1.28,0.257,88.7,25.2,277.0,3.97,47.1,5.17,18.35,0.11,5.08,0.073,1.78,44.5,25.5,0.87,965.0,1.06,1.15,23.2,92.4,1400.0,21.6,83.9,0.04,0.62,13.55,0.9,2.15,275.0,1.46,0.02,11.25,0.88,0.343,2.29,132.0,1.345,23.1,127.0,202.0,2987828.982,12822.2593,5155.0,217.043259,45.084844,255.0,6.4147,90.0,0.0034,54.105675,62.129684,1.0,1.3789,104.0,0.0034,-136.948137,101.438079,-8.0,21.3315,11.0,0.0102,32.014675,4.576143,35.0,70.1467,25.0,29.8533
40428079.0,43.69634751,56.30364977,0.0,0.0,0.0,0.0,0.0,0.0,0.0,0.0,-109.331061,33.75097846,0.061,8.73,2.95,1110.0,2.19,0.158,1.59,0.12,115.0,13.65,111.5,2.43,25.3,4.63,18.85,0.14,6.28,0.073,1.94,57.8,22.2,0.55,1110.0,1.07,2.13,41.4,40.7,2870.0,14.25,57.9,0.03,0.4,10.75,0.9,2.07,461.0,2.11,0.02,8.74,0.892,0.24,2.02,72.2,1.13,30.9,98.4,272.0,8698506.504,19307.51421,478.0,216.51046,39.507572,255.0,0.1787,74.0,0.0012,126.093074,43.491179,123.0,0.0118,1.0,0.0012,-77.552229,27.702223,-89.0,13.3385,-101.0,0.0559,33.888053,1.792027,35.0,72.2013,31.0,27.7987
40430136.0,71.69921659,28.30078308,0.0,0.0,0.0,0.0,0.0,0.0,0.0,0.0,-109.3092401,33.66924464,0.088,8.54,3.81,880.0,2.02,0.365,1.36,0.308,104.5,25.2,339.0,3.79,58.3,4.96,18.05,0.18,4.95,0.076,1.52,48.4,26.4,1.05,1035.0,0.88,0.774,17.75,126.0,1770.0,21.1,81.1,0.05,0.53,18.85,0.7,1.94,225.0,1.04,0.06,7.98,0.733,0.292,1.91,124.0,1.035,26.9,108.0,190.5,1898084.264,8701.608133,1050.0,220.22381,43.771815,255.0,2.2695,99.0,0.0054,29.171482,23.81363,1.0,0.8575,65.0,0.0054,154.378856,95.101196,102.0,29.6136,292.0,0.0587,32.0,0.0,32.0,100.0,32.0,100.0
40430304.0,99.63528624,0.364713725,0.0,0.0,0.0,0.0,0.0,0.0,0.0,0.0,-109.2839514,33.87835674,0.068,7.45,6.82,830.0,1.68,0.142,1.89,0.113,79.7,23.7,483.0,2.62,38.5,4.53,16.1,0.16,5.08,0.063,1.89,37.6,25.3,1.06,1010.0,0.69,1.445,25.8,81.2,1020.0,16.65,66.7,0.04,0.48,13.35,0.8,1.91,385.0,1.36,0.02,9.09,1.03,0.263,3.11,161.0,1.46,22.6,85.3,206.0,28799751.62,44136.0971,137638.0,228.633524,34.732659,255.0,21.9113,10.0,0.0004,128.197002,63.067749,255.0,2.7928,3.0,0.005,164.948077,61.692949,199.0,8.1746,-30.0,0.0313,33.792914,0.969183,33.0,59.4644,34.0,1.7799
40430214.0,100.0,0.0,0.0,0.0,0.0,0.0,0.0,0.0,0.0,0.0,-109.4338168,33.72886977,0.066,8.25,4.89,780.0,2.63,0.201,0.85,0.153,92.6,26.3,234.0,4.36,44.6,5.39,19.1,0.14,5.4,0.072,1.61,52.3,28.5,0.59,906.0,1.17,0.939,39.9,99.7,1240.0,19.3,78.3,0.03,0.59,16.75,0.6,2.25,194.0,2.07,0.05,11.2,1.115,0.389,2.77,138.0,1.33,29.9,103.5,230.0,6221599.513,15678.23663,421.0,196.342043,60.021666,255.0,0.1559,61.0,0.0017,151.267442,58.567994,255.0,0.0481,40.0,0.0017,-55.973535,66.776947,-53.0,18.2878,-81.0,0.0326,15.737328,2.389146,14.0,52.0674,21.0,5.8249
40430215.0,100.0,0.0,0.0,0.0,0.0,0.0,0.0,0.0,0.0,0.0,-109.4493384,33.70661347,0.048,7.52,3.57,940.0,1.88,0.198,2.6,0.18,77.8,33.2,497.0,2.17,48.4,6.76,18.4,0.1,5.47,0.073,1.73,40.5,21.1,1.63,1085.0,1.18,1.58,24.7,123.0,1640.0,17.0,63.1,0.03,0.4,15.9,0.6,2.04,428.0,1.27,0.02,6.99,1.155,0.223,1.8,201.0,0.957,21.3,119.0,230.0,,,,,,,,,,,,,,,,,,,,,,,,,,,
40430134.0,84.90538789,15.09461374,0.0,0.0,0.0,0.0,0.0,0.0,0.0,0.0,-109.284157,33.69343963,0.067,8.25,3.11,1040.0,1.76,0.313,2.64,0.266,88.0,31.3,478.0,2.82,60.8,6.2,18.7,0.2,5.49,0.064,1.8,41.2,23.3,1.83,1155.0,0.78,1.39,18.0,160.5,1790.0,21.5,77.0,0.03,0.43,17.6,0.7,1.9,470.0,1.0,0.04,7.22,0.915,0.261,1.74,166.0,0.943,20.1,118.5,219.0,9514671.613,21841.359,6142.0,219.327906,47.555954,255.0,2.9036,41.0,0.0011,39.500733,34.695546,1.0,0.906,131.0,0.0011,111.086957,81.347824,250.0,12.1676,40.0,0.1789,32.284441,0.989818,32.0,70.2534,33.0,4.7536
40430135.0,66.42915957,33.57084048,0.0,0.0,0.0,0.0,0.0,0.0,0.0,0.0,-109.3151491,33.70464292,0.05,8.47,3.35,1050.0,1.97,0.186,2.38,0.195,96.4,40.9,544.0,2.45,61.2,7.39,20.4,0.19,5.97,0.071,1.73,45.8,22.8,1.98,1300.0,0.91,1.315,20.4,171.0,1980.0,23.9,64.2,0.02,0.65,20.6,0.7,2.08,383.0,1.09,0.05,7.8,1.105,0.248,1.85,208.0,0.937,23.1,126.5,241.0,9797097.15,17956.43338,42881.0,223.82666,42.087084,255.0,19.6283,22.0,0.001,34.851033,33.154845,1.0,7.9952,196.0,0.001,155.924585,135.973957,242.0,15.4658,102.0,0.0279,32.628025,1.062856,32.0,67.0659,35.0,14.9342
40430137.0,67.53107967,10.298193445999999,0.0,0.0,1.554362219,0.0,0.019977995,0.0,0.0,0.0,-109.3421525,33.63727099,0.066,8.54,2.8,1090.0,2.13,0.213,2.67,0.162,116.5,31.7,523.0,3.34,53.0,5.87,20.1,0.21,6.48,0.079,1.74,55.5,25.9,1.93,953.0,0.88,1.19,26.2,174.5,2270.0,18.25,76.2,0.03,0.4,22.0,1.0,2.08,426.0,1.44,0.02,9.72,1.035,0.276,2.4,153.5,1.085,25.3,115.5,255.0,9084747.577,22236.37158,11754.0,213.435256,47.438702,255.0,4.6176,64.0,0.0011,46.009068,35.208457,1.0,1.2007,159.0,0.0011,225.214815,200.712292,431.0,12.6489,557.0,0.0379,32.364782,0.481369,32.0,63.5218,33.0,36.4782
40430251.0,28.483845132,0.0,14.54846461,0.0,0.0,0.0,0.0,0.0,0.0,0.0,-109.0707833,34.00961185,0.059,7.02,4.44,720.0,1.42,0.198,1.63,0.164,81.3,25.6,93.2,2.81,34.9,3.97,14.9,0.14,3.82,0.058,1.73,31.0,19.9,0.59,1215.0,0.87,1.38,13.05,31.5,610.0,18.5,73.5,0.01,0.53,10.9,0.6,1.53,299.0,0.81,0.02,8.97,0.631,0.323,1.97,109.0,1.17,22.2,63.1,149.0,5186842.491,21299.25461,1232.0,209.665584,41.924641,255.0,0.6787,112.0,0.002,157.699431,52.455705,255.0,0.0925,33.0,0.002,296.633746,61.544083,374.0,21.1164,193.0,0.315,31.006128,5.482351,31.0,47.0764,15.0,1.6263
40430252.0,65.18499944,0.0,34.81500058,0.0,0.0,0.0,0.0,0.0,0.0,0.0,-109.0666374,34.00140982,0.057,7.49,2.31,890.0,1.43,0.137,2.3,0.086,67.4,13.3,48.7,2.41,22.4,3.5,15.4,0.16,4.05,0.05,2.08,30.3,19.4,0.93,738.0,0.39,1.54,10.55,19.35,610.0,14.65,77.5,0.02,0.35,9.27,0.7,1.42,547.0,0.67,0.02,10.15,0.498,0.323,2.07,89.1,0.755,20.4,63.4,158.0,21611051.59,37461.82913,3053.0,203.649525,46.696955,255.0,0.3941,86.0,0.0005,170.405947,70.313308,255.0,0.3267,7.0,0.0005,116.723921,91.486613,-15.0,5.3749,225.0,0.0089,22.874003,11.342382,31.0,35.1932,34.0,3.3409
40430305.0,23.68935754,16.24371786,0.0,47.12969732,0.0,0.0,6.4686136659999995,0.0,0.0,0.0,-109.2794386,33.88509264,0.124,8.61,4.55,770.0,1.85,0.273,1.45,0.352,84.7,34.0,166.0,3.65,50.7,5.88,18.8,0.18,4.25,0.086,1.24,38.7,26.6,0.83,1700.0,1.24,0.802,25.5,84.3,1800.0,17.3,60.2,0.06,0.49,16.8,1.2,1.65,256.0,1.41,0.05,7.61,0.816,0.306,2.12,133.5,1.04,26.4,121.5,185.5,6539574.869,15557.62486,20975.0,211.571156,40.30636,255.0,8.7199,40.0,0.0016,154.966423,61.18002,255.0,2.8515,6.0,0.0016,195.350022,27.233581,190.0,26.2133,211.0,0.0434,34.83377,0.552111,35.0,91.6885,33.0,8.3115
40430253.0,100.0,0.0,0.0,0.0,0.0,0.0,0.0,0.0,0.0,0.0,-109.1766808,33.782228,0.055,7.28,8.05,940.0,1.72,0.251,1.91,0.191,65.7,28.6,404.0,2.91,43.7,6.99,17.15,0.16,4.33,0.071,1.93,29.8,23.7,1.01,1740.0,0.93,1.42,17.8,101.0,1480.0,22.0,79.3,0.04,0.47,13.2,1.2,2.07,356.0,0.97,0.04,8.42,0.965,0.297,2.15,187.5,1.245,19.95,117.5,173.5,14283631.49,23000.14838,30201.0,236.305321,30.839065,255.0,12.4094,35.0,0.0007,85.529556,42.865221,1.0,0.7102,201.0,0.0007,-22.687345,22.940533,-44.0,15.9284,-7.0,0.2002,12.711208,3.873135,9.0,47.4799,12.0,0.3064
40430301.0,100.0,0.0,0.0,0.0,0.0,0.0,0.0,0.0,0.0,0.0,-109.2668773,33.96005452,0.127,7.91,4.03,1030.0,1.65,0.191,2.05,0.206,85.7,26.1,223.0,2.59,42.6,6.27,18.3,0.19,4.75,0.071,1.54,38.8,21.3,0.98,1005.0,1.27,1.185,23.0,69.4,1630.0,17.05,62.2,0.13,0.47,15.15,1.4,1.9,424.0,1.45,0.05,7.06,1.06,0.252,2.18,168.5,0.866,23.4,109.5,209.0,9094393.875,16858.05564,67296.0,239.830985,28.548537,255.0,48.8022,19.0,0.0011,72.759955,39.58846,1.0,1.6124,240.0,0.0011,102.749518,11.051907,98.0,12.6411,102.0,0.175,32.044662,0.999002,33.0,52.2331,31.0,47.7669
40430303.0,24.60689032,0.863247726,0.0,0.0,2.170668648,0.0,72.35919342,0.0,0.0,0.0,-109.2924772,33.90163089,0.077,8.53,3.57,720.0,2.04,0.19,0.95,0.11,96.3,19.3,233.0,3.89,45.7,4.83,18.85,0.17,4.93,0.075,1.46,47.6,25.5,0.61,620.0,0.71,0.803,23.4,79.9,1280.0,16.8,73.2,0.03,0.41,17.6,0.9,1.87,198.5,1.33,0.02,8.99,1.04,0.336,2.26,120.5,1.13,31.0,102.5,203.0,3737812.048,11430.88154,2707.0,226.872183,33.546817,255.0,2.9311,96.0,0.0027,128.008772,48.187552,255.0,0.1393,2.0,0.0027,160.377833,22.365842,157.0,30.9104,158.0,0.1112,33.66452,0.942047,33.0,66.774,35.0,33.226
40430302.0,100.0,0.0,0.0,0.0,0.0,0.0,0.0,0.0,0.0,0.0,-109.2821678,33.92919118,0.06,8.64,4.11,1010.0,1.91,0.161,1.4,0.131,95.2,18.25,298.0,3.42,51.2,5.11,18.5,0.2,4.93,0.07,1.69,54.2,25.2,0.95,586.0,0.62,1.045,17.5,101.5,1480.0,17.6,76.5,0.02,0.4,16.55,1.0,1.69,288.0,0.94,0.07,8.73,0.803,0.324,2.04,120.5,1.01,30.9,100.5,215.0,4402871.222,10831.83432,7234.0,223.786563,40.621643,255.0,6.8121,24.0,0.0023,92.389117,46.177474,255.0,0.408,6.0,0.0023,142.949994,19.425898,148.0,26.1126,151.0,0.0806,33.0,0.0,33.0,100.0,33.0,100.0
40430254.0,100.0,0.0,0.0,0.0,0.0,0.0,0.0,0.0,0.0,0.0,-109.1585502,33.76414367,0.043,7.58,3.64,860.0,2.23,0.157,2.1,0.153,79.6,29.3,326.0,2.64,48.1,6.68,19.6,0.19,5.15,0.072,2.26,36.7,22.2,1.63,1060.0,1.11,1.52,20.8,120.0,1330.0,17.95,94.0,0.01,0.42,17.05,0.8,2.1,355.0,1.17,0.06,10.65,0.945,0.291,2.34,185.0,1.095,26.6,103.0,200.0,8327250.481,17506.95443,31521.0,228.915993,34.63815,255.0,18.0041,29.0,0.0012,89.377,35.669457,84.0,0.4543,201.0,0.0012,8.569487,27.302722,35.0,21.8191,27.0,0.1352,15.644329,3.976519,17.0,55.8501,15.0,0.6927
40430307.0,77.39273946,22.60726053,0.0,0.0,0.0,0.0,0.0,0.0,0.0,0.0,-109.4923302,33.17789559,0.115,7.54,4.81,690.0,2.14,0.58,1.98,0.585,72.9,12.0,68.4,4.71,118.5,3.28,16.55,0.16,3.63,0.065,2.53,34.3,26.5,0.82,829.0,5.0,1.145,17.75,31.5,540.0,28.5,117.5,0.02,0.66,8.19,0.8,2.09,286.0,1.11,0.12,11.0,0.459,0.48,2.1,79.7,1.34,22.3,95.1,130.0,6228383.587,21512.98211,35462.0,217.848063,37.794286,255.0,16.8743,94.0,0.005,83.92166,38.369371,72.0,0.7161,217.0,0.0017,-128.138086,45.092509,-103.0,15.0623,-165.0,0.0537,9.999256,8.050638,3.0,51.6657,6.0,0.3143
40430306.0,20.455918376666666,0.0,34.79617217,0.0,0.0,0.0,3.836072732,0.0,0.0,0.0,-109.4529592,33.15982131,0.105,7.55,4.04,670.0,2.36,0.396,2.18,0.474,74.3,19.15,151.5,5.34,125.5,4.36,17.7,0.17,4.59,0.068,2.36,33.6,33.3,1.37,829.0,3.68,1.42,17.4,72.5,1020.0,20.2,101.5,0.02,0.62,11.3,0.7,2.19,366.0,0.98,0.11,8.88,0.561,0.394,1.83,99.2,1.345,24.5,101.5,184.0,8700161.49,16261.22139,36809.0,183.284387,46.674742,255.0,3.3783,69.0,0.0024,110.387086,42.228848,111.0,0.465,232.0,0.0012,-55.319148,42.064954,-5.0,13.1988,-9.0,0.0023,6.44154,3.9111,5.0,62.2007,4.0,3.4785
40430139.0,2.325662718,32.327595123500004,0.0,0.0,1.026897117,0.0,31.99224992,0.0,0.0,0.0,-109.4934286,33.1940111,0.088,7.22,4.69,880.0,1.98,0.249,4.63,0.372,67.1,28.9,289.0,3.31,100.5,5.32,17.5,0.13,4.69,0.067,2.22,32.6,22.4,2.24,872.0,2.32,1.45,12.8,129.0,1440.0,19.2,81.0,0.03,0.51,19.1,0.5,1.87,439.0,0.73,0.06,6.26,0.705,0.283,1.38,158.5,0.901,23.0,103.5,185.5,13136185.27,31854.48329,65138.0,192.117827,53.974367,255.0,10.8038,10.0,0.0008,111.934129,37.498532,114.0,0.566,244.0,0.0008,-128.602584,46.891027,-117.0,8.739,-29.0,0.0616,22.346071,7.575932,25.0,41.7485,3.0,4.6832
40430138.0,99.99999983,0.0,0.0,0.0,0.0,0.0,0.0,0.0,0.0,0.0,-109.4834925,33.14005394,0.08,7.43,5.55,720.0,2.09,0.348,2.71,0.508,80.0,22.3,172.0,5.26,118.5,4.88,18.45,0.12,4.87,0.076,2.31,38.1,38.0,1.46,846.0,2.54,1.475,16.5,75.9,1010.0,21.0,94.4,0.03,0.72,13.9,0.4,2.24,413.0,1.02,0.1,8.64,0.672,0.359,1.65,132.5,1.235,26.9,105.0,189.0,22293631.22,46649.45636,62722.0,189.325595,45.653807,255.0,3.0495,39.0,0.0005,114.431239,44.401265,116.0,0.2998,246.0,0.0037,-64.555903,47.018154,-52.0,5.7711,-215.0,0.0009,6.301956,4.614031,5.0,52.0173,11.0,0.091
40430141.0,33.33333333666667,0.0,0.0,0.0,0.0,0.0,0.0,0.0,0.0,0.0,-109.4680206,33.26112747,0.078,7.62,2.62,1070.0,1.67,0.219,3.16,0.238,77.2,30.4,306.0,2.1,94.2,5.15,17.25,0.17,5.05,0.065,2.06,35.1,18.9,2.08,940.0,2.63,1.63,13.45,131.5,1730.0,17.25,66.1,0.02,0.34,16.25,0.5,1.75,553.0,0.72,0.06,6.61,0.694,0.238,1.38,134.0,0.809,21.8,91.5,202.0,10097841.11,23349.67418,30438.0,161.320619,35.754321,182.0,0.5975,53.0,0.0011,103.428656,29.900674,100.0,0.4757,6.0,0.001,65.77771,54.865327,98.0,11.3696,131.0,0.0481,32.600456,1.860005,31.0,50.6645,19.0,0.1915
40430217.0,91.03834931,8.961650764,0.0,0.0,0.0,0.0,0.0,0.0,0.0,0.0,-109.4609155,33.18045391,0.117,6.11,8.3,650.0,2.3,0.365,5.87,0.655,69.5,15.85,157.0,5.19,78.7,3.28,14.55,0.12,3.42,0.053,2.1,34.8,22.2,1.64,796.0,2.83,1.245,14.35,60.4,790.0,26.5,88.2,0.04,1.08,11.1,0.7,1.89,278.0,0.88,0.09,8.46,0.474,0.392,1.82,96.5,1.125,25.0,89.4,123.0,13354450.76,26928.25326,33043.0,182.56835,56.497859,255.0,3.7076,34.0,0.0015,82.113038,39.257937,1.0,0.4948,222.0,0.0008,-142.149243,44.179821,-101.0,16.9747,-200.0,0.0182,8.7994,6.269129,6.0,56.222,34.0,0.4454
40430255.0,3.717962989,84.52723618,0.0,0.0,0.0,0.0,11.75480075,0.0,0.0,0.0,-109.493115,33.15456179,0.091,7.3,4.36,750.0,1.8,0.517,2.35,0.625,66.0,11.8,71.3,4.45,141.5,3.16,16.45,0.14,3.48,0.061,2.64,28.1,32.1,1.11,682.0,3.2,0.981,14.3,35.0,670.0,23.3,112.0,0.02,0.69,8.23,0.5,1.96,318.0,0.97,0.12,9.72,0.409,0.438,1.92,75.6,1.04,19.95,91.6,131.0,1397920.391,6897.341462,8169.0,226.60803,31.991944,255.0,19.3965,104.0,0.0221,98.875091,45.132866,93.0,0.7369,4.0,0.0074,32.467357,25.506495,23.0,58.0414,82.0,4.1329,7.657336,1.888891,9.0,66.4334,5.0,33.5666
40430216.0,100.0,0.0,0.0,0.0,0.0,0.0,0.0,0.0,0.0,0.0,-109.4563291,33.15002044,0.096,6.83,15.7,680.0,5.45,0.383,1.65,0.543,110.5,35.9,341.0,27.7,149.0,5.02,17.6,0.15,3.97,0.112,2.25,55.8,67.2,4.35,1120.0,5.25,0.891,16.9,184.5,1120.0,24.3,113.0,0.02,1.76,17.1,0.3,3.13,253.0,0.99,0.08,10.4,0.512,0.468,1.79,113.5,2.09,39.1,129.0,156.5,9525883.638,21888.46476,9846.0,152.261324,47.293018000000004,255.0,0.2963,47.0,0.0011,138.868961,37.958827,128.0,0.1362,21.0,0.0011,-140.349407,27.206187,-135.0,12.0547,-92.0,0.1722,5.680233,0.97842,5.0,63.0105,4.0,1.9852
40430256.0,76.68508943,11.657455283500001,0.0,0.0,0.0,0.0,0.0,0.0,0.0,0.0,-109.4919606,33.23237653,0.067,8.54,2.78,1190.0,2.27,0.214,3.15,0.288,72.8,30.8,307.0,2.34,97.3,6.13,19.95,0.16,5.49,0.071,2.61,31.3,19.1,2.22,907.0,1.98,1.705,14.2,150.5,1990.0,16.2,73.7,0.01,0.42,20.2,0.6,2.08,534.0,0.76,0.06,6.22,0.82,0.262,1.19,173.5,0.818,21.9,105.0,234.0,3203326.43,11155.6195,22714.0,176.933125,40.181671,255.0,2.4643,62.0,0.0096,130.170859,28.099636,130.0,1.1129,18.0,0.0032,2.602611,73.385794,-76.0,28.0034,-35.0,0.8565,29.082095,4.406719,25.0,53.5126,35.0,7.8982
40430219.0,82.60161711,7.411502895,0.0,0.0,0.0,0.0,9.986879481,0.0,0.0,0.0,-109.4257266,33.19404693,0.205,6.64,8.28,710.0,2.72,0.71,1.79,0.681,74.7,7.04,49.0,6.52,141.5,2.18,14.65,0.12,3.3,0.07,2.33,43.2,31.6,0.71,891.0,9.73,1.15,16.05,16.85,390.0,36.8,117.0,0.05,1.23,6.05,0.6,2.25,205.0,1.08,0.14,12.0,0.303,0.542,2.76,49.7,1.705,29.8,99.1,108.0,6278208.901,16936.05114,4100.0,172.432195,46.714275,255.0,0.4796,1.0,0.0016,63.720281,37.416906,1.0,0.3439,151.0,0.0016,-144.842539,52.451086,-200.0,18.0206,-189.0,0.0048,19.75969,7.477285,19.0,69.184,34.0,0.4491
40430311.0,100.0,0.0,0.0,0.0,0.0,0.0,0.0,0.0,0.0,0.0,-109.417434,33.15017575,0.282,7.11,17.7,610.0,4.08,0.781,1.51,0.754,123.0,12.25,86.3,9.95,256.0,3.33,17.5,0.24,3.5,0.109,2.98,71.6,35.6,0.98,1085.0,21.5,0.903,20.8,37.8,740.0,45.0,139.5,0.06,2.14,8.44,1.1,3.95,189.0,1.33,0.23,14.7,0.404,0.598,3.55,66.0,2.67,42.3,149.5,115.0,1217905.918,6570.805423,265.0,150.649057,34.978719,95.0,0.11,88.0,0.0085,114.612676,22.586251,105.0,0.0847,48.0,0.0085,-115.280824,27.740871,-92.0,47.3164,-100.0,4.7275,4.177859,0.382394,4.0,82.2141,5.0,17.7859
40430309.0,0.0,0.0,0.0,0.0,0.0,0.0,100.0,0.0,0.0,0.0,-109.4893063,33.29594384,0.069,7.78,3.51,1010.0,1.55,0.188,3.44,0.145,68.2,21.1,149.5,3.36,51.9,4.79,17.65,0.16,3.67,0.052,2.0,32.1,20.9,1.61,590.0,1.15,1.63,12.4,53.4,1390.0,16.6,67.9,0.01,0.48,11.95,0.9,1.7,667.0,0.68,0.02,7.68,0.644,0.288,1.6,135.5,0.817,19.8,85.3,148.0,,,,,,,,,,,,,,,,,,,,,,,,,,,
40430144.0,99.6099582,0.0,0.390042256,0.0,0.0,0.0,0.0,0.0,0.0,0.0,-109.4470443,33.32149766,0.063,7.63,4.22,780.0,1.9,0.292,2.91,0.25,73.7,19.9,117.0,4.78,50.1,4.93,17.6,0.15,4.28,0.07,1.74,34.6,28.4,1.11,774.0,2.11,1.48,16.05,37.6,970.0,19.3,71.9,0.03,0.68,11.4,0.4,2.03,444.0,1.01,0.06,8.88,0.706,0.407,1.84,147.5,1.3,20.2,91.6,159.5,8523207.304,20596.93036,48560.0,164.99549,37.210238,176.0,1.1161,31.0,0.0012,191.809884,57.723714,255.0,18.3217,2.0,0.0012,66.729836,229.354642,-110.0,13.349,-43.0,0.0131,6.250582,0.938149,6.0,92.9217,11.0,1.9117
40430143.0,50.14643804,0.0,49.85356165,0.0,0.0,0.0,0.0,0.0,0.0,0.0,-109.4546077,33.29252453,0.1,7.8,2.32,940.0,1.54,0.165,3.35,0.141,77.0,25.9,207.0,1.8,51.2,6.19,17.75,0.16,4.28,0.071,1.77,37.6,16.2,1.67,952.0,2.02,1.86,15.45,65.2,1520.0,15.2,58.0,0.04,0.29,13.65,0.6,1.85,621.0,0.82,0.05,6.22,0.842,0.238,1.39,185.0,0.773,21.4,101.0,167.5,29276692.54,42014.4926,123930.0,150.853724,39.593805,157.0,0.6465,1.0,0.0004,140.850244,39.878731,136.0,0.4955,4.0,0.0004,12.463557,97.3162,-73.0,7.8088,41.0,0.0069,10.30301,4.345197,14.0,29.0542,15.0,0.0362
40430146.0,100.0,0.0,0.0,0.0,0.0,0.0,0.0,0.0,0.0,0.0,-109.4942904,33.33064915,0.062,7.54,3.31,940.0,1.62,0.196,3.11,0.156,83.1,28.2,292.0,2.67,47.8,6.52,17.85,0.17,4.29,0.066,1.81,41.5,18.6,1.37,912.0,1.29,1.745,17.05,67.1,1400.0,17.15,67.2,0.02,0.5,14.1,0.4,2.18,552.0,0.92,0.02,8.59,0.943,0.267,1.75,212.0,1.04,23.5,104.5,166.5,,,,,,,,,,,,,,,,,,,,,,,,,,,
40430218.0,100.0,0.0,0.0,0.0,0.0,0.0,0.0,0.0,0.0,0.0,-109.4584267,33.21929695,0.117,7.2,4.61,980.0,1.97,0.188,4.0,0.346,61.7,29.1,290.0,2.88,91.1,4.98,17.15,0.12,4.32,0.048,2.08,30.9,18.4,2.22,842.0,2.34,1.315,10.4,152.5,1520.0,21.8,68.6,0.02,0.59,16.85,0.6,1.54,430.0,0.55,0.04,5.99,0.619,0.276,1.34,143.5,0.863,19.4,91.2,175.5,8047078.087,17529.14404,35730.0,173.834901,43.531482,255.0,4.0423,73.0,0.0038,117.304651,33.275259,112.0,0.6663,2.0,0.0013,-77.590498,54.532605,-13.0,19.1742,48.0,0.0025,22.977648,4.748089,19.0,53.4173,35.0,0.7698
40430145.0,12.62803462,15.68473894,0.0,0.0,19.92212069,0.0,20.3956278,0.0,0.0,0.0,-109.4544787,33.32769801,0.067,7.82,5.37,810.0,1.99,0.298,3.09,0.249,84.0,21.7,132.5,5.35,50.8,5.3,17.95,0.16,4.39,0.076,1.74,40.0,29.1,1.29,867.0,1.63,1.59,18.85,43.5,1020.0,19.8,89.8,0.03,0.87,12.3,0.6,2.2,463.0,1.32,0.09,10.1,0.758,0.448,2.25,156.5,1.455,22.9,98.8,166.5,16120644.72,28543.12185,94016.0,162.956784,34.250541,157.0,0.9762,71.0,0.0006,136.149725,39.92798,114.0,0.5833,1.0,0.0006,170.610583,179.250048,244.0,12.6514,241.0,0.2525,11.055479,2.234688,11.0,52.6774,25.0,0.9194
40430308.0,100.0,0.0,0.0,0.0,0.0,0.0,0.0,0.0,0.0,0.0,-109.4159936,33.29174656,0.071,7.22,2.52,1170.0,2.15,0.16,5.31,0.197,90.2,42.5,655.0,1.96,97.2,6.64,15.75,0.21,5.18,0.067,1.71,43.9,18.8,4.76,1105.0,2.08,0.738,15.3,301.0,2650.0,13.1,73.7,0.005,0.22,28.7,0.9,1.52,568.0,0.66,0.02,5.52,0.645,0.269,1.22,174.0,0.945,23.9,91.7,211.0,3592965.166,15452.12121,2417.0,151.92801,37.147747,151.0,0.1458,60.0,0.0029,156.179048,46.328949,255.0,0.3804,47.0,0.0029,28.388809,79.278303,-3.0,27.3688,135.0,0.2029,18.732517,9.80082,12.0,67.9404,33.0,32.0596
40430142.0,100.0,0.0,0.0,0.0,0.0,0.0,0.0,0.0,0.0,0.0,-109.4397361,33.2712769,0.084,7.98,2.89,1000.0,1.6,0.261,3.49,0.214,85.2,30.4,279.0,1.73,119.0,5.97,18.5,0.21,5.74,0.086,1.95,41.8,15.9,1.98,939.0,6.87,1.745,14.85,122.0,2080.0,16.1,52.1,0.03,0.37,16.85,0.5,2.0,565.0,0.8,0.07,5.92,0.818,0.217,1.27,158.0,0.9,26.7,106.0,235.0,6382324.584,15211.34791,7944.0,170.428499,37.005299,144.0,0.2711,44.0,0.0016,115.761613,31.565704,114.0,0.1836,30.0,0.0016,88.969046,46.273595,96.0,17.9949,79.0,1.2518,27.980419,7.773685,33.0,42.6168,12.0,5.3178
40430258.0,100.0,0.0,0.0,0.0,0.0,0.0,0.0,0.0,0.0,0.0,-109.4203422,33.20949934,0.118,6.55,16.7,740.0,1.77,0.403,4.89,0.615,68.7,13.05,112.5,5.75,89.8,3.31,14.6,0.14,3.6,0.066,2.36,31.6,26.2,1.34,873.0,3.68,1.08,14.05,46.8,850.0,29.1,93.9,0.02,1.53,9.95,0.9,1.89,264.0,0.91,0.11,8.71,0.483,0.464,1.94,80.6,1.46,22.3,98.0,131.0,9334048.333,16883.08652,6073.0,197.442944,48.227537,255.0,1.6635,87.0,0.0011,112.08064,36.45856,100.0,0.0915,3.0,0.0011,-117.070453,43.1776,-124.0,12.1843,-200.0,0.0445,32.683193,3.718149,34.0,77.0336,33.0,0.4487
40430257.0,38.771675805,22.45664819,0.0,0.0,0.0,0.0,0.0,0.0,0.0,0.0,-109.4932232,33.24755754,0.07,7.82,4.06,1020.0,1.72,0.263,2.38,0.354,80.9,31.0,337.0,2.75,105.0,5.7,18.35,0.19,4.78,0.08,2.17,35.1,18.1,1.81,947.0,3.25,1.55,15.3,134.5,1460.0,17.1,72.6,0.02,0.51,15.5,0.7,1.91,473.0,0.81,0.06,7.0,0.83,0.291,1.61,157.0,1.025,21.7,96.6,203.0,3184146.275,9435.668253,25664.0,164.374454,42.264737,255.0,1.728,58.0,0.0032,129.312004,35.294554,114.0,1.3133,17.0,0.0032,136.696291,115.110858,233.0,28.6068,144.0,4.7297,34.272856,0.988535,35.0,63.9011,25.0,0.0646
40430313.0,8.316175556,0.0,0.0,0.0,0.0,0.0,91.68382433,0.0,0.0,0.0,-109.3569702,33.36714232,0.547,8.57,5.07,1020.0,1.92,0.337,2.35,0.181,66.9,23.5,47.2,1.53,31.4,6.77,19.1,0.18,2.91,0.073,2.19,32.0,12.9,1.01,1005.0,2.27,2.34,15.35,32.3,1240.0,20.7,66.1,0.08,0.37,9.71,1.0,2.5,582.0,0.77,0.35,6.45,0.934,0.655,1.36,191.0,0.869,17.6,104.0,106.5,8311910.813,17445.65668,2270.0,155.17489,50.078949,255.0,0.0804,224.0,0.0012,84.645833,31.955135,88.0,0.0593,2.0,0.0012,-15.102396,56.37708,45.0,13.6918,82.0,0.6446,22.448428,8.426113,14.0,42.5847,17.0,10.653
40430314.0,33.333333354333334,0.0,0.0,0.0,0.0,0.0,0.0,0.0,0.0,0.0,-109.3836569,33.31426903,0.065,8.29,2.09,1030.0,1.49,0.144,2.42,0.11,63.3,18.25,63.2,1.95,33.3,4.43,16.85,0.15,3.28,0.051,1.95,29.5,14.2,0.94,631.0,0.82,1.89,11.45,29.5,1000.0,14.3,60.1,0.04,0.29,9.08,0.9,1.37,594.0,0.6,0.1,6.12,0.589,0.313,1.29,110.5,0.69,17.15,72.9,141.5,20863698.24,38411.49034,35177.0,165.465133,38.066259,255.0,0.2934,45.0,0.0005,102.380802,30.074902,100.0,0.2559,4.0,0.0005,-1.47886,67.122085,-37.0,6.5627,28.0,0.016,16.894383,8.925929,11.0,34.443,33.0,0.2374
40430401.0,100.0,0.0,0.0,0.0,0.0,0.0,0.0,0.0,0.0,0.0,-109.4374799,33.24104439,0.053,6.8,1.79,880.0,1.6,0.134,2.54,0.134,48.6,27.9,235.0,1.77,87.8,4.17,14.55,0.14,3.48,0.042,1.98,22.7,15.9,4.01,666.0,2.57,1.135,7.69,236.0,1440.0,13.5,56.2,0.03,0.22,12.0,0.8,1.23,383.0,0.39,0.02,4.11,0.453,0.204,0.95,99.2,0.678,13.75,82.5,143.5,1134044.836,8733.003888,3934.0,148.68785,41.023449,177.0,0.6721,66.0,0.0091,114.683904,39.415543,116.0,0.5811,26.0,0.0091,2.6447,36.629593,32.0,35.3692,-51.0,0.0536,28.696229,5.041522,31.0,72.249,34.0,6.8423
40430312.0,91.69099658,0.0,8.309007417,0.0,0.0,0.0,0.0,0.0,0.0,0.0,-109.4071038,33.25592029,0.097,6.62,2.47,760.0,1.36,0.26,3.38,0.272,62.2,26.8,206.0,1.8,121.0,4.5,13.85,0.16,3.59,0.057,1.76,29.3,14.1,1.94,1035.0,4.21,1.245,11.3,111.0,1590.0,13.55,53.8,0.09,0.42,11.55,0.9,1.38,437.0,0.62,0.06,4.67,0.583,0.212,0.99,107.5,0.736,17.8,91.4,157.5,2691370.127,10411.10871,348.0,171.893678,41.913672,163.0,0.0724,84.0,0.0038,103.825714,36.011679,95.0,0.0344,38.0,0.0038,75.394326,58.288378,55.0,34.7105,22.0,0.8541,33.333257,0.471378,33.0,66.6743,34.0,33.3257
40430403.0,11.039678657000001,0.0,0.0,77.92064282,0.0,0.0,0.0,0.0,0.0,0.0,-109.425185,33.38444706,0.048,8.52,1.9,1070.0,1.58,0.135,3.4,0.113,64.1,26.3,128.0,1.35,43.6,5.8,18.55,0.17,4.15,0.054,1.9,29.1,13.6,1.5,848.0,1.29,2.08,11.35,58.5,1610.0,14.55,51.0,0.005,0.24,12.05,0.4,1.56,686.0,0.57,0.02,5.55,0.756,0.216,1.15,166.0,0.552,17.2,92.0,176.0,20850060.32,26329.05222,16193.0,175.683135,43.01625,255.0,0.3645,59.0,0.0005,91.401972,30.409043,80.0,0.1202,9.0,0.0005,186.774265,121.901026,273.0,7.3926,1.0,0.2074,11.773,4.616386,11.0,39.6764,12.0,4.2395
40430405.0,25.49218565,0.0,49.01562885,0.0,0.0,0.0,0.0,0.0,0.0,0.0,-109.4568117,33.36270893,0.056,7.72,3.35,980.0,1.81,0.204,3.42,0.144,72.6,20.4,195.0,2.6,50.0,5.22,17.5,0.16,4.28,0.07,2.0,34.9,18.5,1.3,728.0,1.25,1.735,13.8,56.6,1440.0,16.0,68.9,0.01,0.5,12.0,0.9,1.85,538.0,0.77,0.02,8.16,0.719,0.306,1.59,147.5,0.926,20.0,87.7,175.5,4090768.064,13722.71182,27300.0,164.347289,40.094669,255.0,1.7361,86.0,0.0126,123.61191,31.414014,114.0,0.9293,6.0,0.0025,193.63992,62.676968,193.0,26.2594,143.0,0.0371,14.669016,4.370999,12.0,72.2316,25.0,4.2464
40430147.0,0.553835083,51.01589821,0.0,0.0,1.785883175,0.0,46.64438362,0.0,0.0,0.0,-109.487665,33.28619699,0.065,7.72,3.68,840.0,2.05,0.303,2.12,0.266,78.8,16.05,87.3,4.58,58.8,3.73,17.45,0.16,4.58,0.069,1.97,34.9,34.4,1.42,794.0,2.45,1.29,18.2,46.8,950.0,20.4,89.5,0.03,0.46,11.0,0.3,1.96,361.0,1.18,0.02,10.25,0.484,0.422,1.82,81.9,1.14,23.5,84.2,172.0,5735709.835,13673.83372,36557.0,129.976885,43.372303,110.0,1.0237,244.0,0.0018,147.60406,45.223278,255.0,0.9205,5.0,0.0018,92.022913,39.965958,108.0,20.0215,187.0,1.1121,17.291207,1.374268,17.0,82.6125,15.0,6.7382
40430148.0,0.0,12.75943861,0.0,0.0,0.0,0.0,87.24056113,0.0,0.0,0.0,-109.4925652,33.27204196,0.062,7.35,3.65,790.0,1.74,0.239,2.88,0.271,79.6,26.8,171.0,3.37,70.9,5.21,17.2,0.16,4.75,0.08,1.7,36.9,24.3,2.17,889.0,1.9,1.14,16.6,95.2,1500.0,16.05,67.8,0.02,0.49,15.95,0.5,1.79,430.0,0.93,0.04,6.97,0.707,0.317,1.62,128.0,0.978,22.7,89.9,191.5,12009904.36,27538.74638,68975.0,156.040493,42.435191,172.0,1.0491,17.0,0.0051,134.339695,40.5727,122.0,0.6757,8.0,0.0009,127.072995,91.820999,144.0,9.4708,233.0,0.1593,26.35492,8.691855,35.0,42.7377,25.0,1.3404
40430404.0,49.573982555,0.0,0.0,0.0,0.0,0.0,0.852034883,0.0,0.0,0.0,-109.4271498,33.38562002,0.054,8.02,2.22,1280.0,1.91,0.181,3.04,0.136,63.3,26.3,340.0,1.81,66.8,5.42,17.85,0.18,4.75,0.06,2.25,29.6,15.0,1.88,774.0,1.32,1.69,12.4,104.0,1710.0,16.1,70.6,0.01,0.28,14.2,0.6,1.79,608.0,0.62,0.06,5.51,0.715,0.257,1.2,141.0,0.67,17.4,88.8,193.0,2443061.974,13429.90151,5521.0,178.190364,33.457932,168.0,0.7906,102.0,0.0042,117.88867,30.495443,121.0,0.4103,19.0,0.0042,406.49629,47.248737,448.0,31.1767,346.0,0.0124,5.269928,4.683171,2.0,67.2177,11.0,0.8307
40430402.0,85.62690832,7.186545347,0.0,0.0,0.0,0.0,0.0,0.0,0.0,0.0,-109.406844,33.3494343,0.057,8.92,3.6,1180.0,1.57,0.264,2.68,0.228,78.8,24.5,40.3,2.5,64.1,5.5,19.75,0.18,4.85,0.065,1.84,36.3,19.4,1.06,985.0,2.2,1.915,12.9,30.6,1530.0,21.1,61.2,0.02,0.42,11.65,0.5,1.83,616.0,0.68,0.09,8.28,0.712,0.343,1.69,151.5,0.832,21.2,100.0,202.0,1500604.738,6997.272452,5671.0,165.274378,36.955556,149.0,0.9182,84.0,0.0069,112.138751,30.584266,108.0,0.5415,12.0,0.0069,117.319234,54.47677,78.0,47.5882,123.0,0.4385,11.0,0.0,11.0,100.0,11.0,100.0
40430149.0,100.0,0.0,0.0,0.0,0.0,0.0,0.0,0.0,0.0,0.0,-109.3774346,33.29976242,0.059,8.09,3.25,1130.0,1.76,0.217,2.65,0.21,96.8,25.7,98.3,2.7,52.7,5.78,18.45,0.18,4.91,0.079,1.97,43.5,21.8,1.24,1170.0,1.73,1.795,19.3,46.1,1510.0,19.3,73.2,0.02,0.46,12.5,0.4,2.06,541.0,1.08,0.05,8.53,0.836,0.284,1.87,158.5,1.185,25.1,105.5,190.5,15527747.08,33012.16576,42367.0,150.425473,37.50899,154.0,0.4409,253.0,0.0007,130.925441,37.617178,116.0,0.3099,4.0,0.0007,-19.976712,52.368774,-13.0,10.7809,-28.0,0.0033,7.047013,6.177249,2.0,43.7648,31.0,3.7273
40430406.0,100.0,0.0,0.0,0.0,0.0,0.0,0.0,0.0,0.0,0.0,-109.4456891,33.40838259,0.063,7.95,3.59,1230.0,2.29,0.318,2.35,0.129,73.0,20.6,211.0,4.22,62.3,4.4,17.6,0.17,4.98,0.052,2.88,36.6,17.7,1.2,673.0,1.49,1.715,13.25,71.9,1210.0,22.9,103.0,0.01,0.55,12.35,0.7,1.97,532.0,0.78,0.06,19.35,0.642,0.538,3.89,128.5,1.035,16.6,74.5,201.0,12154868.7,20806.02832,18775.0,181.366391,38.441775,255.0,0.5946,30.0,0.0008,103.151552,26.601796,110.0,0.2677,1.0,0.0008,369.730075,43.398711,369.0,18.8075,425.0,0.0142,6.300351,3.995269,2.0,45.4755,11.0,24.1819
40430224.0,100.0,0.0,0.0,0.0,0.0,0.0,0.0,0.0,0.0,0.0,-109.4874273,33.37652289,0.061,7.55,2.34,920.0,1.46,0.149,4.78,0.14,62.2,30.3,196.5,2.23,54.1,6.96,19.45,0.14,3.69,0.063,1.66,33.0,18.5,1.71,806.0,0.8,1.545,10.05,69.2,1240.0,15.75,54.5,0.02,0.4,17.75,0.5,1.84,703.0,0.57,0.02,6.77,0.814,0.204,1.38,215.0,0.728,20.5,100.5,153.5,11000265.07,32460.73173,43489.0,152.006277,40.47159,146.0,0.8296,44.0,0.0019,128.475502,30.808254,135.0,0.5927,1.0,0.0009,349.353731,91.077719,425.0,10.3285,390.0,0.011,11.14926,10.327984,2.0,55.631,25.0,17.9786
40430223.0,8.291448551,45.854275826,0.0,0.0,0.0,0.0,0.0,0.0,0.0,0.0,-109.4479558,33.34505387,0.07,7.19,4.11,870.0,1.95,0.217,3.28,0.184,87.1,30.9,418.0,2.86,53.1,6.83,18.4,0.14,4.41,0.072,1.71,42.7,21.9,1.57,1025.0,1.22,1.51,17.0,92.7,1270.0,16.75,62.3,0.02,0.55,16.9,0.3,1.99,470.0,0.94,0.04,9.04,0.955,0.269,1.69,211.0,1.065,24.3,106.5,177.0,7065398.774,16255.60464,50036.0,175.368735,37.197635,255.0,2.1556,59.0,0.0015,114.125042,33.00173,114.0,0.9436,7.0,0.0015,259.280492,71.919129,238.0,16.1018,134.0,0.0688,11.974301,0.158235,12.0,97.4301,11.0,2.5699
40430222.0,100.0,0.0,0.0,0.0,0.0,0.0,0.0,0.0,0.0,0.0,-109.398027,33.33064358,0.087,8.64,2.83,1150.0,1.89,0.222,3.07,0.244,70.5,25.9,34.0,2.14,69.2,5.12,18.6,0.12,4.68,0.064,1.76,34.8,17.2,1.15,1020.0,2.24,2.04,11.4,33.2,1540.0,17.85,54.0,0.03,0.31,12.05,0.4,1.68,659.0,0.61,0.04,7.44,0.662,0.267,1.46,146.5,0.744,20.7,94.5,189.0,6035946.309,15170.35864,24803.0,165.628593,36.808244,157.0,0.8932,249.0,0.0017,158.26971,56.519368,255.0,3.5985,28.0,0.0017,44.467551,112.164399,-15.0,18.8517,142.0,0.2097,10.844069,1.693122,11.0,82.765,9.0,0.0409
40430221.0,85.71452379,14.28547607,0.0,0.0,0.0,0.0,0.0,0.0,0.0,0.0,-109.3905295,33.27856183,0.19,6.89,2.33,960.0,1.77,0.162,3.85,0.194,74.0,29.9,511.0,1.7,77.0,5.56,15.55,0.12,4.77,0.065,1.86,39.5,14.0,2.7,804.0,1.35,1.44,12.8,172.0,1740.0,12.8,62.6,0.05,0.31,18.7,0.4,1.62,516.0,0.64,0.05,5.92,0.714,0.243,1.1,172.5,0.666,23.1,85.5,195.5,11258207.75,20182.75524,2476.0,183.206785,41.648842,255.0,0.1307,81.0,0.0009,115.129353,33.529532,105.0,0.0375,7.0,0.0009,58.428126,56.43798,52.0,10.2015,-65.0,0.0036,25.663763,11.608682,31.0,38.0892,34.0,6.5905
40430261.0,13.12378342,13.05280867,0.0,73.82339397,0.0,0.0,0.0,0.0,0.0,0.0,-110.0374418,33.20951418,0.084,8.1,3.76,740.0,2.04,0.196,2.08,0.153,84.0,17.45,40.8,2.78,55.9,4.55,19.1,0.17,5.4,0.065,2.22,37.0,21.9,1.06,784.0,1.47,1.665,23.4,28.2,1600.0,17.55,78.2,0.01,0.49,10.1,0.7,2.22,334.0,1.41,0.02,8.56,0.759,0.284,1.66,105.0,0.855,23.7,87.8,233.0,4012766.748,14669.63451,27410.0,139.480153,38.864047,124.0,1.2637,247.0,0.0026,121.145303,29.718286,119.0,1.1375,6.0,0.0026,36.475658,20.720634,26.0,28.3542,0.0,0.4556,3.268575,0.963259,4.0,63.4288,2.0,36.5712
40430259.0,66.57323953,33.42676057,0.0,0.0,0.0,0.0,0.0,0.0,0.0,0.0,-110.0347076,33.22084706,0.071,7.54,3.86,780.0,2.49,0.235,2.23,0.162,94.5,17.2,65.2,3.31,61.3,5.2,19.2,0.18,5.58,0.061,2.75,46.3,24.2,0.97,856.0,1.71,1.86,29.5,33.7,1430.0,20.9,103.5,0.005,0.52,10.45,0.7,2.77,311.0,1.8,0.02,11.4,0.883,0.313,2.1,134.0,1.105,27.2,92.1,228.0,6421241.025,15380.97264,39288.0,150.966147,43.837044,255.0,0.833,38.0,0.0016,103.208682,30.926583,108.0,0.9238,6.0,0.0016,88.72563,27.1766,84.0,17.6656,59.0,0.0047,6.4521,4.513522,2.0,37.4902,11.0,10.4309
40430226.0,0.0,0.0,0.0,0.767526812,0.0,0.0,99.2324734,0.0,0.0,0.0,-109.4714385,33.45557823,0.079,7.52,3.62,960.0,1.64,0.326,3.13,0.206,62.2,29.9,113.5,2.62,102.0,5.07,18.4,0.11,3.05,0.049,1.7,29.9,18.8,3.0,1070.0,1.5,1.99,7.17,77.1,1640.0,18.55,47.7,0.03,0.36,14.05,0.3,1.43,754.0,0.41,0.05,5.61,0.528,0.256,1.48,167.0,0.685,16.05,109.0,112.0,1491342.894,6676.778155,1815.0,189.045179,40.568469,255.0,0.6069,44.0,0.0069,114.609232,32.546375,106.0,0.2344,18.0,0.0069,145.133048,29.868791,149.0,43.1608,194.0,0.8829,34.823295,0.567614,35.0,91.1647,33.0,8.8353
40430315.0,27.25804144,34.9987058555,2.744546865,0.0,0.0,0.0,0.0,0.0,0.0,0.0,-109.4020255,33.41106375,0.08,6.61,1.27,660.0,1.88,0.082,3.87,0.097,46.0,45.9,385.0,1.12,102.0,5.77,14.95,0.16,3.07,0.05,1.55,20.7,12.8,4.87,1265.0,0.35,0.59,10.25,212.0,1730.0,9.7,57.9,0.005,0.21,20.7,0.6,1.14,394.0,0.52,0.02,3.4,0.587,0.15,0.79,123.0,0.383,15.1,77.3,122.0,10520030.83,19211.7675,1722.0,182.210801,38.332372,255.0,0.0742,19.0,0.001,78.81875,29.713855,68.0,0.0381,3.0,0.001,193.010842,91.613983,86.0,10.9205,341.0,0.001,11.910817,7.298628,2.0,32.8654,11.0,11.5447
40430225.0,25.1325896675,24.5756554915,0.0,0.0,0.0,0.0,0.583509684,0.0,0.0,0.0,-109.4641111,33.43059429,0.065,8.33,2.71,960.0,1.52,0.181,2.65,0.19,53.3,24.1,121.5,2.33,86.2,4.92,19.25,0.13,3.77,0.053,1.63,24.6,18.7,2.28,701.0,1.47,1.405,7.63,65.5,1360.0,14.3,59.9,0.02,0.36,13.5,0.3,1.45,662.0,0.42,0.02,5.66,0.545,0.195,1.31,141.5,0.499,16.35,84.9,147.0,4733258.368,13393.66406,9277.0,193.293845,40.65737,255.0,2.0164,79.0,0.0022,120.518379,30.746713,108.0,0.3731,35.0,0.0022,325.903109,38.930271,310.0,24.0708,324.0,0.0492,19.415228,12.740446,9.0,59.9414,35.0,40.0586
40430228.0,87.29836633,12.24082343,0.0,0.0,0.0,0.0,0.460810193,0.0,0.0,0.0,-109.4899385,33.53059413,0.102,8.09,3.08,1110.0,1.52,0.272,2.77,0.337,82.5,24.9,246.0,2.96,67.3,5.02,16.7,0.15,3.9,0.055,2.08,40.7,17.9,1.34,957.0,1.6,1.75,13.3,99.2,1660.0,19.3,64.1,0.02,0.56,13.45,0.8,1.59,550.0,0.77,0.04,6.73,0.673,0.261,1.38,120.0,0.923,23.0,89.2,168.0,9588076.885,18586.2869,2197.0,206.467456,42.301952,255.0,0.4821,84.0,0.0011,97.639307,39.93798,85.0,0.032,1.0,0.0011,331.974582,88.935882,286.0,11.8651,350.0,0.0074,29.434996,1.44157,28.0,49.3726,30.0,8.3825
40430176.0,9.423952435,83.16900006,0.0,0.0,0.0,0.0,7.407047335,0.0,0.0,0.0,-109.455827,33.4790207,0.058,7.98,3.07,1440.0,1.52,0.135,3.48,0.148,58.4,31.1,484.0,1.51,64.0,4.95,16.65,0.15,4.07,0.046,1.87,25.5,14.1,2.26,886.0,3.57,1.945,11.05,164.5,1270.0,16.4,57.4,0.02,0.31,14.05,0.4,1.46,676.0,0.61,0.02,4.21,0.614,0.169,1.09,124.5,0.755,15.55,77.8,161.5,9630613.143,16031.09251,2737.0,202.683961,39.988716,255.0,0.4902,77.0,0.0011,102.278814,24.038126,91.0,0.065,28.0,0.0011,253.946946,105.370937,181.0,11.925,538.0,0.0862,26.396852,9.574292,31.0,55.8792,35.0,2.6537
40430177.0,8.285760998,22.67749848,0.0,0.0,69.03674072,0.0,0.0,0.0,0.0,0.0,-109.4701911,33.50626959,0.074,7.75,3.38,1100.0,1.48,0.222,3.35,0.179,82.0,31.9,418.0,2.05,60.9,6.94,18.4,0.18,4.24,0.067,1.79,41.8,16.3,1.49,986.0,1.2,2.03,16.55,95.8,1380.0,18.15,58.9,0.02,0.51,14.7,0.5,2.05,651.0,0.91,0.02,6.67,0.985,0.212,1.65,221.0,0.938,23.2,107.0,169.0,2905929.96,12520.35777,1289.0,204.114818,43.3681,255.0,0.7169,1.0,0.0035,96.507987,22.375765,99.0,0.1058,32.0,0.0035,217.422276,66.726333,257.0,29.4001,266.0,0.115,33.677111,0.929737,34.0,89.237,31.0,10.763
40430316.0,0.0,7.059097998,0.0,3.6822863580000003,0.0,0.0,85.57632915,0.0,0.0,0.0,-109.462697,33.50107131,0.068,8.03,2.61,1220.0,1.65,0.197,3.33,0.133,74.8,27.5,438.0,1.78,63.6,6.18,17.8,0.19,4.44,0.063,2.01,37.7,14.9,1.64,853.0,1.83,2.01,15.1,107.0,1610.0,15.5,59.5,0.02,0.34,13.95,0.6,1.7,660.0,0.76,0.02,5.58,0.879,0.19,1.32,175.0,0.804,22.2,97.5,195.0,3426859.531,14654.71682,2758.0,195.864032,40.723319,255.0,0.8019,110.0,0.003,98.789379,21.252792,92.0,0.2453,18.0,0.003,277.279518,97.018606,234.0,28.3536,277.0,0.0295,33.773478,0.792624,34.0,92.4493,31.0,7.5507
40430317.0,88.78403862,10.12533206,0.0,0.0,0.0,0.0,1.090628965,0.0,0.0,0.0,-109.4623694,33.49216859,0.062,8.42,2.51,1120.0,1.73,0.227,3.35,0.179,72.6,29.0,357.0,1.88,57.6,6.14,19.3,0.18,4.89,0.065,1.94,34.0,15.7,1.9,916.0,0.91,1.905,15.1,118.5,1560.0,17.45,61.1,0.01,0.28,14.95,0.5,1.73,692.0,0.74,0.05,5.48,0.866,0.203,1.24,157.0,0.646,19.2,99.9,214.0,14831177.78,24624.46796,2410.0,192.926971,40.517263,255.0,0.1314,75.0,0.0007,121.180608,33.860117,109.0,0.0291,29.0,0.0007,370.872372,114.227585,330.0,7.7443,353.0,0.0041,31.942389,4.404789,34.0,62.9099,33.0,4.374
40430227.0,39.85640189,42.23936884,17.90422934,0.0,0.0,0.0,0.0,0.0,0.0,0.0,-109.4624436,33.51651689,0.053,8.09,2.91,1060.0,2.09,0.196,3.18,0.169,77.8,32.3,442.0,2.16,61.5,6.35,18.8,0.13,5.05,0.067,1.92,38.6,18.0,2.25,944.0,1.01,1.765,14.95,141.0,1650.0,16.15,62.1,0.02,0.3,17.7,0.5,1.94,603.0,0.77,0.02,5.99,0.841,0.207,1.34,178.0,0.738,21.2,105.5,209.0,9917143.078,28044.50243,4448.0,215.482464,43.648476,255.0,1.5898,52.0,0.001,60.40354,40.985847,1.0,0.1738,160.0,0.001,480.363197,195.824249,634.0,11.5827,257.0,0.1134,30.493299,2.193259,28.0,39.4311,34.0,5.5291
40430164.0,76.7499838,23.25001625,0.0,0.0,0.0,0.0,0.0,0.0,0.0,0.0,-109.3239371,33.5194213,0.082,8.13,3.01,960.0,2.05,0.472,2.15,0.322,83.3,25.8,231.0,3.41,71.0,5.2,18.4,0.19,5.52,0.082,1.78,40.2,23.3,1.46,539.0,0.98,1.35,16.95,128.0,1220.0,27.7,83.7,0.04,0.43,15.85,0.6,2.32,448.0,0.96,0.06,7.32,0.757,0.286,1.82,125.0,1.175,24.6,110.5,221.0,11087867.23,22797.23514,4005.0,217.978777,49.113487,255.0,1.6414,73.0,0.0009,53.208354,40.536646,1.0,0.438,160.0,0.0009,301.417897,220.038301,581.0,10.3647,454.0,0.0146,34.26226,1.906497,35.0,77.0591,31.0,0.0148
40430175.0,2.548399483,9.892107836333333,0.0,0.0,57.49656031,0.0,10.2787168,0.0,0.0,0.0,-109.396969,33.43085116,0.054,7.49,2.45,1650.0,1.88,0.171,3.22,0.177,63.9,31.4,476.0,1.5,70.4,5.72,17.0,0.15,5.66,0.071,2.43,27.9,12.7,2.51,889.0,2.33,1.46,12.7,137.5,2260.0,17.05,73.8,0.03,0.35,15.85,0.6,2.01,578.0,0.68,0.04,4.77,0.778,0.207,1.37,157.5,0.68,17.0,89.6,221.0,4667321.733,13596.52974,89.0,190.224719,41.799348,145.0,0.022,121.0,0.0022,69.01087,36.558617,97.0,0.011,4.0,0.0022,233.837765,81.47235,244.0,22.5618,85.0,0.1259,14.269506,3.932732,11.0,59.1312,19.0,40.8688
40430264.0,34.960134515,5.604162056333333,0.0,13.26724519,0.0,0.0,0.0,0.0,0.0,0.0,-109.9833196,33.07141352,0.089,6.97,20.8,920.0,1.95,0.318,3.37,0.162,89.1,10.45,73.2,19.45,31.7,3.53,15.75,0.18,3.17,0.065,2.7,44.3,94.6,0.94,652.0,1.97,1.86,17.2,23.3,970.0,19.95,143.5,0.22,0.96,9.37,0.5,1.96,437.0,1.06,0.06,10.75,0.539,0.556,2.35,94.6,3.07,24.8,75.3,116.5,1681975.016,12277.33488,16307.0,156.898816,29.204959,174.0,2.8988,221.0,0.0123,48.171956,19.813727,43.0,1.9801,115.0,0.0061,196.228134,33.403836,199.0,34.6191,205.0,1.1038,15.483792,2.092702,16.0,94.2644,7.0,5.7356
40430266.0,0.0,98.26859301,0.0,1.731407306,0.0,0.0,0.0,0.0,0.0,0.0,-109.9641443,33.05960326,0.094,6.92,7.63,720.0,2.06,0.353,3.51,0.406,84.7,13.45,81.3,20.5,43.4,3.81,16.35,0.17,3.51,0.064,2.52,38.7,63.6,1.04,923.0,1.19,1.48,17.9,28.2,770.0,21.4,131.0,0.01,0.99,9.83,0.7,2.22,359.0,1.15,0.06,11.05,0.549,0.653,2.32,100.0,1.93,24.7,89.7,130.5,8093382.018,25284.50778,78265.0,129.808752,37.208081,137.0,2.0975,2.0,0.0051,45.167509,25.733217,1.0,2.2153,169.0,0.0013,209.991003,139.878685,176.0,14.0206,147.0,0.0362,14.658879,3.204915,16.0,85.0987,7.0,14.9013
40430265.0,0.02920917,33.323596922,0.0,0.0,0.0,0.0,0.0,0.0,0.0,0.0,-109.9754246,33.07362199,0.108,7.05,6.5,920.0,2.33,0.484,1.7,0.262,133.5,12.9,120.5,7.72,40.7,5.68,17.5,0.24,4.15,0.073,2.73,65.2,29.9,0.66,1085.0,2.03,1.725,25.1,25.6,670.0,26.6,104.0,0.01,1.42,11.05,0.6,3.23,282.0,1.52,0.05,15.0,0.854,0.511,2.76,145.5,2.91,30.4,115.0,174.5,3251134.491,17365.2694,31581.0,138.685285,31.013864,155.0,2.2181,223.0,0.0063,43.201427,19.848566,41.0,2.2745,121.0,0.0032,199.270322,62.207465,199.0,30.6278,130.0,0.9874,14.726232,3.137105,16.0,85.847,7.0,14.153
40430263.0,33.333333290000006,0.0,0.0,0.0,0.0,0.0,0.0,0.0,0.0,0.0,-109.9829441,33.17711372,0.085,7.8,4.23,940.0,1.96,0.363,2.16,0.22,87.3,18.65,118.0,4.34,58.8,4.78,19.1,0.2,4.45,0.062,2.4,38.0,29.7,1.39,883.0,1.79,1.78,20.6,52.1,1480.0,19.15,83.6,0.01,0.58,12.55,0.6,2.17,423.0,1.21,0.02,8.71,0.738,0.332,1.69,119.0,1.34,24.6,98.1,178.0,10019474.6,19747.03979,54894.0,130.260593,44.007159,112.0,0.7663,5.0,0.0021,100.899674,37.236414,92.0,0.6808,238.0,0.001,243.452682,90.0079,192.0,11.4309,351.0,0.4364,2.690458,0.734777,2.0,45.6358,6.0,0.5423
40430411.0,23.21350788,57.7049912,0.0,19.08150089,0.0,0.0,0.0,0.0,0.0,0.0,-109.309138,33.8426774,0.065,6.94,6.39,730.0,1.54,0.184,1.54,0.203,77.5,26.5,179.0,3.32,34.8,5.26,16.1,0.17,4.13,0.064,1.38,35.2,24.5,0.84,1190.0,1.11,1.05,20.7,70.6,1750.0,15.6,61.8,0.08,0.47,11.8,1.3,1.69,291.0,1.08,0.04,6.82,0.725,0.259,1.9,135.0,1.165,21.9,97.0,183.5,44397674.25,69054.40162,126896.0,202.298299,46.409611,255.0,6.4829,19.0,0.0005,129.456747,57.67332,255.0,0.7482,2.0,0.0108,36.933464,88.33336,-8.0,5.0549,-33.0,0.0007,33.603439,1.47179,35.0,50.6855,34.0,0.121
40430179.0,89.96846655,0.001013974,0.0,0.0,0.0,0.0,10.03051969,0.0,0.0,0.0,-109.3129749,33.3126188,0.05,7.97,3.5,940.0,1.43,0.202,3.06,0.239,82.2,32.5,35.4,1.91,42.2,5.66,17.7,0.09,4.16,0.057,1.58,38.1,13.8,1.1,1280.0,1.17,1.915,12.05,25.0,1560.0,16.85,53.6,0.06,0.34,10.15,0.5,1.69,626.0,0.65,0.04,6.99,0.763,0.231,1.86,173.0,0.697,21.3,97.8,175.0,12656061.23,26602.64097,44961.0,136.507062,37.765629,108.0,0.6512,247.0,0.0032,120.960556,38.053205,109.0,0.5173,4.0,0.0008,26.184139,24.295148,20.0,10.4096,87.0,0.0512,8.428989,3.77836,6.0,61.8787,31.0,0.0089
40430407.0,100.0,0.0,0.0,0.0,0.0,0.0,0.0,0.0,0.0,0.0,-109.2372459,33.86689444,0.073,9.24,4.96,760.0,2.52,0.239,1.28,0.167,95.1,16.15,172.0,4.02,37.3,4.64,20.1,0.2,4.24,0.066,1.44,47.8,25.5,0.69,394.0,0.69,1.195,18.55,66.0,1040.0,20.4,63.6,0.03,0.5,14.6,0.9,1.82,334.0,1.1,0.04,10.5,0.611,0.359,2.52,110.5,1.205,34.5,80.3,161.0,1153101.074,6937.278599,1151.0,228.068636,37.314122,255.0,4.9247,1.0,0.0089,111.932546,53.985544,255.0,0.7535,4.0,0.0089,13.40824,37.221028,20.0,57.252,89.0,1.4056,33.0,0.0,33.0,100.0,33.0,100.0
40430172.0,49.9999999585,0.0,0.0,0.0,0.0,0.0,0.0,0.0,0.0,0.0,-109.0704971,33.73719953,0.053,8.01,2.38,690.0,0.94,0.095,4.17,0.087,53.3,26.3,41.0,1.47,38.3,7.04,19.7,0.16,4.3,0.07,1.29,22.9,18.3,1.75,918.0,0.55,1.875,6.96,24.3,1030.0,10.7,37.8,0.01,0.3,13.1,0.2,1.43,759.0,0.37,0.02,4.34,0.735,0.117,0.94,232.0,0.563,20.2,120.5,164.0,6759068.636,18439.33954,6564.0,188.355424,43.343539,255.0,0.9405,68.0,0.0015,86.182266,56.087996,1.0,0.5209,208.0,0.0015,-70.841327,48.373986,-68.0,16.8607,-17.0,0.5582,33.473037,1.792709,34.0,82.9672,17.0,0.8458
40430173.0,100.0,0.0,0.0,0.0,0.0,0.0,0.0,0.0,0.0,0.0,-109.0932605,33.74066906,0.051,7.56,2.85,700.0,0.99,0.144,3.92,0.144,58.6,24.1,54.2,2.0,43.6,6.31,18.45,0.16,4.32,0.073,1.34,25.0,16.4,1.82,894.0,1.04,1.67,8.06,27.3,1030.0,12.5,46.5,0.01,0.33,13.3,0.2,1.47,789.0,0.46,0.02,5.63,0.69,0.137,1.28,198.0,0.621,21.2,112.0,159.0,4143400.826,12366.27344,5305.0,191.695005,47.928407,255.0,2.0484,68.0,0.0025,92.955568,44.025307,1.0,0.1654,190.0,0.0025,-48.256304,45.116361,-38.0,27.5055,-18.0,0.0392,26.485021,7.263325,19.0,48.1563,35.0,0.1136
40430408.0,9.905338217999999,26.729774523,0.0,0.0,0.0,0.0,0.0,0.0,0.0,0.0,-109.2558235,33.87608608,0.088,7.46,3.86,770.0,1.82,0.151,1.07,0.207,85.5,13.6,358.0,2.96,37.6,4.55,16.4,0.19,4.4,0.051,1.51,48.3,17.8,0.53,448.0,0.75,1.18,27.8,65.7,950.0,15.6,58.9,0.01,0.51,14.4,1.3,1.72,259.0,1.43,0.02,9.57,0.987,0.309,2.36,131.0,1.02,28.2,73.1,181.0,2229123.972,8711.807117,11592.0,231.28511,34.439592,255.0,26.2342,90.0,0.0046,140.259176,81.667357,255.0,13.5139,2.0,0.0046,100.342428,45.244354,89.0,42.7785,169.0,5.0841,33.02637,0.228133,33.0,98.6815,35.0,1.3185
40430412.0,0.000912641,58.21956348,0.0,41.23728576,0.0,0.0,0.542237915,0.0,0.0,0.0,-109.276253,33.84461157,0.058,8.53,3.29,880.0,1.8,0.169,1.43,0.212,80.8,28.2,311.0,2.93,48.1,5.07,18.45,0.19,4.48,0.065,1.68,43.5,21.8,0.95,973.0,0.67,1.115,15.8,121.0,1790.0,14.15,66.6,0.03,0.38,17.45,1.0,1.59,310.0,0.81,0.02,6.93,0.749,0.299,1.77,128.0,0.822,25.4,97.8,192.0,1763900.104,7277.805778,8349.0,195.352737,40.290742,255.0,7.2521,130.0,0.0058,175.944137,48.394742,255.0,1.8331,20.0,0.0058,-18.782011,28.241042,-39.0,47.7184,13.0,2.977,35.0,0.0,35.0,100.0,35.0,100.0
40430171.0,18.4808605,19.3927075505,0.0,3.948309342,0.0,0.0,0.0,0.0,0.0,0.0,-109.0678357,33.78918385,0.049,8.73,2.96,830.0,1.34,0.165,2.53,0.134,64.4,19.65,22.6,2.32,32.9,4.61,18.4,0.14,4.74,0.069,1.68,27.4,24.7,0.98,2050.0,0.92,1.62,8.62,17.35,880.0,15.9,67.7,0.04,0.32,11.25,0.5,1.46,518.0,0.52,0.02,7.02,0.53,0.218,1.51,113.0,1.225,21.7,82.0,181.5,11826008.74,23805.53746,11682.0,229.940764,39.080268,255.0,5.2208,49.0,0.0009,106.209616,52.515881,255.0,0.2361,221.0,0.0009,57.163178,30.127594,93.0,13.1371,82.0,0.0017,29.106847,5.510774,33.0,62.588,31.0,5.9628
40430409.0,100.0,0.0,0.0,0.0,0.0,0.0,0.0,0.0,0.0,0.0,-109.3283093,33.83310535,0.086,8.79,4.07,720.0,1.78,0.238,0.96,0.16,92.9,17.85,110.5,3.65,46.5,5.2,19.9,0.19,4.75,0.074,1.53,56.6,24.7,0.63,690.0,0.79,0.939,30.5,46.3,1260.0,21.3,67.7,0.02,0.52,17.1,1.0,1.97,213.0,1.54,0.02,9.64,0.996,0.341,2.49,140.5,1.115,32.4,100.0,201.0,6578700.674,16868.93799,13317.0,210.297064,44.972157,255.0,5.0454,95.0,0.0016,113.4556,51.542947,255.0,0.233,235.0,0.0016,-100.840711,56.024613,-71.0,17.3059,-70.0,0.0185,32.554363,0.733347,33.0,69.9739,31.0,14.5376
40430166.0,26.564797705333334,0.0,20.30560687,0.0,0.0,0.0,0.0,0.0,0.0,0.0,-109.0534317,33.85143725,0.041,6.67,3.34,810.0,1.12,0.19,3.02,0.108,92.6,29.8,124.0,2.49,32.9,8.16,17.3,0.18,4.78,0.085,1.49,45.3,18.7,1.69,1095.0,0.57,1.205,12.95,38.3,730.0,15.75,54.0,0.005,0.46,15.65,0.3,2.02,716.0,0.77,0.02,14.8,1.01,0.191,2.12,296.0,0.857,24.5,139.5,167.5,13779194.52,23666.48349,13843.0,227.617496,35.599723,255.0,4.6151,42.0,0.0007,120.295163,44.887653,127.0,0.1179,232.0,0.0007,66.315643,24.76911,77.0,8.352,90.0,0.0177,33.406363,1.390212,32.0,47.9789,34.0,15.4271
40430168.0,100.0,0.0,0.0,0.0,0.0,0.0,0.0,0.0,0.0,0.0,-109.0797395,33.82749916,0.047,7.39,3.52,960.0,1.16,0.122,2.69,0.116,68.3,24.1,56.8,2.12,28.3,4.63,15.85,0.14,4.88,0.066,1.77,30.7,20.3,1.05,3290.0,0.57,1.565,10.85,22.7,970.0,16.25,64.6,0.11,0.44,11.9,0.6,1.76,635.0,0.71,0.02,7.39,0.703,0.225,1.77,134.5,0.91,21.2,89.4,179.0,,,,,,,,,,,,,,,,,,,,,,,,,,,
40430413.0,3.3207620205,23.34995937,0.0,54.58907256,0.0,0.0,15.41944397,0.0,0.0,0.0,-109.2524902,33.83401521,0.053,8.41,3.16,900.0,1.64,0.134,1.49,0.109,89.6,36.1,359.0,2.42,48.2,5.2,18.75,0.17,5.06,0.061,1.8,39.6,20.1,1.02,984.0,0.57,1.305,16.75,126.5,1380.0,14.65,64.4,0.01,0.34,16.85,0.8,1.65,316.0,0.88,0.02,6.74,0.904,0.262,1.65,154.5,0.828,24.9,90.1,196.5,26578961.14,35903.99009,78506.0,231.259623,34.042077,255.0,14.6489,57.0,0.0004,110.231443,40.556411,104.0,0.3253,254.0,0.0012,-46.491039,31.116222,-33.0,4.3662,10.0,0.037,30.380227,5.946681,33.0,83.734,15.0,0.8607
40430165.0,100.0,0.0,0.0,0.0,0.0,0.0,0.0,0.0,0.0,0.0,-109.0759764,33.92577593,0.042,6.92,3.57,780.0,1.35,0.195,2.64,0.109,81.8,23.2,80.2,2.44,35.0,6.07,16.15,0.17,5.11,0.069,1.76,40.9,20.6,1.35,939.0,0.65,1.305,12.4,28.4,700.0,16.7,67.1,0.01,0.47,12.7,0.6,1.89,632.0,0.75,0.02,10.5,0.881,0.232,2.16,204.0,0.899,23.4,104.0,185.5,4738195.798,13771.74311,4857.0,233.654107,39.05235,255.0,6.6114,19.0,0.0022,101.236083,56.418708,60.0,0.1057,2.0,0.0022,173.593978,23.796528,200.0,23.3655,223.0,0.0064,33.393565,1.634095,35.0,45.1536,31.0,25.4754
40430178.0,50.000000095,0.0,0.0,0.0,0.0,0.0,0.0,0.0,0.0,0.0,-109.3973087,33.53569028,0.043,8.13,1.91,1070.0,1.37,0.13,3.9,0.12,76.1,35.0,486.0,1.1,59.6,6.8,18.6,0.16,5.29,0.069,1.8,33.8,11.2,2.4,1370.0,0.95,1.975,14.15,137.5,2010.0,13.85,52.9,0.02,0.22,16.9,0.5,1.61,725.0,0.71,0.02,4.22,0.925,0.12,0.91,183.0,0.504,19.8,105.5,222.0,10562281.79,19906.04178,7870.0,217.162516,47.894156,255.0,2.8735,35.0,0.001,69.350799,48.841668,1.0,0.852,194.0,0.001,489.751987,148.903846,365.0,10.8764,283.0,0.0058,32.499733,1.271576,31.0,39.4573,34.0,28.888
40430414.0,32.91395345,42.74411551,0.0,0.0,2.30248655,0.0,22.03944435,0.0,0.0,0.0,-109.3004746,33.81960358,0.063,7.93,8.03,910.0,1.7,0.133,1.84,0.168,85.2,43.5,365.0,2.47,40.8,6.17,19.8,0.18,5.43,0.063,1.76,38.6,24.4,0.88,1920.0,1.14,1.49,26.3,89.2,1430.0,19.0,69.4,0.01,0.6,13.9,0.9,1.98,395.0,1.32,0.06,7.83,1.13,0.27,3.03,218.0,1.635,22.6,102.0,244.0,14441000.88,28685.63276,67059.0,214.776689,40.182943,255.0,12.9476,22.0,0.0007,111.903673,49.592106,255.0,0.459,239.0,0.0078,-86.626617,53.116411,-103.0,14.7004,22.0,0.1193,33.235961,0.881181,33.0,70.1902,32.0,12.0079
40430167.0,36.87455631,0.0,0.0,0.0,9.386027902,0.0,53.73941658,0.0,0.0,0.0,-109.05565,33.82096983,0.055,7.48,3.01,830.0,1.47,0.108,2.88,0.119,84.8,20.5,59.1,1.67,39.4,4.45,17.3,0.16,8.09,0.074,1.64,39.0,31.7,2.28,1220.0,0.44,1.62,12.2,33.0,1400.0,15.85,52.4,0.01,0.22,14.25,0.5,1.89,443.0,0.65,0.02,6.95,0.562,0.179,1.29,104.5,0.846,30.7,96.1,311.0,10837393.67,21943.73597,6127.0,189.568467,50.33052,255.0,1.1413,56.0,0.0009,179.71128,65.107921,255.0,1.431,9.0,0.0009,74.86303,14.545253,82.0,10.7156,119.0,0.7788,33.107859,1.158624,33.0,39.1132,31.0,0.7112
40430268.0,1.558558933,0.757232181,0.0,0.0,97.68420843,0.0,0.0,0.0,0.0,0.0,-109.9171427,33.05950519,0.099,6.93,7.65,830.0,2.17,0.408,2.68,0.5,96.9,10.5,68.2,23.0,59.6,3.52,16.35,0.21,3.78,0.063,2.56,46.9,42.7,0.92,733.0,1.65,1.39,18.55,22.3,860.0,20.5,125.5,0.01,0.91,10.2,0.9,2.18,331.0,1.13,0.04,11.0,0.532,0.647,2.02,81.7,1.555,26.5,86.2,148.5,7393255.435,19554.70742,70333.0,128.098844,35.860188,153.0,1.5663,23.0,0.0042,72.355084,34.138566,65.0,1.5349,212.0,0.0014,1094.125036,371.031198,1600.0,14.9095,651.0,0.388,15.442646,3.130724,16.0,89.7628,23.0,3.1597
40430023.0,50.000000115,0.0,0.0,0.0,0.0,0.0,0.0,0.0,0.0,0.0,-109.8793966,33.0882386,0.121,7.23,3.98,730.0,2.13,0.41,1.84,0.294,89.0,11.7,58.2,5.49,68.6,3.68,16.75,0.12,3.84,0.081,2.48,42.6,28.9,1.01,690.0,2.14,1.46,19.45,26.9,1050.0,19.5,109.0,0.03,0.82,9.99,0.4,2.29,335.0,1.35,0.06,11.75,0.584,0.416,2.1,83.3,1.44,23.2,88.4,145.5,4560670.662,13804.69879,36849.0,148.44525,43.275786,255.0,1.3818,7.0,0.0023,101.904218,33.305562,90.0,1.3218,2.0,0.0023,521.700988,136.443109,555.0,22.1506,937.0,0.1152,16.446973,8.660966,23.0,63.5943,5.0,36.4057
40430021.0,0.0,20.79773749,0.0,39.349179449999994,0.0,0.0,0.503905395,0.0,0.0,0.0,-109.9039958,33.06587824,0.162,6.85,6.08,780.0,2.04,0.366,2.43,0.278,99.3,12.1,83.5,8.32,53.8,3.87,16.55,0.13,4.02,0.064,2.59,47.9,34.9,1.15,787.0,1.99,1.39,21.2,31.2,1530.0,17.8,99.0,0.02,0.77,10.9,0.2,2.21,337.0,1.37,0.06,12.6,0.628,0.447,2.23,89.1,1.505,27.9,83.6,146.5,5899197.292,20837.6199,54523.0,155.897273,41.218748,255.0,2.1041,19.0,0.0052,100.348723,36.520841,91.0,1.2767,3.0,0.0017,882.366181,231.591617,954.0,18.0411,555.0,0.0086,21.462308,3.236417,23.0,79.6798,5.0,1.048
40430267.0,0.0,100.0,0.0,0.0,0.0,0.0,0.0,0.0,0.0,0.0,-109.9391077,33.06969482,0.106,6.96,5.36,800.0,2.23,0.483,1.67,0.349,119.0,12.55,86.4,12.5,43.4,4.57,17.3,0.22,4.05,0.073,2.58,57.0,32.7,0.67,956.0,1.94,1.58,23.4,22.9,670.0,23.3,120.5,0.01,1.32,10.5,0.5,2.89,291.0,1.4,0.08,16.75,0.701,0.621,2.63,116.5,2.08,30.4,99.6,137.5,8085825.75,20965.53892,75950.0,122.529822,44.485809,131.0,1.1581,229.0,0.0064,52.470714,35.703495,1.0,4.1277,219.0,0.0013,518.086576,305.960342,508.0,13.8324,502.0,0.2822,14.080159,4.17522,16.0,82.5469,5.0,17.4531
40430022.0,100.0,0.0,0.0,0.0,0.0,0.0,0.0,0.0,0.0,0.0,-109.9078815,33.07657778,0.115,6.78,9.19,850.0,2.02,0.43,2.69,0.354,94.5,11.8,64.6,15.25,53.6,4.18,16.5,0.14,4.41,0.07,2.3,45.8,47.0,0.99,916.0,1.54,1.295,20.5,22.0,1240.0,19.95,103.5,0.03,0.94,11.15,0.3,2.31,317.0,1.26,0.07,11.2,0.639,0.504,2.17,100.5,1.7,27.7,91.6,162.5,1809142.632,7170.341943,17464.0,135.279546,41.869121,255.0,1.9725,5.0,0.0228,96.90132,32.769701,86.0,1.6042,7.0,0.0057,1359.040978,180.128458,1345.0,43.9538,665.0,0.6029,16.923112,2.36847,16.0,86.8127,23.0,13.1873
40430319.0,0.0,100.0,0.0,0.0,0.0,0.0,0.0,0.0,0.0,0.0,-109.3726353,33.50308724,0.058,8.55,4.03,1140.0,1.65,0.212,3.8,0.2,77.8,26.9,309.0,3.25,52.3,5.8,19.3,0.2,4.52,0.061,1.97,37.5,24.0,2.02,1015.0,1.13,1.85,14.6,130.5,1620.0,17.8,64.1,0.005,0.39,15.25,0.6,1.77,648.0,0.78,0.07,6.99,0.782,0.307,1.65,154.5,0.865,21.9,96.6,195.0,11445891.57,22618.95026,770.0,219.598701,44.55758,255.0,0.3698,47.0,0.0013,76.152478,43.770478,1.0,0.0682,2.0,0.0013,142.111003,118.361489,206.0,10.0816,222.0,0.0451,32.865403,3.25764,35.0,53.6773,31.0,9.8491
40430318.0,0.0,100.0,0.0,0.0,0.0,0.0,0.0,0.0,0.0,0.0,-109.4372337,33.51422666,0.05,8.04,2.62,1140.0,1.54,0.155,3.01,0.111,74.4,29.7,449.0,1.61,52.2,5.98,18.45,0.18,4.72,0.051,2.12,36.1,13.2,1.49,852.0,0.97,2.03,16.0,108.5,1360.0,14.45,64.2,0.005,0.31,13.75,0.8,1.68,645.0,0.82,0.02,5.13,0.882,0.189,1.21,174.0,0.746,20.5,91.0,203.0,12023453.93,17960.56229,127.0,134.866142,51.676822,100.0,0.0107,81.0,0.0009,102.769231,19.602017,107.0,0.0063,64.0,0.0009,353.665858,237.141785,567.0,9.643,232.0,0.0244,32.463835,1.504965,31.0,50.9513,28.0,0.1049
40430231.0,0.0,100.0,0.0,0.0,0.0,0.0,0.0,0.0,0.0,0.0,-109.4051159,33.49103326,0.086,8.27,4.35,950.0,1.64,0.578,1.51,0.408,77.2,24.2,382.0,3.74,67.8,6.42,19.35,0.16,5.07,0.086,1.9,35.4,21.5,1.05,878.0,1.32,1.14,17.9,94.2,1220.0,28.5,90.6,0.01,0.64,12.65,0.7,2.71,317.0,1.04,0.09,10.0,0.971,0.379,1.97,164.5,1.205,18.2,116.5,216.0,17887333.62,26187.80857,1206.0,228.661692,31.078619,255.0,0.257,110.0,0.0006,98.708368,21.461616,101.0,0.0189,36.0,0.0006,256.204901,120.183513,255.0,6.4214,341.0,0.0226,16.29393,5.120662,17.0,44.0646,34.0,0.1015
40430229.0,99.81130068,0.188698585,0.0,0.0,0.0,0.0,0.0,0.0,0.0,0.0,-109.4007112,33.49852622,0.05,8.32,3.5,1090.0,1.5,0.237,3.61,0.175,74.4,31.8,625.0,2.05,59.1,7.97,19.85,0.15,5.18,0.069,1.96,34.7,14.7,2.02,960.0,0.96,1.94,17.3,141.0,1430.0,17.5,56.3,0.005,0.39,17.4,0.7,2.19,653.0,0.94,0.02,7.22,1.175,0.231,1.55,239.0,0.816,19.6,117.5,222.0,25499645.74,49013.22728,2588.0,216.753864,34.613756,255.0,0.2507,81.0,0.0004,105.166926,29.484438,103.0,0.0249,2.0,0.0004,154.501168,100.16421,42.0,4.5483,115.0,0.0028,26.995983,6.909268,33.0,34.826,35.0,3.0936
40430232.0,32.40956789,67.59043287,0.0,0.0,0.0,0.0,0.0,0.0,0.0,0.0,-109.4178601,33.49946081,0.067,8.82,3.12,1140.0,1.46,0.253,3.67,0.192,81.7,33.8,493.0,2.25,64.2,7.71,20.9,0.15,5.23,0.079,2.05,36.4,17.0,2.09,1065.0,0.9,2.01,16.4,126.5,1670.0,17.8,65.5,0.005,0.4,17.55,1.1,2.09,721.0,0.92,0.04,7.36,1.065,0.234,1.5,214.0,0.818,21.2,120.0,230.0,7891072.573,23565.55591,1084.0,225.952952,29.439829,255.0,0.5099,153.0,0.0015,109.570093,25.015775,100.0,0.0391,2.0,0.0015,331.063993,107.201113,426.0,12.7307,489.0,0.0385,32.545053,4.69359,34.0,87.9859,33.0,3.6715
40430119.0,100.0,0.0,0.0,0.0,0.0,0.0,0.0,0.0,0.0,0.0,-109.4254,33.9246,0.074,9.58,3.34,810.0,2.15,0.138,1.04,0.253,114.0,29.3,99.4,2.72,26.6,5.24,22.0,0.18,8.52,0.09,1.65,56.9,23.3,0.39,932.0,1.33,1.385,79.4,46.4,1910.0,16.45,59.3,0.05,0.57,14.75,0.9,2.67,384.0,4.27,0.02,11.05,1.545,0.2,3.05,136.5,1.33,27.8,101.5,385.0,4271971.118,13591.57882,24405.0,192.157673,41.38427,255.0,7.2183,65.0,0.0048,142.075581,45.249328,255.0,0.8102,10.0,0.0024,27.919648,25.816682,24.0,24.722,39.0,0.901,15.40382,9.499513,6.0,50.5062,25.0,49.4938
40430181.0,100.0,0.0,0.0,0.0,0.0,0.0,0.0,0.0,0.0,0.0,-109.3091068,33.4208404,0.153,7.86,3.74,820.0,1.38,0.139,3.01,0.133,53.3,26.2,71.7,1.49,57.9,5.6,18.55,0.11,2.66,0.051,1.51,24.2,11.9,2.33,893.0,1.35,2.46,7.54,69.9,1410.0,15.05,36.2,0.03,0.22,13.45,0.6,1.47,761.0,0.4,0.15,4.28,0.687,0.187,0.99,186.0,0.477,16.4,88.2,96.2,7284505.739,20735.34847,736.0,188.961957,36.099518,255.0,0.0864,98.0,0.0015,75.397203,27.208935,76.0,0.0278,2.0,0.0015,-110.028454,51.584308,-162.0,15.2936,-112.0,0.0042,25.15893,10.151067,30.0,29.2027,33.0,19.8539
40430182.0,100.0,0.0,0.0,0.0,0.0,0.0,0.0,0.0,0.0,0.0,-109.321901,33.42760568,0.065,7.29,2.47,690.0,1.23,0.2,2.42,0.154,42.9,29.5,129.5,1.52,58.4,5.87,18.3,0.1,3.5,0.063,1.31,18.4,12.9,3.12,938.0,0.73,2.18,6.88,99.3,1130.0,14.2,30.6,0.02,0.16,15.2,0.3,1.43,608.0,0.38,0.16,3.67,0.766,0.153,0.91,176.5,0.327,15.1,94.9,132.5,7208490.132,14593.99329,215.0,181.646512,40.378047,255.0,0.0327,114.0,0.0014,69.290909,29.852165,59.0,0.0085,1.0,0.0014,-109.691695,61.95018,-149.0,15.7898,-23.0,0.1981,30.699916,4.919721,33.0,59.4427,30.0,0.0228
40430183.0,13.79300193,58.03767722,0.0,0.0,0.0,0.0,28.16932092,0.0,0.0,0.0,-109.3026339,33.47932643,0.282,7.96,1.75,790.0,1.46,0.122,3.59,0.106,44.3,28.3,106.0,1.41,59.7,4.74,19.75,0.11,4.12,0.048,1.53,18.85,11.9,2.62,822.0,0.55,1.94,7.99,72.3,1320.0,13.35,32.7,0.01,0.18,13.1,0.4,1.21,778.0,0.41,0.02,3.82,0.604,0.157,0.95,142.5,0.364,14.15,91.3,168.5,18037057.79,27993.26674,3224.0,205.307692,44.388591,255.0,0.4183,53.0,0.0006,91.975878,32.109902,79.0,0.0302,2.0,0.0006,-7.186524,77.932996,-19.0,8.7162,45.0,0.0051,12.650833,9.123927,5.0,32.8537,19.0,0.5308
40430184.0,100.0,0.0,0.0,0.0,0.0,0.0,0.0,0.0,0.0,0.0,-109.3029856,33.43178876,0.271,8.15,2.99,880.0,3.83,0.288,2.34,0.188,76.2,24.8,68.4,4.57,59.7,5.1,21.0,0.13,7.11,0.077,1.79,38.3,27.9,1.66,729.0,0.81,1.73,22.7,50.3,1370.0,22.7,78.2,0.03,0.32,11.6,0.4,3.25,559.0,1.41,0.02,8.95,0.557,0.316,2.8,130.5,1.105,44.0,126.5,258.0,4192817.88,12252.80599,116.0,155.974138,41.704928,141.0,0.0216,80.0,0.0027,87.291667,32.242414,85.0,0.0108,1.0,0.0027,-116.145088,28.013162,-99.0,26.91,-152.0,0.1112,8.689718,0.724078,9.0,84.4859,7.0,15.5141
40430024.0,50.000000029,0.0,0.0,0.0,0.0,0.0,0.0,0.0,0.0,0.0,-109.3056165,33.40052623,0.065,8.69,6.36,910.0,1.31,0.276,2.02,0.13,49.8,20.9,62.5,1.91,58.0,5.67,20.5,0.09,2.95,0.046,1.25,21.4,11.1,1.65,696.0,1.43,1.78,6.31,53.7,1290.0,16.1,33.4,0.17,0.33,12.25,1.4,1.43,726.0,0.37,0.3,4.59,0.639,0.362,1.1,179.5,0.479,14.85,94.3,114.5,10123121.93,24130.79807,278.0,177.593525,46.734481,152.0,0.0112,79.0,0.001,67.925,31.506203,79.0,0.0122,6.0,0.001,-12.35476,88.627777,14.0,11.3486,6.0,0.0891,29.434237,4.982026,32.0,51.3457,19.0,0.2171
40429019.0,21.03392442,4.834857805,0.0,7.7780451565,0.0,0.0,53.74026956,0.0,0.0,0.0,-109.9717705,33.11860146,0.121,7.65,8.96,940.0,2.23,0.561,1.43,0.312,143.0,10.15,46.8,4.68,38.6,4.18,18.1,0.15,3.29,0.07,2.51,65.7,24.7,0.75,940.0,3.03,2.18,23.6,17.6,1850.0,31.4,88.7,0.07,1.53,10.2,0.6,2.49,308.0,1.46,0.34,10.7,0.699,0.381,2.18,93.0,1.995,30.0,101.0,113.5,2909531.833,12189.32295,27198.0,137.064122,36.432297,143.0,1.8757,37.0,0.0177,80.732873,33.979039,67.0,1.4263,10.0,0.0035,231.030025,34.462845,256.0,36.2595,158.0,0.0694,5.823326,0.984269,5.0,58.8337,7.0,41.1663
40429021.0,100.0,0.0,0.0,0.0,0.0,0.0,0.0,0.0,0.0,0.0,-109.9101798,33.14767162,0.076,6.9,4.05,670.0,1.81,0.306,1.98,0.172,93.0,13.95,55.9,4.31,44.7,3.97,15.8,0.13,3.49,0.059,2.16,43.8,25.8,0.9,796.0,0.98,1.485,16.75,32.5,950.0,17.3,80.1,0.02,0.87,11.5,0.4,2.02,208.0,1.09,0.05,9.95,0.56,0.347,1.97,87.8,1.77,25.6,71.7,127.5,6963462.028,16351.69015,21635.0,134.246268,39.803092,137.0,0.5163,28.0,0.0015,98.98606,39.056883,1.0,0.7989,200.0,0.0015,-421.185313,389.862936,-1.0,20.4227,68.0,0.087,3.712723,0.957848,3.0,64.3638,5.0,35.6362
40430272.0,18.64490529,0.0,0.0,0.0,0.0,0.0,81.35509471,0.0,0.0,0.0,-109.9470678,33.09064618,0.13,6.99,6.25,830.0,2.36,0.445,1.21,0.289,117.5,9.82,72.9,9.64,40.5,3.6,16.85,0.19,3.52,0.062,2.73,54.9,36.4,0.57,916.0,2.22,1.655,20.7,18.95,540.0,24.4,116.5,0.01,1.67,9.37,0.3,2.59,241.0,1.25,0.06,12.45,0.56,0.552,2.49,90.4,2.36,27.0,87.6,128.0,2007875.224,10792.26026,19380.0,120.069195,48.210781,57.0,1.5192,188.0,0.0154,27.865372,21.973848,1.0,12.7011,114.0,0.0051,131.863106,228.261101,-22.0,38.5486,508.0,0.2464,13.708575,4.090963,16.0,75.9173,5.0,6.199
40430269.0,0.0,29.12880216,0.0,0.0,0.0,0.0,70.87119757,0.0,0.0,0.0,-109.9663896,33.09644717,0.138,7.64,7.03,980.0,2.24,0.46,1.73,0.276,162.0,13.45,114.5,5.9,50.8,5.19,18.8,0.27,3.56,0.088,2.86,76.6,32.3,0.95,979.0,2.42,2.17,23.8,31.5,1340.0,27.0,98.9,0.01,1.76,12.25,0.6,2.72,288.0,1.38,0.07,12.4,0.746,0.46,2.27,125.0,2.27,30.7,114.5,125.0,1765756.764,11449.0629,17081.0,143.358468,36.571795,127.0,1.9418,241.0,0.0117,42.611883,23.904436,1.0,2.1324,124.0,0.0058,157.483315,68.153271,204.0,35.6476,179.0,2.3525,10.67137,4.42305,7.0,59.207,16.0,40.793
40430271.0,89.1027319,0.0,10.8972681,0.0,0.0,0.0,0.0,0.0,0.0,0.0,-109.9477708,33.10477803,0.147,7.65,5.82,1010.0,2.19,0.471,1.27,0.34,147.0,9.61,70.6,8.99,37.5,4.02,18.65,0.24,3.79,0.073,3.05,67.5,34.6,0.62,1095.0,1.87,1.91,23.2,18.45,820.0,30.2,119.5,0.01,1.84,10.4,0.5,2.93,259.0,1.38,0.08,13.5,0.616,0.54,2.79,94.6,2.41,31.4,102.0,132.0,6107475.385,20899.30748,38630.0,116.067538,46.713087,97.0,0.8934,249.0,0.0017,48.440236,40.472691,1.0,7.0839,193.0,0.0017,83.790728,401.561534,502.0,18.2098,-22.0,0.0331,5.583206,1.738684,5.0,80.8249,16.0,2.2189
40430424.0,10.88530334,0.0,0.0,0.0,13.1849061,0.0,75.92979147,0.0,0.0,0.0,-109.0898844,33.6570001,0.034,7.66,2.62,650.0,1.03,0.116,3.69,0.136,48.7,19.4,35.9,1.88,38.7,5.14,17.45,0.1,3.87,0.06,1.11,22.3,20.7,1.68,617.0,0.46,1.37,5.71,21.8,910.0,9.69,37.8,0.02,0.23,13.6,0.2,1.17,1015.0,0.33,0.02,4.6,0.55,0.127,1.0,146.0,0.396,20.1,99.2,150.0,13625658.88,25549.65454,2417.0,169.350848,37.70888,255.0,0.0727,106.0,0.0009,107.401493,46.473673,255.0,0.0392,3.0,0.0009,-128.538389,21.838775,-132.0,13.6174,-166.0,0.0305,20.777906,7.752753,17.0,65.7646,15.0,3.8897
40430233.0,25.547318638999997,0.0,23.35804391,0.0,0.0,0.0,0.0,0.0,0.0,0.0,-109.3676272,33.53611244,0.05,8.32,2.0,1040.0,1.32,0.208,3.37,0.14,55.0,27.3,166.0,1.43,65.6,6.03,18.55,0.15,3.88,0.062,1.89,23.0,12.0,1.91,853.0,0.98,2.03,8.92,75.4,1280.0,16.35,43.5,0.02,0.29,14.65,0.6,1.63,722.0,0.49,0.02,4.91,0.691,0.145,1.02,157.5,0.497,14.65,91.3,164.5,5927830.239,14262.95289,1196.0,219.386288,47.584352,255.0,0.9019,109.0,0.0019,72.22838,40.43344,1.0,0.1593,7.0,0.0019,424.018063,171.502012,294.0,19.3824,561.0,0.0325,31.320697,1.086251,31.0,91.9826,35.0,8.0174
40430026.0,99.99994157,0.0,0.0,0.0,0.0,0.0,0.0,0.0,0.0,0.0,-109.3056255,33.37085048,0.069,8.26,1.98,860.0,1.26,0.138,3.47,0.119,43.6,21.9,49.3,1.76,66.8,4.88,20.2,0.09,3.93,0.043,1.42,18.6,15.3,1.81,785.0,0.96,2.12,7.28,51.6,1110.0,14.25,27.5,0.02,0.25,10.95,0.5,1.31,847.0,0.47,0.02,4.68,0.577,0.147,1.09,132.5,0.444,12.15,84.1,162.0,7207442.638,16100.52743,1686.0,163.781732,39.82016,142.0,0.0601,1.0,0.0014,96.433429,27.479204,88.0,0.0543,1.0,0.0014,-19.474422,40.750498,-39.0,15.9401,-49.0,0.4778,32.368436,0.904465,33.0,66.1119,32.0,4.6199
40430234.0,33.288861542,0.0,0.133415193,0.0,0.0,0.0,0.0,0.0,0.0,0.0,-109.3942216,33.518787,0.062,9.01,2.44,1150.0,1.54,0.202,3.56,0.162,57.0,24.6,142.0,1.92,68.7,5.73,19.4,0.15,4.0,0.053,1.9,24.9,15.1,2.19,757.0,0.85,2.1,8.94,71.0,1530.0,16.3,42.6,0.01,0.28,13.95,0.5,1.58,909.0,0.51,0.02,5.31,0.656,0.185,1.17,144.5,0.555,15.95,93.8,169.0,7543338.255,16004.98326,218.0,185.995413,40.193968,166.0,0.0163,118.0,0.0014,78.813636,35.980636,89.0,0.0122,1.0,0.0014,150.41284,75.442675,104.0,15.2274,388.0,0.0242,32.195887,1.446872,31.0,59.0692,33.0,3.2038
40430274.0,10.914682538000001,0.0,78.17063476,0.0,0.0,0.0,0.0,0.0,0.0,0.0,-109.8417931,33.03637306,0.095,7.92,4.31,840.0,1.65,0.341,2.74,0.25,73.9,18.05,114.5,8.1,86.4,4.47,18.05,0.17,4.08,0.059,2.25,32.0,27.1,1.15,746.0,2.26,1.72,14.45,51.1,900.0,20.3,89.9,0.01,0.61,10.9,0.7,2.03,530.0,0.88,0.02,9.5,0.606,0.471,1.74,124.0,1.245,19.7,95.4,171.0,3356035.833,11286.24608,32319.0,140.946688,38.891018,135.0,1.8544,249.0,0.0184,68.985172,27.365771,63.0,1.927,188.0,0.0031,77.058951,86.536787,119.0,31.0471,144.0,0.0572,16.361017,1.548156,16.0,94.8426,23.0,5.1574
40430423.0,100.0,0.0,0.0,0.0,0.0,0.0,0.0,0.0,0.0,0.0,-109.0847939,33.68041005,0.041,7.52,3.17,770.0,1.3,0.145,3.76,0.132,56.4,27.6,141.5,2.51,42.0,6.34,17.65,0.1,4.21,0.059,1.41,27.1,20.7,1.87,893.0,0.58,1.375,8.07,52.1,900.0,13.15,47.4,0.01,0.28,15.6,0.2,1.59,756.0,0.47,0.02,5.51,0.75,0.169,1.15,201.0,0.877,22.8,103.5,162.5,5794757.038,14586.47413,5616.0,182.918981,45.637593,255.0,1.0126,90.0,0.0019,97.128958,49.7304,44.0,0.1098,210.0,0.0019,-94.128018,15.61375,-86.0,19.8467,-140.0,0.0087,33.705731,0.644195,34.0,49.8418,35.0,10.3656
40430422.0,55.29132627,21.859346584999997,0.0,0.0,0.0,0.0,0.989980812,0.0,0.0,0.0,-109.0752864,33.6905791,0.059,7.75,3.02,780.0,1.39,0.132,3.87,0.12,61.8,34.9,196.5,1.77,43.5,8.66,20.6,0.11,4.65,0.086,1.64,26.9,19.5,1.75,1025.0,0.61,1.88,11.65,56.4,1120.0,14.75,50.3,0.02,0.32,17.85,0.4,1.99,745.0,0.65,0.02,5.94,1.065,0.181,1.33,304.0,0.969,25.2,143.0,175.5,,,,,,,,,,,,,,,,,,,,,,,,,,,
40430174.0,29.833258509666667,10.5002243,0.0,0.0,0.0,0.0,0.0,0.0,0.0,0.0,-109.0810836,33.76799804,0.047,7.76,3.04,750.0,1.05,0.136,3.58,0.102,60.2,27.6,71.2,1.99,41.8,7.58,19.75,0.14,4.7,0.069,1.39,25.2,22.4,1.79,960.0,0.48,1.61,8.67,27.8,1020.0,13.15,42.1,0.01,0.31,13.95,0.6,1.77,750.0,0.51,0.04,6.1,0.842,0.137,1.28,253.0,0.745,21.1,131.5,170.0,6719506.23,15121.3623,7456.0,206.335971,46.88018,255.0,3.3442,60.0,0.0015,78.518676,42.759659,1.0,0.5767,170.0,0.0015,20.86599,19.641657,35.0,28.7853,16.0,0.003,27.010716,6.812185,34.0,29.4595,33.0,22.0893
40430169.0,0.0,0.0,0.0,0.0,16.37057339,0.0,83.62942569,0.0,0.0,0.0,-109.0616881,33.70942694,0.055,6.72,3.6,730.0,1.27,0.199,4.74,0.121,63.4,26.5,62.6,2.46,31.1,7.14,16.6,0.15,4.85,0.054,1.43,29.7,23.2,1.45,895.0,0.57,1.145,11.1,24.9,940.0,14.35,55.1,0.005,0.44,11.5,0.4,1.85,715.0,0.68,0.02,7.68,0.832,0.186,1.87,242.0,0.865,24.6,120.0,169.5,2044376.751,9160.187208,1304.0,177.110429,41.661819,255.0,0.4004,113.0,0.005,91.888368,49.037648,1.0,0.2453,3.0,0.005,-199.088753,22.586982,-214.0,44.5453,-193.0,0.7838,28.373233,6.260967,31.0,47.9343,17.0,22.9255
40430425.0,20.70678913,79.29321072,0.0,0.0,0.0,0.0,0.0,0.0,0.0,0.0,-109.1818216,33.70987449,0.06,7.68,4.71,1240.0,1.91,0.492,2.05,0.316,80.3,37.1,361.0,3.63,71.6,6.07,18.6,0.12,4.94,0.087,2.05,41.2,25.2,1.42,1155.0,1.17,1.39,23.9,124.0,1590.0,28.1,70.0,0.03,0.54,18.15,0.5,2.33,466.0,1.3,0.05,8.18,1.045,0.353,1.9,176.0,1.165,22.5,128.0,210.0,4773370.382,15256.81276,8564.0,243.228631,24.330667,255.0,12.9135,89.0,0.0022,87.228619,52.871298,1.0,0.6122,208.0,0.0022,-28.901285,29.918791,-53.0,22.3208,-46.0,0.017,26.973451,5.976857,21.0,50.0118,32.0,2.5134
40430186.0,0.0,2.912744189,0.0,0.0,97.08725589,0.0,0.0,0.0,0.0,0.0,-109.2319944,33.69711308,0.084,8.36,4.69,1260.0,2.01,0.427,1.36,0.442,85.5,57.8,249.0,3.9,67.9,5.54,18.95,0.12,5.07,0.069,1.82,41.6,25.9,1.1,1625.0,0.77,1.175,16.05,145.0,2150.0,24.5,80.4,0.05,0.47,14.65,0.6,2.06,326.0,0.87,0.05,8.63,0.767,0.405,1.92,139.5,1.01,22.0,126.5,195.5,10889843.82,24317.94475,4083.0,225.811168,42.623043,255.0,1.9479,66.0,0.0009,94.74026,67.874707,255.0,0.2302,215.0,0.0009,-41.590339,40.409934,-7.0,16.7247,48.0,0.0168,23.041401,8.560262,21.0,45.8416,6.0,14.4847
40430273.0,75.42630396,0.0,0.0,0.0,0.840770566,0.0,23.73292521,0.0,0.0,0.0,-109.852785,33.04958537,0.111,7.25,3.61,740.0,1.89,0.317,2.89,0.22,98.7,25.5,262.0,5.48,108.5,5.87,18.25,0.22,5.08,0.074,2.28,47.5,27.9,1.78,858.0,2.05,1.65,28.7,89.8,1440.0,18.25,92.3,0.01,0.69,15.25,1.1,2.36,428.0,1.64,0.07,11.0,0.953,0.298,2.12,161.0,1.29,24.0,102.5,222.0,529330.5173,5243.347905,5097.0,122.595644,38.623022,149.0,2.4328,140.0,0.0392,103.555534,39.377196,94.0,1.3112,6.0,0.0193,123.274795,81.544784,156.0,55.0736,579.0,0.1338,23.0,0.0,23.0,100.0,23.0,100.0
40430025.0,100.0,0.0,0.0,0.0,0.0,0.0,0.0,0.0,0.0,0.0,-109.3373463,33.45226571,0.072,8.58,2.83,1010.0,1.83,0.321,2.51,0.245,60.0,23.5,317.0,2.36,62.0,5.43,19.1,0.08,5.15,0.064,1.96,27.1,18.9,1.61,754.0,0.89,1.72,13.0,114.5,1250.0,18.6,65.7,0.03,0.37,12.6,0.6,1.97,539.0,0.76,0.05,6.42,0.754,0.254,1.24,141.0,0.833,14.4,92.9,208.0,5010212.68,12761.40091,90.0,200.177778,42.203101,255.0,0.0328,154.0,0.002,78.964706,33.492913,73.0,0.0123,12.0,0.002,-8.104411,60.77336,-9.0,21.1167,98.0,0.7416,25.519734,6.983505,19.0,53.4305,33.0,46.5695
40430419.0,0.0,55.79454572,0.0,0.0,0.338325617,0.0,43.86712865,0.0,0.0,0.0,-109.2944431,33.7252228,0.051,8.44,3.37,1070.0,1.91,0.25,1.62,0.199,88.7,25.3,284.0,3.92,53.8,4.66,18.9,0.12,5.17,0.071,2.07,45.8,25.0,1.07,698.0,0.66,1.325,18.7,124.5,1470.0,19.15,85.9,0.04,0.45,16.2,0.5,1.97,374.0,1.07,0.04,8.49,0.797,0.373,1.9,112.0,1.085,25.2,101.5,214.0,6222460.338,15996.05366,12325.0,204.282759,60.627584,255.0,7.3438,42.0,0.0016,73.827471,86.786405,1.0,3.8165,146.0,0.0016,-53.872873,70.689998,-68.0,18.469,40.0,0.2719,32.451422,3.342654,33.0,48.8575,25.0,15.7143
40430415.0,100.0,0.0,0.0,0.0,0.0,0.0,0.0,0.0,0.0,0.0,-109.2698459,33.80235601,0.056,8.47,3.47,1000.0,1.88,0.166,1.7,0.099,81.1,22.0,376.0,3.27,50.3,4.83,18.75,0.2,5.19,0.053,2.0,45.9,22.1,1.2,654.0,0.51,1.33,18.95,138.0,1270.0,18.55,69.5,0.02,0.38,16.95,0.9,1.73,419.0,1.04,0.02,9.94,0.821,0.29,2.62,126.0,0.929,22.9,88.8,207.0,7327005.462,17837.29143,12328.0,230.272956,35.193051,255.0,8.0815,19.0,0.0014,121.700032,45.597778,121.0,0.1772,2.0,0.0014,-27.890814,66.09414,-62.0,15.6918,16.0,0.0747,33.741624,0.966044,33.0,62.9188,35.0,37.0812
40430185.0,100.0,0.0,0.0,0.0,0.0,0.0,0.0,0.0,0.0,0.0,-109.1964849,33.73918885,0.069,8.24,3.78,1160.0,2.01,0.247,1.46,0.137,73.2,29.7,347.0,3.79,53.9,4.86,18.5,0.13,5.33,0.061,2.24,40.3,22.2,1.15,1230.0,0.72,1.255,18.75,147.0,1150.0,18.6,89.9,0.04,0.44,14.4,0.6,1.86,340.0,1.04,0.05,10.25,0.804,0.419,2.2,127.5,1.15,20.5,88.5,216.0,37367966.81,41236.49557,119339.0,243.046154,25.277991,255.0,22.3871,15.0,0.0003,101.058361,43.338951,88.0,0.3508,245.0,0.0019,-157.431877,98.057719,-261.0,5.3142,-205.0,0.0016,27.67262,10.069537,33.0,43.5269,15.0,1.3531
40430418.0,33.82841459,8.4964385305,0.0,0.0,0.0,0.0,49.17870799,0.0,0.0,0.0,-109.3029224,33.73432421,0.048,7.79,3.7,1110.0,1.71,0.177,1.61,0.142,91.0,35.1,416.0,3.05,54.1,5.64,19.15,0.12,5.35,0.062,1.86,43.7,21.9,1.07,936.0,0.6,1.285,18.35,128.5,1480.0,17.35,68.3,0.04,0.45,16.85,0.5,1.89,351.0,1.06,0.05,8.67,0.93,0.335,1.97,156.5,0.995,24.6,105.0,225.0,5720718.456,16265.71635,2199.0,192.60573,71.29622,255.0,1.4122,29.0,0.0018,155.539363,64.961189,255.0,0.6189,32.0,0.0018,-140.568198,28.035409,-126.0,21.1562,-123.0,0.356,26.51733,3.383398,25.0,83.2329,33.0,0.538
40430416.0,100.0,0.0,0.0,0.0,0.0,0.0,0.0,0.0,0.0,0.0,-109.3015644,33.77790868,0.065,8.82,3.43,1020.0,2.04,0.156,1.71,0.125,83.9,27.3,315.0,2.91,54.4,5.3,20.4,0.2,5.44,0.065,1.99,40.9,24.3,1.11,907.0,0.63,1.42,16.05,122.0,1190.0,15.65,76.6,0.02,0.41,15.25,1.1,1.84,400.0,0.81,0.04,7.22,0.759,0.292,1.74,140.0,0.898,24.5,91.6,217.0,4699473.709,15228.21835,6343.0,233.980293,31.60492,255.0,7.1086,45.0,0.0022,80.980174,29.426877,79.0,0.222,1.0,0.0022,-21.945764,41.856283,-8.0,24.4593,-23.0,0.8993,33.79214,0.908826,33.0,53.8515,34.0,13.083
40430417.0,0.0,0.0,0.0,0.0,0.0,0.0,100.0,0.0,0.0,0.0,-109.3045099,33.76497896,0.059,8.48,4.89,1020.0,2.48,0.217,1.27,0.151,100.0,22.2,143.0,3.53,44.2,5.03,19.6,0.2,5.46,0.068,1.94,52.6,28.7,0.66,1230.0,0.98,1.25,23.6,66.5,1870.0,18.85,82.8,0.02,0.54,12.85,0.9,2.01,278.0,1.23,0.04,9.05,0.809,0.326,2.19,115.0,1.12,31.0,91.6,241.0,3197650.536,9905.197897,4450.0,238.29618,28.121365,255.0,8.3005,144.0,0.0032,80.033497,23.791435,73.0,0.2846,11.0,0.0032,-5.102738,35.508944,35.0,29.1925,-47.0,1.7778,34.604689,0.49573,35.0,60.8043,33.0,0.3354
40430421.0,46.2667542775,7.466491581,0.0,0.0,0.0,0.0,0.0,0.0,0.0,0.0,-109.2901444,33.72702097,0.099,7.84,3.56,1140.0,1.83,0.204,2.04,0.157,88.5,44.0,598.0,2.58,59.4,6.33,18.8,0.12,5.58,0.072,1.92,42.4,22.0,1.32,1245.0,0.68,1.42,19.45,140.0,1520.0,17.95,63.5,0.04,0.46,17.35,0.6,2.03,390.0,1.05,0.02,8.74,1.075,0.305,1.92,185.5,0.913,22.8,116.5,233.0,,,,,,,,,,,,,,,,,,,,,,,,,,,
40430275.0,0.0,0.0,0.0,0.0,0.0,0.0,100.0,0.0,0.0,0.0,-109.6395952,32.78029247,0.099,6.95,3.53,690.0,1.86,0.38,2.48,0.218,101.0,13.95,133.5,4.34,46.4,4.63,16.7,0.22,3.76,0.076,2.31,51.1,30.6,0.91,695.0,1.42,1.7,20.3,29.9,830.0,21.6,106.0,0.01,0.8,10.85,0.4,3.02,392.0,1.35,0.04,15.75,0.728,0.419,2.54,133.5,1.775,34.9,93.2,141.5,1331451.084,8196.789231,12888.0,92.337291,22.211623,109.0,2.731,42.0,0.0466,30.760761,16.477199,27.0,2.9213,101.0,0.0078,-94.257731,17.328424,-106.0,37.5047,-84.0,0.2811,23.0,0.0,23.0,100.0,23.0,100.0
40430235.0,100.0,0.0,0.0,0.0,0.0,0.0,0.0,0.0,0.0,0.0,-109.7285021,32.90294825,0.154,8.03,3.85,680.0,1.63,0.41,3.13,0.223,67.2,15.25,90.2,3.46,178.0,4.86,18.2,0.1,2.99,0.086,1.91,33.3,26.2,1.17,688.0,1.97,1.82,12.5,31.3,880.0,20.1,72.9,0.03,0.57,11.6,0.7,1.77,509.0,0.75,0.13,8.57,0.574,0.392,1.64,124.5,1.3,21.5,99.0,110.0,1379641.26,12488.28151,13360.0,176.382635,27.47546,183.0,2.7381,237.0,0.0224,71.127406,20.333959,68.0,2.6353,10.0,0.0075,-43.94806,28.159146,-63.0,42.4327,51.0,0.7703,18.991774,0.128002,19.0,99.5887,17.0,0.4113
40430236.0,30.88614073,26.36746725,0.0,0.0,42.74639198,0.0,0.0,0.0,0.0,0.0,-109.7465423,32.88617388,0.112,6.32,9.37,740.0,1.51,0.402,4.63,0.208,74.9,15.25,109.5,11.35,92.1,4.77,15.75,0.17,3.31,0.073,1.88,35.9,73.2,1.17,755.0,1.66,1.5,16.0,34.1,860.0,18.75,102.0,0.03,0.7,10.15,0.6,2.05,591.0,1.07,0.09,12.55,0.657,0.43,2.47,140.0,3.17,25.6,88.5,119.0,17347191.54,48442.72886,166878.0,164.031712,39.080957,255.0,2.8685,14.0,0.0012,66.134367,55.92367,1.0,7.8321,250.0,0.022,20.788994,115.419269,-44.0,6.7533,-93.0,0.0076,14.366282,6.857957,19.0,34.9422,12.0,2.9919
40430237.0,0.0,0.0,0.0,0.0,4.78100873,0.0,95.21899118,0.0,0.0,0.0,-109.7491276,32.88833713,0.13,7.21,5.32,640.0,1.69,0.424,3.35,0.189,79.1,17.9,151.0,6.27,110.5,5.79,17.1,0.1,3.54,0.097,1.78,38.9,42.2,1.11,781.0,1.73,1.73,14.2,35.0,920.0,19.9,82.4,0.03,0.78,12.05,0.6,2.06,522.0,0.89,0.06,9.75,0.744,0.362,2.08,171.0,1.89,24.9,104.0,142.5,8870554.142,36649.94235,85830.0,169.320261,32.752718,183.0,1.8836,66.0,0.0023,52.938867,27.931271,1.0,5.438,182.0,0.0012,4.262612,86.009758,-89.0,11.4469,69.0,0.5481,14.143922,6.456003,19.0,55.8963,7.0,0.5521
40430238.0,100.0,0.0,0.0,0.0,0.0,0.0,0.0,0.0,0.0,0.0,-109.7741856,32.90546823,0.091,6.87,5.85,760.0,1.88,0.305,3.11,0.218,85.2,17.35,142.5,8.7,59.0,4.94,17.15,0.1,4.12,0.049,2.14,40.7,41.5,1.09,797.0,1.57,1.555,15.2,41.3,1010.0,20.1,94.7,0.03,0.65,12.0,0.3,2.1,451.0,0.98,0.05,10.5,0.719,0.384,2.17,149.5,1.74,24.5,96.0,162.0,11711459.54,33452.27886,113348.0,108.175936,28.867396,89.0,2.6254,18.0,0.0053,82.293949,29.636389,71.0,1.4434,186.0,0.0009,86.66723,79.09538,62.0,9.7875,139.0,0.0104,10.387478,3.74043,9.0,52.1653,16.0,0.2362
40430353.0,57.37667871,42.6233211,0.0,0.0,0.0,0.0,0.0,0.0,0.0,0.0,-109.7852851,32.66924378,0.036,8.07,2.2,570.0,1.91,0.39,3.68,0.262,142.0,9.44,39.3,2.44,22.5,4.4,22.5,0.16,0.759,0.148,1.92,66.8,18.0,0.72,899.0,0.86,2.11,17.5,15.05,1030.0,36.5,101.5,0.02,0.26,24.0,0.4,4.04,451.0,1.03,0.02,22.5,0.573,0.381,2.24,98.1,0.817,54.6,80.7,22.5,24295124.84,27049.17773,18097.0,220.524838,47.888342,255.0,3.6137,4.0,0.0004,83.431845,59.955134,1.0,0.7504,240.0,0.0009,-10.625744,82.959668,55.0,9.3437,-31.0,0.0012,16.771526,9.651445,12.0,40.7028,6.0,0.0226
40430352.0,100.0,0.0,0.0,0.0,0.0,0.0,0.0,0.0,0.0,0.0,-109.7459167,32.70526333,0.053,8.06,2.24,580.0,1.9,0.434,3.94,0.319,114.0,13.9,44.0,2.61,37.0,4.75,20.7,0.15,0.784,0.146,1.85,51.2,20.1,1.22,873.0,1.98,1.975,14.25,24.1,1040.0,26.8,92.2,0.02,0.27,28.8,0.5,3.81,445.0,0.79,0.07,8.01,0.586,0.393,1.06,124.5,1.705,68.1,93.8,22.7,7264730.569,16565.62492,57154.0,186.768328,42.215192,255.0,8.86,83.0,0.0043,150.52637,39.254175,255.0,2.3694,4.0,0.0014,-168.098986,86.672032,-200.0,15.7749,-90.0,0.025,13.141608,11.305021,3.0,39.1935,5.0,14.289
40430351.0,41.975453110000004,11.64501985,0.0,0.0,0.0,0.0,4.404073725,0.0,0.0,0.0,-109.728435,32.72716348,0.053,7.93,1.36,500.0,2.15,0.543,4.21,0.268,173.5,13.05,52.1,3.12,24.7,4.91,21.9,0.19,0.898,0.168,1.81,78.9,18.2,0.9,964.0,1.06,2.09,21.9,20.9,1390.0,29.7,95.7,0.02,0.27,32.6,0.3,5.05,468.0,1.63,0.06,22.2,0.738,0.375,3.47,127.0,2.08,100.5,75.3,25.1,3034108.662,12887.35049,22275.0,172.599865,29.390852,170.0,1.5857,100.0,0.0205,127.650347,30.90095,121.0,1.1436,40.0,0.0034,-240.607788,11.830573,-237.0,42.5555,-246.0,0.0033,5.947234,5.262064,3.0,69.9502,12.0,0.0716
40430354.0,8.445936699,7.215300964,0.0,0.0,0.0,0.0,84.33876228,0.0,0.0,0.0,-109.7107891,32.67033648,0.09,6.85,4.4,540.0,2.89,0.665,1.7,0.177,232.0,9.72,67.5,5.09,25.9,4.51,16.8,0.21,2.81,0.1,2.44,110.5,25.8,0.42,794.0,1.94,1.87,39.4,19.65,990.0,28.8,146.5,0.01,0.84,12.35,0.5,5.62,228.0,2.91,0.06,78.7,0.765,0.591,7.03,109.0,2.36,93.6,81.3,86.7,2780508.433,13284.65096,26573.0,109.808302,28.828144,97.0,1.7785,181.0,0.0037,58.673627,22.622747,48.0,2.0429,151.0,0.0037,-248.621016,7.591345,-244.0,29.6369,-247.0,0.0363,23.0,0.0,23.0,100.0,23.0,100.0
40430028.0,100.0,0.0,0.0,0.0,0.0,0.0,0.0,0.0,0.0,0.0,-109.8874048,32.98845951,0.094,6.63,3.94,700.0,1.73,0.361,1.97,0.27,85.7,15.8,136.0,7.01,60.4,4.51,16.85,0.16,3.74,0.061,2.23,42.3,25.2,0.95,802.0,1.95,1.585,18.6,40.3,690.0,21.1,100.0,0.02,0.75,10.7,0.3,2.34,388.0,1.19,0.02,14.15,0.665,0.469,2.23,127.0,1.45,28.5,96.8,133.0,4526434.291,13612.18514,43630.0,115.496081,26.995067,119.0,2.2681,250.0,0.0046,63.01936,22.158796,58.0,2.4923,12.0,0.0023,31.878544,15.503612,35.0,34.8654,12.0,0.0134,10.397024,4.362733,7.0,62.2553,16.0,37.7447
40430031.0,57.96468094,1.504203388,0.0,0.0,0.010808215,0.0,40.5203072,0.0,0.0,0.0,-109.8604992,32.9905303,0.106,7.1,4.15,690.0,2.17,0.417,1.9,0.343,78.8,14.3,101.0,8.72,63.8,3.96,17.5,0.17,3.74,0.069,2.32,37.3,31.9,0.98,710.0,1.49,1.48,18.1,38.2,730.0,22.6,114.0,0.01,0.77,11.15,0.5,2.36,354.0,1.11,0.04,11.65,0.553,0.533,2.1,100.5,1.485,24.1,94.3,135.0,7040134.007,21941.578,68096.0,111.233626,26.01231,119.0,2.5451,236.0,0.0015,61.705081,18.013978,52.0,2.497,4.0,0.0015,100.428674,49.482746,81.0,15.7036,174.0,0.0574,16.0,0.0,16.0,100.0,16.0,100.0
40430029.0,0.0,0.0,0.0,0.0,0.0,0.0,100.0,0.0,0.0,0.0,-109.8385628,32.99351627,0.098,6.8,4.17,700.0,1.96,0.392,3.01,0.336,88.4,14.95,115.0,8.85,69.9,4.09,17.8,0.19,3.75,0.062,2.25,42.4,35.2,1.07,730.0,1.68,1.56,18.95,40.1,780.0,22.0,110.5,0.02,0.75,11.5,0.3,2.3,384.0,1.14,0.05,11.55,0.6,0.482,2.21,109.0,1.415,24.8,91.0,139.0,3096634.748,11313.86178,30004.0,112.439741,25.823512,119.0,2.4912,179.0,0.02,68.679488,17.551663,66.0,2.6944,1.0,0.0033,166.236213,45.40289,174.0,25.6172,230.0,2.5797,16.0,0.0,16.0,100.0,16.0,100.0
40430027.0,66.99981197,31.95085641,0.0,0.0,0.0,0.0,1.049331647,0.0,0.0,0.0,-109.8906954,32.99574019,0.08,6.54,6.36,720.0,1.71,0.347,2.99,0.265,88.2,18.75,168.0,6.42,59.2,5.15,17.75,0.2,4.11,0.068,2.11,44.1,34.6,1.2,861.0,2.12,1.565,20.0,48.6,950.0,21.5,94.4,0.01,0.75,11.8,0.6,2.3,461.0,1.37,0.04,11.3,0.79,0.417,2.26,160.5,1.47,27.3,102.0,149.5,4131347.429,18889.20793,40059.0,130.078434,27.97643,119.0,2.8126,63.0,0.01,57.024448,26.210771,52.0,2.1973,188.0,0.0025,13.952575,15.494293,12.0,25.5937,35.0,0.4911,10.470258,4.380597,7.0,61.4416,16.0,38.5584
40430187.0,100.0,0.0,0.0,0.0,0.0,0.0,0.0,0.0,0.0,0.0,-109.1681742,32.84367302,0.124,6.49,6.98,810.0,1.73,0.286,2.33,0.155,83.9,18.25,130.0,4.18,46.8,5.14,16.2,0.22,4.48,0.064,2.08,40.8,29.4,0.83,709.0,3.56,1.46,17.75,37.8,1020.0,19.35,94.0,0.09,0.8,10.5,0.9,2.35,380.0,1.09,0.21,11.95,0.752,0.45,2.08,155.5,2.82,25.8,92.2,171.5,4851855.13,15492.58615,46116.0,102.143703,28.202875,98.0,2.501,1.0,0.0043,54.693209,37.250532,39.0,1.9017,213.0,0.0043,-149.275606,39.236518,-128.0,19.5593,-161.0,0.1629,3.258289,3.515078,2.0,88.5473,14.0,5.6507
40430194.0,1.569146196,3.386149764,0.0,0.0,0.0,0.0,95.04470443,0.0,0.0,0.0,-109.1209197,32.80740554,0.072,6.47,6.7,870.0,1.59,0.21,3.25,0.147,87.3,18.4,154.5,5.74,43.8,5.64,16.35,0.21,4.53,0.061,1.97,41.6,30.8,0.97,795.0,1.49,1.48,18.3,37.6,1070.0,17.25,91.2,0.04,0.77,10.9,0.7,2.35,337.0,1.09,0.09,11.85,0.88,0.392,2.06,182.5,2.48,26.6,106.5,164.0,1975470.662,8661.904744,18951.0,104.371273,26.693234,101.0,3.4081,42.0,0.0157,25.384412,28.849663,1.0,24.1144,116.0,0.0052,-136.15417,25.976197,-145.0,46.9181,-105.0,0.2053,9.0,0.0,9.0,100.0,9.0,100.0
40430191.0,100.0,0.0,0.0,0.0,0.0,0.0,0.0,0.0,0.0,0.0,-109.1270717,32.8527536,0.103,7.03,7.94,820.0,1.73,0.345,1.76,0.16,83.2,16.0,78.9,5.19,50.0,4.59,17.35,0.22,4.63,0.054,2.27,40.6,30.3,0.83,585.0,3.59,1.465,15.8,32.9,980.0,19.4,107.0,0.14,0.92,10.95,1.1,2.34,324.0,0.95,0.22,10.65,0.631,0.517,1.96,125.5,3.36,24.5,82.0,174.5,21694598.58,40272.63,164536.0,111.384305,34.057985,110.0,1.2841,232.0,0.0005,60.314884,30.843188,52.0,1.2553,245.0,0.001,22.527357,99.396735,85.0,5.3012,-278.0,0.0308,23.930826,7.368297,25.0,32.9234,34.0,0.0909
40430189.0,100.0,0.0,0.0,0.0,0.0,0.0,0.0,0.0,0.0,0.0,-109.1534509,32.83248088,0.106,6.45,6.14,840.0,2.04,0.245,3.59,0.172,89.3,20.5,162.0,5.81,53.7,5.2,17.3,0.23,4.8,0.073,2.12,43.1,38.8,1.09,826.0,1.4,1.365,19.75,46.1,1120.0,19.9,103.5,0.02,0.84,11.4,0.7,2.27,451.0,1.17,0.05,11.9,0.787,0.459,2.28,162.5,3.26,28.5,106.5,177.0,10306043.25,32279.61114,97628.0,106.066907,27.933938,101.0,2.1227,23.0,0.006,39.233684,28.814222,1.0,4.8835,202.0,0.001,-134.922193,56.704488,-83.0,11.0551,-98.0,0.0443,14.438472,9.981584,14.0,51.1427,25.0,0.0351
40430193.0,100.0,0.0,0.0,0.0,0.0,0.0,0.0,0.0,0.0,0.0,-109.1452521,32.80826518,0.102,6.59,6.35,870.0,1.83,0.226,3.68,0.165,88.7,21.8,225.0,4.85,47.6,6.57,17.0,0.23,4.87,0.071,2.05,43.3,31.4,1.05,928.0,1.47,1.565,20.5,45.8,1210.0,18.85,87.7,0.02,0.82,11.35,0.7,3.25,417.0,1.2,0.1,11.2,1.055,0.386,2.21,225.0,2.36,28.1,124.5,180.0,4670446.339,13591.10204,44942.0,99.601353,24.713468,94.0,2.7901,202.0,0.0022,24.240949,30.582283,1.0,22.1996,185.0,0.0022,-193.57757,40.401322,-221.0,24.6132,-173.0,1.8229,5.049215,3.94145,2.0,60.5924,14.0,5.8137
40430192.0,62.90079002,18.5496049685,0.0,0.0,0.0,0.0,0.0,0.0,0.0,0.0,-109.1063215,32.84396786,0.083,6.56,7.48,840.0,2.13,0.249,5.35,0.255,83.7,20.5,178.5,10.45,74.1,5.65,17.2,0.23,4.88,0.073,2.14,42.6,37.9,1.19,805.0,2.08,1.375,17.2,48.5,1320.0,17.75,110.0,0.02,0.93,13.25,0.6,2.35,322.0,1.0,0.08,9.28,0.857,0.443,1.82,174.0,5.69,26.1,113.0,187.0,8641728.024,19598.68047,78275.0,115.001597,34.416114,117.0,1.6121,235.0,0.0024,46.073974,26.949592,1.0,1.8635,169.0,0.0012,-80.483355,79.459656,-140.0,13.3041,-14.0,0.0622,30.691058,5.789902,33.0,51.2263,12.0,0.5863
40430195.0,100.0,0.0,0.0,0.0,0.0,0.0,0.0,0.0,0.0,0.0,-109.1578253,32.82064454,0.086,6.57,5.9,770.0,1.58,0.209,3.03,0.161,89.1,22.0,191.5,4.74,56.0,6.23,16.2,0.22,4.93,0.071,1.97,42.8,31.4,1.13,876.0,1.9,1.51,19.35,49.7,1220.0,18.65,88.4,0.01,0.76,11.75,0.5,2.41,393.0,1.12,0.06,10.85,0.954,0.384,2.04,201.0,2.68,27.0,119.5,181.5,2825868.304,11823.49969,26888.0,116.395306,28.760993,106.0,2.5686,255.0,0.0146,43.487924,37.255672,1.0,6.2839,179.0,0.0037,-184.140551,26.465259,-173.0,31.0949,-128.0,0.5273,4.306678,4.72857,2.0,80.7777,14.0,19.2223
40430196.0,7.466305263,0.012244902,0.0,0.0,0.0,0.0,92.52145026,0.0,0.0,0.0,-109.0891226,32.77735461,0.079,5.94,8.66,760.0,1.64,0.209,4.18,0.152,91.6,21.3,211.0,4.92,44.7,6.59,15.95,0.24,4.97,0.066,1.8,45.9,31.5,0.97,890.0,1.41,1.485,20.8,44.1,1100.0,18.7,85.0,0.01,0.86,11.6,0.5,2.5,379.0,1.22,0.06,10.7,1.06,0.342,2.33,233.0,2.53,27.5,122.0,179.5,5490543.885,17327.6156,53014.0,95.892066,29.070415,98.0,2.0118,6.0,0.0075,18.269281,26.782688,1.0,36.5297,142.0,0.0019,-4.627578,48.93192,-26.0,20.7605,-41.0,0.5337,17.620007,3.497942,21.0,51.7144,14.0,48.2856
40430355.0,100.0,0.0,0.0,0.0,0.0,0.0,0.0,0.0,0.0,0.0,-109.7517844,32.67683925,0.084,8.3,2.81,740.0,2.45,0.296,2.4,0.249,125.5,15.75,34.9,3.42,37.8,3.95,20.5,0.15,0.776,0.099,2.33,56.8,24.0,0.91,946.0,1.12,2.2,13.8,24.9,1180.0,26.0,131.5,0.05,0.34,16.25,0.2,3.28,334.0,0.88,0.08,15.45,0.413,0.491,2.02,82.6,1.27,57.1,92.1,25.1,7551229.028,16753.32385,15794.0,191.464987,40.658217,255.0,1.8581,58.0,0.0014,151.299291,38.443382,133.0,0.2656,2.0,0.0014,-55.417577,41.513817,-71.0,15.1785,57.0,0.1285,6.489152,5.754543,5.0,43.8805,19.0,9.6072
40430356.0,100.0,0.0,0.0,0.0,0.0,0.0,0.0,0.0,0.0,0.0,-109.7212778,32.66299033,0.067,7.73,3.73,520.0,3.72,0.98,2.19,0.176,267.0,11.65,66.5,6.42,29.4,4.43,19.75,0.25,2.37,0.122,2.56,126.0,33.5,0.75,882.0,1.45,2.29,43.2,27.6,1400.0,32.7,174.5,0.02,0.81,16.3,0.6,6.41,252.0,2.94,0.04,82.0,0.706,0.648,8.7,98.2,2.73,107.0,97.1,65.8,4663231.352,22285.80163,44010.0,120.510452,29.601683,126.0,1.8293,23.0,0.0022,74.821109,33.681071,68.0,1.3806,218.0,0.0022,-223.969717,22.594565,-206.0,23.7779,-258.0,0.0173,23.0,0.0,23.0,100.0,23.0,100.0
40430033.0,100.0,0.0,0.0,0.0,0.0,0.0,0.0,0.0,0.0,0.0,-109.7760511,32.9415247,0.079,6.35,4.17,750.0,1.89,0.24,2.97,0.163,91.1,17.4,152.5,4.29,56.5,4.59,17.3,0.21,4.2,0.066,2.13,46.1,27.2,1.06,714.0,1.27,1.55,17.55,50.3,1030.0,19.6,91.4,0.01,0.65,10.85,0.3,2.03,414.0,1.08,0.02,12.4,0.654,0.347,2.31,147.5,1.35,24.5,90.2,159.0,5445716.199,19122.23255,52697.0,113.881227,28.452246,115.0,2.6,1.0,0.0114,59.451921,19.240671,56.0,2.6353,150.0,0.0019,205.756304,83.315323,215.0,18.1867,175.0,0.0668,8.193068,5.246936,4.0,50.6004,7.0,19.2765
40430362.0,92.74740826,7.252591395,0.0,0.0,0.0,0.0,0.0,0.0,0.0,0.0,-109.0999005,32.78021217,0.129,6.23,6.93,780.0,1.74,0.195,4.39,0.127,82.9,19.65,143.5,5.63,41.7,5.14,15.0,0.12,4.52,0.073,2.04,40.7,50.0,1.15,765.0,1.08,1.33,16.85,37.8,1140.0,18.7,102.5,0.02,0.9,10.95,0.7,2.15,455.0,1.05,0.05,10.55,0.796,0.382,2.38,172.0,2.03,28.0,99.7,173.0,910024.8271,5053.838685,8741.0,90.609884,27.052208,81.0,3.1043,39.0,0.0342,12.274843,19.356767,1.0,41.1858,75.0,0.0114,-22.332962,20.018183,-7.0,61.7149,-39.0,4.588,12.519207,3.754461,14.0,86.5382,3.0,13.4618
40430032.0,100.0,0.0,0.0,0.0,0.0,0.0,0.0,0.0,0.0,0.0,-109.8557311,32.96391796,0.073,6.94,3.78,750.0,2.02,0.302,2.37,0.207,102.5,19.45,175.0,4.41,58.8,4.71,18.9,0.23,4.54,0.081,2.15,50.1,24.6,1.2,822.0,1.42,1.725,22.3,62.4,1050.0,19.75,98.0,0.01,0.58,12.15,0.5,2.32,448.0,1.36,0.04,12.25,0.71,0.39,2.21,135.0,1.27,26.2,98.7,166.0,,,,,,,,,,,,,,,,,,,,,,,,,,,
40430035.0,33.55506959,20.757201978500003,0.0,0.0,0.0,0.0,24.93052649,0.0,0.0,0.0,-109.7623771,32.95918168,0.102,6.96,4.82,760.0,2.29,0.33,1.97,0.242,89.4,14.85,110.5,5.65,66.1,4.08,17.7,0.2,4.55,0.063,2.39,43.2,28.8,0.99,644.0,1.67,1.555,18.6,44.8,1080.0,22.2,109.0,0.01,0.78,10.85,0.3,2.12,390.0,1.15,0.05,13.2,0.584,0.448,2.43,117.0,1.56,24.0,92.5,173.5,3765710.149,19941.6586,36395.0,104.925677,35.358175,103.0,1.7834,6.0,0.0164,68.723526,25.85067,62.0,1.8465,167.0,0.0027,143.337979,71.346548,137.0,24.2703,84.0,0.0027,15.53726,2.072219,16.0,95.2055,5.0,1.5616
40430197.0,100.0,0.0,0.0,0.0,0.0,0.0,0.0,0.0,0.0,0.0,-109.1524451,32.75786157,0.062,6.37,5.35,680.0,2.03,0.262,3.42,0.168,108.5,18.7,171.0,4.81,32.0,5.84,16.3,0.09,4.63,0.069,2.06,53.4,31.6,0.91,885.0,1.14,1.58,22.9,36.3,870.0,19.7,94.6,0.02,0.78,10.85,0.3,2.83,390.0,1.49,0.02,14.35,1.01,0.366,2.56,194.0,1.705,34.6,114.5,175.0,9635736.936,25149.78727,92713.0,116.990293,34.542873,110.0,1.5053,222.0,0.0032,68.898901,33.067708,51.0,1.7329,234.0,0.0011,199.322894,158.079123,410.0,12.0118,8.0,0.0368,3.144523,0.376054,3.0,86.0631,7.0,0.1246
40430426.0,100.0,0.0,0.0,0.0,0.0,0.0,0.0,0.0,0.0,0.0,-109.1162083,33.0135369,0.067,8.06,4.93,980.0,2.14,0.19,2.05,0.258,91.7,14.65,55.4,3.42,54.7,4.87,19.75,0.18,4.64,0.063,2.4,45.1,36.6,0.66,993.0,3.13,2.31,19.55,22.0,1330.0,19.6,87.4,0.03,0.37,7.37,0.3,2.01,473.0,1.08,0.05,8.53,0.688,0.283,1.55,104.0,0.963,20.9,100.0,196.5,3156198.797,11530.07606,18729.0,120.161354,43.587395,122.0,0.9512,14.0,0.0033,114.208309,37.453143,103.0,0.7753,5.0,0.0033,98.416734,55.08547,160.0,27.0572,188.0,0.0289,9.846184,6.021377,15.0,50.2156,34.0,1.0749
40430034.0,100.0,0.0,0.0,0.0,0.0,0.0,0.0,0.0,0.0,0.0,-109.7607718,32.94111684,0.1,7.23,4.38,780.0,2.22,0.336,2.34,0.251,97.8,18.0,121.0,4.93,84.9,4.92,19.4,0.22,4.68,0.073,2.29,49.7,26.2,0.98,767.0,1.42,1.605,18.5,45.6,1130.0,23.2,105.5,0.01,0.74,11.7,0.6,2.34,407.0,1.13,0.05,13.25,0.683,0.432,2.34,154.5,1.455,27.8,105.5,178.0,6248280.597,15076.72768,60507.0,106.001355,28.224879,100.0,2.379,228.0,0.0017,68.259692,22.421039,70.0,1.8836,3.0,0.0017,284.391899,67.134675,373.0,18.3299,232.0,0.2702,13.262845,4.036854,16.0,68.244,9.0,6.0442
40430366.0,0.0,100.0000001,0.0,0.0,0.0,0.0,0.0,0.0,0.0,0.0,-109.2165797,32.78827124,0.148,6.79,5.87,610.0,3.05,0.322,1.76,0.254,96.7,13.65,58.6,6.66,38.3,4.54,17.45,0.1,5.58,0.085,2.36,46.7,34.1,0.72,884.0,1.67,1.59,28.8,20.4,950.0,23.3,128.5,0.02,0.68,10.3,0.2,3.22,285.0,1.85,0.05,12.95,0.786,0.482,2.28,108.5,1.73,35.9,110.5,204.0,3228038.98,10371.04346,30817.0,136.323198,35.265873,125.0,1.8146,227.0,0.0064,77.654953,30.146176,66.0,1.7574,190.0,0.0032,174.226719,81.209127,214.0,27.4818,81.0,0.0345,5.126045,3.558207,3.0,69.1421,6.0,10.8528
40430364.0,44.25755278,55.74244735,0.0,0.0,0.0,0.0,0.0,0.0,0.0,0.0,-109.2055501,32.76280002,0.16,7.13,6.29,850.0,2.24,0.246,2.5,0.181,99.3,24.7,182.0,4.34,45.7,6.88,17.1,0.13,5.92,0.079,2.25,49.1,30.3,1.05,1000.0,1.47,1.595,19.05,54.8,1630.0,22.1,113.0,0.02,1.16,13.7,0.3,2.28,402.0,1.05,0.02,11.05,1.02,0.452,1.92,199.0,1.525,30.9,113.5,247.0,5515371.12,15327.67271,52810.0,132.620148,32.391564,136.0,1.7402,20.0,0.0038,78.385817,29.51137,65.0,1.5551,2.0,0.0019,-203.647513,65.939513,-203.0,20.7023,-151.0,0.022,4.561343,2.15584,4.0,46.0803,12.0,4.6766
40430199.0,100.0000368,0.0,0.0,0.0,0.0,0.0,0.0,0.0,0.0,0.0,-109.1738788,32.76245745,0.791,7.32,4.78,860.0,2.18,0.201,2.49,0.206,102.0,23.3,137.5,4.19,44.2,6.49,18.2,0.11,6.04,0.074,2.19,48.7,28.3,1.05,1000.0,1.18,1.715,20.0,49.2,1610.0,20.8,95.4,0.02,0.91,13.55,0.2,2.37,422.0,1.18,0.04,9.65,1.06,0.385,1.8,192.0,1.51,30.5,121.5,254.0,5279970.057,18834.69011,50338.0,119.682804,36.169802,110.0,1.6883,12.0,0.0039,73.686986,42.332939,50.0,1.6735,254.0,0.0039,-9.701605,61.303889,-15.0,16.4236,-203.0,0.1324,5.225779,1.010612,6.0,60.6863,12.0,0.1506
40430198.0,59.7011135,9.578050763,0.0,0.0,0.0,0.0,30.72083601,0.0,0.0,0.0,-109.1606034,32.76326149,0.719,7.0,4.75,850.0,1.96,0.214,2.59,0.18,107.0,24.7,196.0,3.66,46.1,7.63,17.7,0.12,6.1,0.074,2.13,51.7,26.4,1.01,1105.0,1.26,1.72,21.8,53.3,1560.0,21.4,91.1,0.02,0.91,14.0,0.3,2.6,427.0,1.27,0.02,10.6,1.275,0.37,2.03,239.0,1.59,31.3,134.5,254.0,4581872.18,14816.65374,44183.0,120.062762,33.818028,110.0,2.2931,27.0,0.0136,78.146584,37.230846,54.0,1.4,224.0,0.0023,13.236689,55.040599,26.0,23.1999,410.0,0.0597,3.60879,0.804152,3.0,53.2618,5.0,1.5727
40430367.0,100.0,0.0,0.0,0.0,0.0,0.0,0.0,0.0,0.0,0.0,-109.202456,32.79788969,0.125,7.57,5.64,800.0,2.74,0.295,2.25,0.26,90.6,15.75,59.7,7.45,47.9,5.07,19.2,0.12,6.45,0.063,2.52,44.0,33.5,0.77,889.0,2.16,1.88,26.4,23.3,1210.0,22.2,115.5,0.02,0.64,11.55,0.3,2.68,353.0,1.61,0.04,10.25,0.87,0.379,1.87,116.5,1.95,31.4,111.0,254.0,2932831.373,10108.8464,28331.0,139.272987,28.416978,137.0,2.247,48.0,0.0141,68.824086,25.541243,54.0,2.4977,13.0,0.0035,94.160224,85.520876,81.0,37.199,214.0,0.2764,3.0,0.0,3.0,100.0,3.0,100.0
40430363.0,50.49053222,24.7547340675,0.0,0.0,0.0,0.0,0.0,0.0,0.0,0.0,-109.2126692,32.76902928,1.09,7.37,5.64,860.0,2.3,0.227,2.53,0.198,100.5,25.3,166.0,4.7,54.3,7.14,18.6,0.12,6.47,0.081,2.1,50.5,35.5,1.22,1035.0,1.28,1.63,19.55,54.4,1620.0,22.9,102.0,0.02,1.22,15.35,0.5,2.47,399.0,1.12,0.05,9.54,1.05,0.385,1.69,206.0,1.61,30.7,133.5,267.0,4483176.942,14820.74522,41588.0,142.875661,35.488436,149.0,1.6273,3.0,0.0023,76.86916,32.016948,69.0,1.4994,208.0,0.0023,-112.507187,110.939457,-101.0,22.3581,-151.0,0.0271,9.468316,3.549228,12.0,64.1658,2.0,9.5408
40430365.0,68.85721903,15.571390374,0.0,0.0,0.0,0.0,0.0,0.0,0.0,0.0,-109.1996042,32.7884406,1.78,7.24,4.32,820.0,2.75,0.194,2.58,0.254,95.4,22.6,113.5,3.52,44.0,6.67,18.0,0.12,6.59,0.071,2.1,47.2,29.3,1.05,1060.0,1.72,1.75,25.0,38.9,1730.0,26.3,95.3,0.02,1.04,13.4,0.7,2.43,411.0,1.42,0.04,8.48,1.165,0.343,1.65,193.5,1.55,31.4,137.0,272.0,2034754.32,10242.68786,19562.0,136.098149,33.425519,144.0,1.7934,45.0,0.0102,72.302703,31.931246,57.0,1.6077,4.0,0.0051,129.080703,66.874139,152.0,45.8628,94.0,7.2289,6.111089,2.211097,6.0,74.6221,12.0,9.6936
40430357.0,67.48744056,13.29257162,19.21998787,0.0,0.0,0.0,0.0,0.0,0.0,0.0,-109.7198268,32.6487403,0.104,7.57,4.8,510.0,4.47,0.854,1.47,0.343,176.0,12.4,42.1,9.1,42.8,3.46,19.45,0.17,2.14,0.092,2.53,82.0,46.8,0.8,873.0,1.63,1.895,27.9,28.7,1000.0,36.5,183.0,0.03,0.83,12.8,0.5,4.99,197.0,2.07,0.05,53.7,0.473,0.713,7.17,67.0,2.79,67.2,113.0,68.9,3889513.814,15280.56656,34995.0,128.002772,35.21791,126.0,1.4837,34.0,0.0053,84.066998,32.691551,83.0,1.1615,2.0,0.0027,-43.216511,69.245868,14.0,28.9011,-227.0,0.1013,23.0,0.0,23.0,100.0,23.0,100.0
40430359.0,0.0,27.50197109,0.0,0.0,0.0,0.0,72.49802902,0.0,0.0,0.0,-109.7266227,32.63593011,0.106,7.65,4.7,540.0,4.48,0.973,1.7,0.285,178.0,13.45,48.4,9.7,47.0,3.78,19.5,0.17,2.44,0.103,2.64,88.1,48.7,0.9,866.0,1.82,2.11,32.2,34.6,1000.0,36.3,184.0,0.02,1.1,12.8,0.5,5.07,226.0,2.36,0.07,50.9,0.524,0.688,7.77,77.1,3.58,69.2,114.5,75.1,4194690.953,19704.31275,35514.0,165.86014,34.675526,159.0,1.5742,57.0,0.0025,133.017101,44.203755,255.0,1.3474,9.0,0.0025,65.417126,78.229591,146.0,22.3767,-57.0,0.0602,23.0,0.0,23.0,100.0,23.0,100.0
40430361.0,0.0,100.0,0.0,0.0,0.0,0.0,0.0,0.0,0.0,0.0,-109.7151761,32.64021888,0.2,7.41,3.95,580.0,3.76,0.581,1.34,0.214,224.0,9.19,45.4,6.17,29.6,3.41,17.8,0.2,2.57,0.072,2.79,107.5,32.0,0.51,680.0,1.64,2.17,41.1,19.25,700.0,29.9,174.5,0.02,0.78,10.8,0.3,5.08,202.0,2.78,0.05,60.4,0.557,0.669,5.54,74.7,2.33,71.5,84.2,73.3,5193102.867,19938.06965,48950.0,125.448253,33.380946,131.0,1.6971,236.0,0.008,73.752823,31.136239,60.0,1.4794,211.0,0.002,-173.666277,45.264154,-163.0,21.6838,-79.0,0.1284,23.0,0.0,23.0,100.0,23.0,100.0
40430358.0,0.0,1.605617783,0.0,0.0,0.0,0.0,96.78876446,0.0,0.0,0.0,-109.7320235,32.60919595,0.073,7.41,4.61,530.0,3.89,0.927,1.94,0.212,219.0,11.05,52.5,7.56,34.8,3.89,18.9,0.2,3.14,0.109,2.68,106.0,38.9,0.73,772.0,2.5,2.31,44.5,30.4,1080.0,32.1,173.5,0.01,1.31,12.75,0.3,5.7,243.0,3.12,0.07,66.9,0.637,0.639,7.89,89.5,3.71,79.1,93.9,89.2,21835212.09,28967.01116,106555.0,165.019398,39.748121,255.0,1.4725,1.0,0.0005,154.641345,46.363914,255.0,1.8157,2.0,0.0005,-3.63646,65.537501,-40.0,7.9021,90.0,0.0023,18.399504,6.526396,23.0,61.7772,3.0,1.4548
40430037.0,100.0,0.0,0.0,0.0,0.0,0.0,0.0,0.0,0.0,0.0,-109.8332528,32.95485382,0.059,5.0,11.75,750.0,1.41,0.2,5.06,0.15,72.5,11.8,72.6,6.05,27.0,2.96,12.1,0.19,3.42,0.045,1.94,35.6,49.6,1.21,748.0,0.73,1.36,16.0,25.4,1150.0,16.0,75.4,0.02,0.66,8.74,0.7,1.47,489.0,1.0,0.02,9.22,0.58,0.37,2.29,92.9,1.345,24.0,57.4,122.5,1391023.254,8065.110086,13488.0,119.40562,28.457617,122.0,2.77,30.0,0.0222,48.565217,26.424641,1.0,2.2052,138.0,0.0074,289.717573,52.420878,227.0,36.2633,228.0,1.684,5.0,0.0,5.0,100.0,5.0,100.0
40430383.0,0.6901446775,5.212742366,0.0,0.0,51.01232565,0.0,0.0,21.197321341000002,0.0,0.0,-109.5302924,32.71152096,0.092,6.59,2.75,720.0,1.72,0.179,4.08,0.145,80.9,13.6,85.2,4.46,34.4,3.87,16.0,0.13,3.9,0.057,2.16,39.8,55.9,1.15,645.0,0.84,1.585,17.2,32.3,1050.0,16.05,89.8,0.03,0.56,9.47,0.3,1.9,425.0,1.09,0.02,9.8,0.587,0.379,2.65,105.0,1.36,25.5,83.1,145.5,26794405.85,64130.59215,254319.0,97.325245,36.070234,86.0,1.5474,247.0,0.0031,44.002705,31.666397,1.0,7.0917,240.0,0.0004,118.512719,100.718836,214.0,4.2834,68.0,0.0011,11.326798,5.538794,16.0,51.3721,12.0,0.0641
40430377.0,18.24728603333333,29.53502732,15.72311459,0.0,0.0,0.0,0.0,0.0,0.0,0.0,-109.5615768,32.76255519,0.103,6.52,3.45,710.0,1.78,0.222,3.22,0.167,74.5,17.35,160.5,3.18,43.7,4.71,15.65,0.1,4.04,0.063,1.98,37.1,31.5,0.91,693.0,0.99,1.645,15.2,35.6,950.0,19.0,82.0,0.02,0.63,10.35,0.6,2.07,475.0,0.98,0.08,9.22,0.713,0.308,1.85,151.5,1.17,25.6,96.6,151.0,3288479.637,14266.52437,31775.0,100.280724,26.006007,110.0,2.4015,7.0,0.0063,31.414119,16.910352,28.0,3.5093,116.0,0.0031,92.56206,20.406734,98.0,26.3896,94.0,0.2984,5.23794,0.97128,6.0,61.897,4.0,38.103
40430038.0,51.69978574,4.672218456,0.0,0.0,0.0,0.0,43.62799231,0.0,0.0,0.0,-109.8028807,32.92671484,0.094,6.67,10.1,720.0,1.98,0.299,3.61,0.248,76.7,15.7,108.0,16.25,56.7,3.87,17.5,0.22,4.13,0.059,2.27,38.1,126.0,1.37,640.0,1.16,1.65,17.15,43.7,1100.0,20.6,128.5,0.01,0.72,10.8,0.4,2.23,648.0,1.06,0.04,10.35,0.566,0.465,2.2,118.5,3.89,25.3,87.7,150.5,1516203.153,13410.20219,14670.0,109.084049,26.700532,103.0,2.9817,57.0,0.0408,63.425614,19.518279,59.0,2.605,3.0,0.0068,254.024324,63.671148,277.0,28.5552,204.0,0.7464,5.841252,1.460667,7.0,61.3751,4.0,38.6249
40430434.0,48.10359388,44.12994143,7.766464467,0.0,0.0,0.0,0.0,0.0,0.0,0.0,-109.1704434,32.72790482,0.074,6.41,4.85,700.0,1.98,0.251,3.99,0.15,97.5,15.35,115.5,4.63,29.9,4.63,16.75,0.2,4.24,0.073,2.15,48.6,40.8,0.96,728.0,1.28,1.535,23.2,31.0,810.0,19.25,105.0,0.04,0.73,9.82,0.6,2.71,400.0,1.49,0.04,13.05,0.773,0.447,2.79,147.0,1.95,32.6,99.2,156.0,9108030.615,21873.45726,86276.0,101.54139,33.214449,97.0,1.8958,226.0,0.0011,58.544831,24.303353,51.0,2.0261,180.0,0.0011,-107.100165,232.560254,-506.0,12.6174,376.0,0.0868,5.430025,2.277204,4.0,52.736,3.0,1.475
40430384.0,0.0,39.65755145,0.0,0.0,0.0,0.0,60.34244864,0.0,0.0,0.0,-109.5402518,32.7108093,0.076,6.57,2.46,680.0,1.79,0.261,2.56,0.165,105.5,18.35,203.0,3.85,39.2,5.9,17.6,0.17,4.43,0.079,2.2,50.7,46.2,1.06,878.0,1.22,1.715,24.3,37.5,1000.0,19.05,90.9,0.02,0.64,11.25,0.5,2.74,398.0,1.45,0.02,13.15,0.97,0.36,2.68,196.0,1.555,32.4,116.0,163.5,757895.113,5803.355927,7097.0,80.254756,39.288923,45.0,2.7976,138.0,0.0137,35.509622,39.185393,1.0,26.1654,159.0,0.0137,219.10184,36.899119,184.0,50.9198,141.0,0.6265,3.0,0.0,3.0,100.0,3.0,100.0
40430376.0,100.0,0.0,0.0,0.0,0.0,0.0,0.0,0.0,0.0,0.0,-109.5387693,32.78000019,0.092,6.79,3.58,710.0,2.37,0.261,2.71,0.182,95.2,17.15,144.0,3.83,38.6,5.21,16.75,0.12,4.47,0.08,2.22,49.4,26.4,0.84,816.0,2.56,1.64,21.7,32.6,990.0,21.8,99.7,0.02,0.66,10.65,0.5,2.58,397.0,1.38,0.04,15.1,0.81,0.379,2.44,162.5,1.41,34.3,104.0,164.5,7303923.585,20230.17437,70528.0,75.148154,24.120929,69.0,3.8496,210.0,0.0042,41.090921,20.05403,34.0,4.3045,170.0,0.0014,21.279037,40.619644,-4.0,15.7126,23.0,0.151,4.131121,1.421769,3.0,60.7543,5.0,4.6251
40430379.0,100.0,0.0,0.0,0.0,0.0,0.0,0.0,0.0,0.0,0.0,-109.5562728,32.74560216,0.101,6.77,3.07,710.0,1.84,0.23,3.35,0.164,89.9,23.6,199.5,3.63,45.1,6.03,16.8,0.1,4.49,0.083,2.01,43.0,38.7,1.09,999.0,1.11,1.67,18.65,45.0,1080.0,20.8,84.9,0.02,0.61,12.2,0.4,2.48,478.0,1.14,0.07,11.95,0.899,0.348,2.24,204.0,1.385,30.5,119.0,171.5,17709676.93,34880.40633,170637.0,88.490064,27.46832,86.0,2.4131,211.0,0.0018,31.021044,22.663066,1.0,8.509,173.0,0.0006,159.669219,49.589187,158.0,6.4807,38.0,0.0029,6.919537,4.158311,3.0,45.2806,4.0,0.0105
40430385.0,27.50490152,12.761323408,0.0,9.733775008,0.0,0.0,0.0,0.0,0.0,0.0,-109.5169124,32.72783504,0.077,6.63,3.19,700.0,2.04,0.308,2.41,0.179,107.5,18.5,172.0,3.27,37.6,6.42,18.35,0.17,4.52,0.085,2.27,51.9,29.9,0.81,894.0,1.91,1.765,26.7,34.5,960.0,20.6,92.5,0.02,0.72,10.85,0.3,3.03,395.0,1.7,0.04,15.1,1.07,0.401,2.56,209.0,1.6,32.7,121.5,165.5,4612232.343,15284.65768,44372.0,86.200284,24.434157,86.0,3.0926,2.0,0.0135,45.857313,23.421694,33.0,3.0614,171.0,0.0022,192.399807,90.619507,180.0,17.6566,101.0,0.1053,3.656681,1.809529,3.0,80.4563,12.0,3.7972
40430378.0,100.0,0.0,0.0,0.0,0.0,0.0,0.0,0.0,0.0,0.0,-109.5469568,32.76166893,0.102,6.88,3.12,740.0,2.08,0.305,3.06,0.253,81.8,21.9,187.0,3.83,57.7,5.81,17.45,0.1,4.54,0.077,2.08,41.0,36.3,1.06,848.0,1.48,1.64,17.65,43.8,1050.0,23.2,88.5,0.02,0.68,12.1,0.3,2.49,481.0,1.08,0.07,10.7,0.853,0.363,2.12,193.5,1.255,28.5,121.5,170.5,1470437.643,7973.849589,14227.0,105.382582,27.505216,95.0,2.6146,31.0,0.0211,30.985532,15.341327,25.0,3.1603,94.0,0.007,110.094393,6.882464,111.0,45.1668,80.0,0.1651,5.836063,0.548633,6.0,91.8032,4.0,8.1968
40430381.0,0.24802981699999999,0.0,0.0,0.0,1.246611749,0.0,0.0,98.2573287,0.0,0.0,-109.5298385,32.7397215,0.179,6.76,3.26,720.0,1.74,0.244,3.18,0.163,86.5,26.7,247.0,3.35,48.8,6.78,17.65,0.11,4.6,0.082,1.98,41.4,35.4,1.07,998.0,1.59,1.73,19.35,49.7,1030.0,20.8,81.3,0.02,0.56,12.65,0.5,2.5,510.0,1.18,0.05,12.85,1.02,0.325,2.17,240.0,1.285,30.4,130.0,173.0,642992.6044,4699.803183,6230.0,80.400321,24.480843,74.0,3.4831,20.0,0.0321,20.468548,19.47594,1.0,24.1129,98.0,0.0161,291.170805,31.450462,311.0,67.1904,222.0,4.6512,12.0,0.0,12.0,100.0,12.0,100.0
40430039.0,38.58285018,39.447591,0.0,0.0,21.96955849,0.0,0.0,0.0,0.0,0.0,-109.7803152,32.91553908,0.101,7.45,4.98,810.0,2.35,0.359,2.42,0.308,98.6,18.5,120.5,9.5,75.7,4.73,19.35,0.23,4.74,0.083,2.45,48.9,41.9,1.01,763.0,1.75,1.725,18.75,46.4,1180.0,24.6,124.0,0.01,0.83,12.15,0.7,2.34,454.0,1.15,0.07,12.65,0.645,0.491,2.37,141.5,2.19,28.9,107.0,177.5,2316076.746,11957.80446,22382.0,101.241801,24.954466,90.0,2.6711,48.0,0.0268,69.851461,21.313027,67.0,1.8702,7.0,0.0045,150.477551,87.240556,94.0,32.58,111.0,3.8745,8.304276,1.598336,9.0,53.4477,16.0,2.6147
40430432.0,100.0,0.0,0.0,0.0,0.0,0.0,0.0,0.0,0.0,0.0,-109.1974783,32.82960337,0.074,7.6,3.07,840.0,1.64,0.245,2.5,0.203,86.5,15.65,90.8,4.4,47.0,4.33,18.25,0.2,4.93,0.056,2.34,43.9,24.7,0.83,683.0,1.53,1.855,17.95,34.4,800.0,18.45,96.3,0.02,0.63,10.5,0.4,2.12,424.0,1.09,0.02,9.83,0.686,0.384,1.83,121.0,1.31,26.1,84.5,201.0,2525360.092,11876.91998,24422.0,140.727868,28.903426,145.0,1.9815,198.0,0.0041,54.781775,18.417771,50.0,2.7323,137.0,0.0041,90.339435,78.119216,175.0,24.9237,-159.0,0.4777,7.558425,3.168392,6.0,80.5197,14.0,19.4803
40430374.0,99.99999958,0.0,0.0,0.0,0.0,0.0,0.0,0.0,0.0,0.0,-109.484001,32.80860964,0.133,7.91,5.55,670.0,2.91,0.538,1.57,0.566,98.2,15.85,91.4,6.84,82.0,4.6,19.9,0.11,5.05,0.086,2.63,47.4,39.6,0.88,850.0,1.59,1.34,22.9,32.7,850.0,30.5,132.5,0.02,0.89,12.85,0.6,3.04,292.0,1.57,0.1,15.05,0.615,0.552,2.5,111.5,1.955,35.4,120.0,181.0,1155229.227,8372.397616,11158.0,73.792257,21.725393,69.0,4.7585,169.0,0.009,41.100027,15.803391,34.0,4.2852,9.0,0.0089,123.166842,36.637347,87.0,35.6005,103.0,0.7265,4.439692,1.04538,5.0,76.7538,2.0,9.5383
40430382.0,100.0,0.0,0.0,0.0,0.0,0.0,0.0,0.0,0.0,0.0,-109.5199007,32.71472298,0.114,7.22,4.09,560.0,3.44,0.232,3.54,0.241,93.1,12.75,36.3,7.72,31.8,3.46,18.2,0.11,5.09,0.068,2.61,45.0,95.5,1.57,739.0,0.9,1.165,20.5,26.3,1290.0,19.95,149.0,0.03,0.59,10.75,0.3,2.64,283.0,1.35,0.05,12.6,0.42,0.524,2.69,73.2,1.53,35.7,103.5,189.5,752601.0973,6142.814318,7105.0,94.123434,33.909987,97.0,3.8787,169.0,0.0273,60.999858,41.148139,31.0,1.9194,182.0,0.0138,286.162431,13.791099,274.0,52.306,182.0,0.2017,12.917581,5.529027,16.0,76.2891,3.0,23.7109
40430372.0,100.0,0.0,0.0,0.0,0.0,0.0,0.0,0.0,0.0,0.0,-109.4446806,32.80470686,0.085,6.55,5.03,670.0,2.53,0.343,2.01,0.192,103.5,17.4,153.5,4.26,43.9,6.02,17.3,0.12,5.1,0.087,2.34,51.5,28.7,0.67,903.0,3.05,1.63,28.9,29.4,740.0,22.5,113.0,0.02,0.74,10.45,0.5,3.18,344.0,1.75,0.05,15.75,0.986,0.405,2.48,185.5,1.61,38.0,129.0,190.5,788118.4918,4913.163258,7617.0,120.141,26.536374,117.0,2.5072,70.0,0.0394,55.153128,14.787198,53.0,3.6404,11.0,0.0131,-88.841605,36.162878,-106.0,60.9668,-55.0,0.4628,16.0,0.0,16.0,100.0,16.0,100.0
40430373.0,100.0,0.0,0.0,0.0,0.0,0.0,0.0,0.0,0.0,0.0,-109.4536758,32.81354553,0.079,6.86,4.82,650.0,2.84,0.392,2.09,0.241,99.6,16.55,154.0,4.49,46.5,5.57,18.0,0.11,5.14,0.081,2.48,48.8,31.5,0.7,852.0,1.84,1.75,31.6,30.3,600.0,23.8,123.5,0.02,0.75,10.5,0.2,3.55,350.0,1.98,0.07,15.9,0.871,0.444,2.83,169.0,1.69,41.1,124.0,177.0,688449.3093,5323.046199,6588.0,101.146934,26.969641,100.0,2.4379,170.0,0.015,56.399696,23.40481,45.0,2.7262,14.0,0.015,68.890274,10.653902,69.0,90.5677,-22.0,0.3227,13.129394,4.589525,16.0,71.6081,7.0,12.6253
40430371.0,100.0,0.0,0.0,0.0,0.0,0.0,0.0,0.0,0.0,0.0,-109.462624,32.80479805,0.08,6.9,4.08,740.0,2.81,0.33,2.54,0.247,100.0,17.75,144.5,3.81,40.1,5.92,18.1,0.12,5.14,0.08,2.41,49.5,30.3,0.72,909.0,1.75,1.805,30.4,30.2,880.0,23.1,108.5,0.02,0.63,10.8,0.6,3.16,391.0,3.39,0.02,12.4,0.971,0.388,2.23,182.5,1.9,38.4,122.5,193.5,1090513.261,6157.636953,10572.0,114.585036,28.325403,126.0,3.0263,202.0,0.0284,54.586423,19.99385,50.0,2.8439,127.0,0.0095,35.871174,26.521531,50.0,55.9729,103.0,0.0278,7.523909,4.625244,5.0,77.0554,16.0,22.9446
40430433.0,15.70110649,25.11762306,0.0,0.0,0.0,0.0,59.18127033,0.0,0.0,0.0,-109.1917687,32.82422638,0.073,7.5,3.34,830.0,1.9,0.223,2.39,0.19,94.9,16.2,77.0,4.89,47.9,4.45,18.8,0.18,5.52,0.073,2.35,46.5,28.0,0.84,731.0,1.99,1.855,22.0,34.7,970.0,18.35,100.0,0.02,0.53,10.75,0.6,2.28,401.0,1.31,0.04,9.68,0.698,0.367,1.78,116.5,1.27,28.0,92.1,224.0,6013203.634,22487.67001,56731.0,138.385221,30.440296,141.0,1.9465,59.0,0.0052,68.505074,26.064867,59.0,1.8614,178.0,0.0017,-46.244356,78.176797,-159.0,16.852,26.0,0.1112,9.844672,4.257776,14.0,42.8476,2.0,0.8003
40430368.0,15.22598065,1.86143624,0.0,0.0,82.91258296,0.0,0.0,0.0,0.0,0.0,-109.4709364,32.78681958,0.093,7.36,4.24,780.0,2.69,0.336,1.93,0.256,88.9,12.05,52.1,4.42,51.8,4.09,17.4,0.11,5.64,0.059,2.65,43.5,28.6,0.72,737.0,1.8,1.755,22.6,18.85,1150.0,22.6,117.0,0.02,0.63,9.89,0.2,2.64,322.0,1.42,0.06,11.3,0.641,0.426,2.02,87.9,1.375,30.5,98.4,221.0,678164.0591,6362.751547,6571.0,96.864252,25.537851,89.0,5.3376,146.0,0.0304,41.435595,15.647016,35.0,4.5302,4.0,0.0153,-43.886401,71.537478,-94.0,59.3223,-95.0,7.6579,5.0,0.0,5.0,100.0,5.0,100.0
40430375.0,23.57466973,30.077979569,0.0,0.723294285,0.0,0.0,15.54607689,0.0,0.0,0.0,-109.4842474,32.79353692,0.083,7.34,4.12,790.0,2.55,0.302,2.64,0.223,109.0,18.3,133.5,3.47,40.8,6.11,18.9,0.14,5.78,0.079,2.44,53.5,28.4,0.78,938.0,1.96,1.955,28.1,30.1,1130.0,22.6,103.5,0.02,0.58,11.8,0.6,3.11,400.0,1.71,0.05,16.25,0.994,0.355,2.42,182.5,1.455,38.2,123.5,225.0,14238894.47,43421.62009,137395.0,107.104029,34.237434,82.0,1.4849,226.0,0.0007,52.66971,21.770756,46.0,2.3734,179.0,0.0007,45.848128,78.884536,137.0,8.0635,-106.0,0.0185,8.150136,4.98687,5.0,53.6922,2.0,0.3558
40430431.0,100.0,0.0,0.0,0.0,0.0,0.0,0.0,0.0,0.0,0.0,-109.2249557,32.81343912,0.059,7.55,4.05,780.0,2.46,0.243,1.97,0.223,104.5,14.15,77.4,4.93,43.1,4.59,19.35,0.19,5.8,0.075,2.68,48.8,30.0,0.75,785.0,1.84,1.87,26.8,29.2,1000.0,19.95,112.0,0.02,0.78,9.61,0.4,2.81,388.0,1.63,0.04,10.55,0.742,0.391,1.98,102.5,1.655,30.7,99.1,231.0,4405742.343,14199.66687,37936.0,154.889577,36.143453,159.0,1.4807,250.0,0.0117,81.799271,26.977264,80.0,1.4845,177.0,0.0023,-60.276268,44.447031,-68.0,20.4258,147.0,0.0874,6.887851,4.874356,3.0,53.4837,12.0,10.241
40430428.0,19.86497175,34.3880498,0.0,0.0,0.0,0.0,11.35892761,0.0,0.0,0.0,-109.2243725,32.8090706,0.071,7.81,7.0,860.0,2.33,0.264,1.98,0.249,93.8,15.55,61.2,11.5,48.6,4.25,19.4,0.19,6.14,0.067,2.59,44.1,39.6,0.8,727.0,1.48,1.72,21.0,31.4,1140.0,19.3,115.0,0.02,1.61,10.95,0.4,2.3,415.0,1.23,0.04,9.11,0.688,0.417,1.61,97.6,1.905,27.4,95.0,256.0,5100317.095,13553.89971,47306.0,139.722784,37.713552,132.0,1.6657,43.0,0.002,77.716378,26.650137,66.0,1.5408,5.0,0.002,96.334261,88.805034,163.0,22.3251,-82.0,2.2313,3.103026,0.442082,3.0,94.8487,5.0,5.1513
40430429.0,0.0,42.969239,0.0,0.0,0.0,0.0,57.03076096,0.0,0.0,0.0,-109.2253753,32.77627251,3.84,7.35,3.67,880.0,2.56,0.156,2.88,0.364,95.6,21.3,96.0,2.89,42.7,6.16,20.0,0.2,6.18,0.078,2.17,44.9,27.2,1.11,1040.0,1.36,1.91,24.0,37.7,2020.0,30.2,87.0,0.02,1.33,13.1,0.5,2.5,444.0,1.36,0.02,7.62,1.075,0.328,1.54,171.0,1.51,29.8,137.5,264.0,3967004.356,15146.94578,36558.0,128.037639,36.823059,114.0,1.5476,18.0,0.0052,74.281402,29.419942,59.0,1.6266,2.0,0.0026,-11.963735,75.832894,-10.0,28.91,197.0,0.1302,10.203936,3.574506,12.0,79.7444,6.0,0.898
40430427.0,20.2770671,43.32485038,0.0,0.0,36.39808177,0.0,0.0,0.0,0.0,0.0,-109.2446685,32.77322774,0.115,7.75,2.72,920.0,1.85,0.169,3.18,0.175,105.0,25.3,148.0,2.09,41.2,7.94,21.2,0.22,6.82,0.076,2.08,50.3,20.6,1.31,1195.0,1.79,2.02,28.4,45.1,2230.0,17.35,75.4,0.02,0.45,14.9,0.7,2.54,508.0,1.55,0.02,8.32,1.42,0.262,1.62,233.0,1.08,32.7,143.0,298.0,13934689.55,21579.64544,130266.0,134.414398,40.895391,114.0,1.4841,26.0,0.0045,76.285893,28.135888,65.0,1.6035,216.0,0.0007,-21.576508,76.423808,99.0,8.3217,-158.0,0.0015,5.037697,4.151039,2.0,55.2512,3.0,2.1851
40430369.0,100.0,0.0,0.0,0.0,0.0,0.0,0.0,0.0,0.0,0.0,-109.4605199,32.78793781,0.071,7.03,3.75,820.0,2.71,0.315,1.75,0.227,137.0,16.8,151.0,2.89,33.4,6.58,19.1,0.17,6.9,0.081,2.65,68.7,24.2,0.52,1060.0,2.52,2.15,39.3,31.5,1260.0,24.1,106.5,0.02,0.55,10.5,0.4,3.73,304.0,2.2,0.04,23.1,1.08,0.335,2.77,182.0,1.51,42.1,137.0,279.0,17756969.48,31045.63278,170508.0,130.659869,38.781765,118.0,1.4433,9.0,0.0029,67.485449,28.893181,56.0,1.7224,229.0,0.0006,23.413719,61.241026,40.0,6.4635,-7.0,0.0655,8.423408,4.105452,7.0,50.4613,16.0,21.9471
40430450.0,28.195621985000002,1.209870936,0.0,0.0,0.0,0.0,42.39888506,0.0,0.0,0.0,-109.711537,32.61884016,0.132,7.31,3.94,590.0,3.51,0.606,1.33,0.195,170.5,8.57,42.2,6.37,32.5,3.21,18.6,0.28,2.51,0.077,2.77,80.2,30.6,0.56,668.0,1.29,2.12,34.4,20.9,790.0,26.6,153.5,0.03,0.79,10.55,0.5,4.64,208.0,2.55,0.04,36.5,0.53,0.66,4.67,71.5,2.58,57.9,81.0,73.6,2202915.26,9976.334251,20753.0,118.042114,31.342206,106.0,2.01,51.0,0.0047,90.668643,41.459249,68.0,1.1648,4.0,0.0047,-85.598633,22.876507,-87.0,37.3652,-163.0,0.0505,23.0,0.0,23.0,100.0,23.0,100.0
40430452.0,0.0,33.333333273,0.0,0.0,0.0,0.0,0.0,0.0,0.0,0.0,-109.7001545,32.59281406,0.093,7.24,4.27,590.0,3.8,0.502,1.15,0.166,216.0,8.06,48.7,5.18,26.2,3.47,18.45,0.34,2.76,0.078,2.79,103.5,29.5,0.44,726.0,1.47,2.14,47.5,17.95,600.0,25.5,152.5,0.02,0.78,10.25,0.8,5.07,184.0,3.29,0.05,44.0,0.598,0.607,4.88,77.2,2.61,64.2,81.2,79.7,1356103.042,8892.202764,12900.0,121.344264,33.266866,123.0,2.1896,181.0,0.0153,94.01745,39.583922,83.0,1.0749,2.0,0.0076,-88.807658,21.496579,-78.0,40.5617,-65.0,1.326,23.0,0.0,23.0,100.0,23.0,100.0
40430451.0,11.26257529925,16.20452488933333,0.0,5.40082792,0.0,0.0,0.0,0.935296303,0.0,0.0,-109.7015617,32.60739367,0.098,6.63,3.73,550.0,3.45,0.494,1.28,0.145,203.0,7.02,46.7,4.63,24.2,3.16,17.8,0.32,2.83,0.063,2.58,98.4,24.2,0.37,563.0,1.46,2.1,43.8,16.45,610.0,23.6,137.0,0.02,0.87,9.91,0.4,5.03,194.5,3.25,0.02,43.3,0.589,0.586,4.73,77.8,2.62,63.6,67.2,79.1,4889333.241,15931.20092,46660.0,124.607137,29.951159,126.0,2.0499,42.0,0.0106,66.268683,34.040357,56.0,1.4213,209.0,0.0021,-155.340203,41.303308,-144.0,21.3931,-204.0,0.184,23.0,0.0,23.0,100.0,23.0,100.0
40430460.0,0.0,28.45959682,0.0,12.80102082,0.0,0.0,0.0,30.27978544,0.0,0.0,-109.6624648,32.60240187,0.118,6.65,4.12,540.0,3.16,0.529,1.3,0.151,171.0,8.24,47.0,5.82,30.1,3.23,17.75,0.28,3.12,0.072,2.49,85.0,29.2,0.49,600.0,1.82,1.84,39.2,18.65,670.0,24.5,140.0,0.03,0.99,10.15,0.3,4.44,202.0,2.67,0.07,46.2,0.561,0.576,5.27,80.2,2.7,54.2,78.9,95.0,9261660.853,22102.80754,88347.0,116.798386,28.923653,111.0,1.7908,210.0,0.0034,38.965255,25.58743,1.0,2.4958,161.0,0.0011,-141.442268,96.686284,-150.0,12.2625,-72.0,0.0033,23.0,0.0,23.0,100.0,23.0,100.0
40430455.0,39.70240775,0.0,0.0,20.59518508,0.0,0.0,0.0,0.0,0.0,0.0,-109.7224555,32.53283312,0.067,7.3,3.63,530.0,4.27,1.095,1.67,0.29,241.0,10.15,39.2,9.14,40.1,3.96,21.3,0.36,3.13,0.131,2.69,113.0,41.0,0.62,880.0,3.48,2.3,53.6,21.5,1420.0,32.4,161.5,0.02,1.02,13.3,0.5,6.17,233.0,3.61,0.06,51.4,0.645,0.579,8.47,81.7,4.17,77.3,106.5,81.2,2138778.049,8604.809411,19190.0,175.271652,43.764694,255.0,5.2604,89.0,0.0097,69.908811,35.690592,1.0,1.5661,184.0,0.0048,57.832294,26.229451,45.0,37.8178,1.0,9.6116,23.0,0.0,23.0,100.0,23.0,100.0
40430454.0,37.11401742,62.33611469,0.0,0.0,0.0,0.0,0.549868199,0.0,0.0,0.0,-109.7104781,32.54291647,0.066,7.66,3.54,570.0,4.26,1.97,1.67,0.232,213.0,9.57,34.2,8.83,40.6,3.72,21.0,0.32,3.21,0.117,2.85,100.0,37.1,0.6,796.0,3.27,2.4,50.7,21.1,1210.0,31.1,163.5,0.03,1.01,11.7,0.6,5.74,252.0,3.36,0.05,54.0,0.629,0.58,8.37,79.7,3.83,69.3,94.9,88.0,640555.9355,4350.505371,5999.0,182.038506,50.638073,255.0,12.0876,78.0,0.0483,104.158924,41.664358,90.0,1.1331,3.0,0.0162,97.002685,6.390866,94.0,67.5932,72.0,2.0689,23.0,0.0,23.0,100.0,23.0,100.0
40430453.0,20.9536366785,0.0,0.0,4.122568545,0.0,0.0,0.0,7.940316156,0.0,0.0,-109.6972207,32.57134243,0.081,7.57,3.97,570.0,3.82,0.759,1.57,0.177,194.0,8.98,35.1,7.48,39.1,3.66,20.0,0.3,3.28,0.094,2.79,90.2,34.9,0.54,713.0,2.17,2.28,49.4,19.0,1060.0,27.7,154.5,0.02,0.97,11.05,0.6,5.33,246.0,3.33,0.04,55.7,0.636,0.548,7.03,78.0,3.72,63.2,92.1,91.7,14751234.93,35192.4592,116367.0,165.744696,49.704441,255.0,5.9042,36.0,0.0028,91.805306,46.118791,82.0,0.7327,244.0,0.0021,63.212505,59.811312,61.0,8.2132,45.0,0.0062,23.0,0.0,23.0,100.0,23.0,100.0
40430437.0,0.0,0.0,100.0,0.0,0.0,0.0,0.0,0.0,0.0,0.0,-109.2957366,32.81053328,0.049,6.56,3.03,316.0,4.71,0.364,0.77,0.141,139.0,5.59,32.5,4.43,23.3,2.45,21.5,0.22,3.36,0.083,3.26,73.2,28.2,0.3,573.0,1.66,2.04,40.8,10.95,230.0,19.5,193.5,0.02,0.49,4.87,0.3,4.31,139.5,2.78,0.02,18.2,0.326,0.436,3.06,48.3,1.535,53.9,82.0,92.6,4292503.622,13915.1985,35644.0,121.618814,32.211416,108.0,1.4861,246.0,0.0024,101.544648,30.341395,99.0,1.2597,13.0,0.0024,0.161181,78.342599,131.0,22.3748,-93.0,0.0142,14.675471,3.188477,16.0,85.283,7.0,14.717
40430438.0,0.0,74.1547276,0.0,0.0,25.84527246,0.0,0.0,0.0,0.0,0.0,-109.3012572,32.82321774,0.054,6.78,3.9,470.0,3.43,0.453,0.97,0.172,113.5,7.95,49.8,4.27,25.6,2.88,18.8,0.21,3.53,0.077,2.88,54.1,31.0,0.4,614.0,1.98,1.88,34.5,15.35,290.0,22.2,153.0,0.02,0.58,6.46,0.4,3.34,187.5,2.32,0.02,13.5,0.46,0.527,2.52,65.2,1.745,38.0,84.3,102.0,4176436.448,11875.49795,38019.0,127.480128,30.585631,128.0,1.7653,210.0,0.0074,88.226112,30.306156,82.0,1.3484,3.0,0.0025,-4.505322,33.647369,-9.0,25.4407,60.0,0.0873,9.492126,4.027213,7.0,72.3097,16.0,27.6903
40430387.0,74.42198315,7.062151722,0.0,0.0,0.0,0.0,18.51586506,0.0,0.0,0.0,-109.8411957,33.14690161,0.067,7.27,3.89,950.0,2.1,0.304,1.8,0.254,96.2,14.65,86.6,5.16,42.4,3.35,17.55,0.16,3.72,0.062,2.25,46.7,30.4,0.91,870.0,1.33,1.6,20.7,41.1,880.0,20.7,100.5,0.04,0.82,9.84,0.5,2.02,352.0,1.36,0.02,11.6,0.532,0.461,2.35,75.3,1.57,24.5,76.4,142.5,4444004.114,14229.93151,29978.0,110.832377,43.065249,113.0,1.0123,231.0,0.0023,102.678581,32.136515,90.0,1.0218,10.0,0.0023,207.903914,153.184873,60.0,23.7657,107.0,1.9263,4.797779,0.740089,5.0,85.2844,7.0,2.3023
40430456.0,0.187917841,69.22719866,0.0,0.0,26.85331887,0.0,3.731564411,0.0,0.0,0.0,-109.6715166,32.55867893,0.083,6.7,4.4,580.0,3.07,0.53,1.14,0.141,139.5,8.32,50.0,5.14,27.3,3.39,17.5,0.27,3.85,0.074,2.68,71.5,27.6,0.32,603.0,1.56,1.795,39.8,17.55,390.0,23.6,141.5,0.02,1.14,9.26,0.5,3.85,207.0,2.74,0.04,44.5,0.611,0.612,5.7,87.5,3.12,44.0,68.5,116.5,1017051.099,8839.71032,9741.0,107.004722,39.00351,79.0,2.3975,186.0,0.0102,55.435585,25.604662,32.0,1.6193,153.0,0.0102,53.754897,14.06392,60.0,62.275,3.0,0.1491,23.0,0.0,23.0,100.0,23.0,100.0
40430459.0,27.071298184333333,12.59080306,0.0,0.0,0.0,0.0,6.195302682,0.0,0.0,0.0,-109.6498621,32.58531766,0.102,6.84,4.48,610.0,3.08,0.505,1.28,0.163,137.0,8.63,51.4,5.46,30.3,3.77,17.5,0.27,3.95,0.088,2.67,68.5,28.0,0.37,639.0,1.66,1.78,35.5,18.2,480.0,22.5,137.5,0.02,1.21,9.82,0.5,3.96,230.0,2.44,0.02,42.4,0.67,0.562,5.71,94.7,2.84,45.5,75.7,128.0,2875593.946,16048.24429,27714.0,114.669878,26.738298,101.0,2.6497,40.0,0.0216,29.442027,18.221393,1.0,3.5055,107.0,0.0036,-182.595166,63.530071,-217.0,35.769,-150.0,0.0035,23.0,0.0,23.0,100.0,23.0,100.0
40430435.0,97.38305745,2.616942948,0.0,0.0,0.0,0.0,0.0,0.0,0.0,0.0,-109.2947503,32.81484745,0.066,7.04,3.96,470.0,3.67,0.415,0.97,0.249,129.5,9.38,52.3,4.91,30.8,3.09,20.5,0.2,3.97,0.091,2.99,59.0,32.2,0.45,730.0,2.1,1.88,36.0,18.6,350.0,25.5,162.5,0.03,0.65,6.98,0.3,3.98,184.5,2.37,0.04,15.9,0.463,0.602,2.81,66.5,1.935,42.6,94.0,121.5,2784747.297,10781.80837,25853.0,131.986655,32.282563,119.0,1.6273,220.0,0.0074,94.333295,27.933113,91.0,1.4986,11.0,0.0037,7.741816,71.006006,23.0,31.9802,-118.0,0.0036,9.647284,3.513055,7.0,60.1434,5.0,0.2898
40430388.0,0.0,59.47612747,0.0,0.0,36.90943271,0.0,0.0,3.614440706,0.0,0.0,-109.8286974,33.10733849,0.047,7.06,2.82,860.0,2.08,0.275,2.24,0.199,147.0,19.35,171.5,3.79,44.2,5.2,18.3,0.21,4.13,0.085,2.41,71.0,30.5,1.14,1170.0,1.63,1.885,31.5,53.5,1320.0,19.85,101.0,0.02,0.65,11.95,0.7,2.59,380.0,1.86,0.02,14.35,0.922,0.383,2.59,136.5,1.395,29.2,101.0,150.0,7858178.917,20236.49492,41650.0,110.220576,46.955011,103.0,0.6609,220.0,0.0013,92.678208,38.35365,89.0,0.6042,224.0,0.0013,175.404808,66.137881,155.0,25.2954,205.0,0.1761,17.04167,3.815913,16.0,74.2689,5.0,4.2195
40430043.0,99.87053815,0.0,0.0,0.129461826,0.0,0.0,0.0,0.0,0.0,0.0,-109.7141443,32.99635999,0.086,7.8,3.03,900.0,1.56,0.22,2.89,0.185,65.7,19.5,115.5,2.62,97.7,4.36,18.8,0.2,4.14,0.052,2.02,31.3,21.3,1.33,731.0,1.13,1.93,13.15,57.5,1150.0,17.05,64.3,0.01,0.44,11.75,0.5,1.59,609.0,0.76,0.02,9.6,0.609,0.254,1.69,123.0,0.92,19.4,81.6,162.5,2770167.448,9936.227384,25237.0,134.333241,40.472155,127.0,1.6338,33.0,0.0037,90.277307,36.926041,69.0,1.4545,1.0,0.0037,-63.209883,18.581818,-64.0,39.13,-49.0,1.1459,9.500503,4.245713,9.0,61.8161,19.0,14.4847
40430445.0,100.0,0.0,0.0,0.0,0.0,0.0,0.0,0.0,0.0,0.0,-109.2151783,32.89825556,0.09,7.06,5.93,750.0,2.09,0.265,3.26,0.21,77.5,15.8,63.5,8.38,61.3,3.72,17.55,0.17,4.26,0.06,2.29,37.9,41.8,1.23,693.0,1.22,1.48,15.95,39.0,990.0,19.65,103.0,0.03,0.86,10.65,0.4,1.89,405.0,0.99,0.08,9.61,0.52,0.482,2.16,97.5,1.84,23.9,98.6,164.0,3276100.196,13916.05632,31293.0,123.580865,34.789556,109.0,2.1316,237.0,0.0063,59.981062,29.82907,54.0,2.2882,166.0,0.0032,-136.606773,92.488178,-130.0,32.2839,23.0,0.1268,9.532652,3.122543,11.0,81.4524,21.0,0.0914
40430466.0,100.0,0.0,0.0,0.0,0.0,0.0,0.0,0.0,0.0,0.0,-109.3161945,32.76870654,0.089,7.24,4.95,510.0,4.06,0.377,2.43,0.326,84.3,9.39,52.3,6.77,47.5,3.05,19.85,0.22,4.35,0.087,2.72,41.5,46.9,0.86,578.0,1.55,1.475,27.7,24.0,580.0,26.1,151.5,0.05,0.82,8.55,0.7,3.32,277.0,1.92,0.05,14.0,0.406,0.549,2.52,69.4,1.795,39.2,107.0,134.5,1189777.384,6574.407949,11367.0,110.949943,33.745372,106.0,1.9127,208.0,0.0261,83.325821,32.484485,77.0,1.5049,5.0,0.0087,-178.558693,21.979929,-157.0,40.3964,-129.0,0.017,12.00322,4.471775,16.0,55.5913,7.0,44.4087
40430444.0,0.0,100.0,0.0,0.0,0.0,0.0,0.0,0.0,0.0,0.0,-109.2181117,32.89357129,0.093,7.04,5.01,690.0,1.89,0.343,4.64,0.362,87.0,17.7,68.4,16.4,88.9,3.98,17.4,0.18,4.45,0.079,2.06,37.7,43.0,1.3,792.0,2.1,1.3,15.25,40.1,930.0,19.55,119.5,0.04,0.84,11.9,0.7,2.03,466.0,0.97,0.06,9.7,0.547,0.615,2.05,94.8,2.05,23.5,102.5,179.0,2375980.876,9990.892469,22911.0,132.619571,36.659664,146.0,1.9908,40.0,0.0087,58.855998,22.170515,54.0,2.5954,4.0,0.0043,-110.924553,21.487342,-131.0,42.7688,-223.0,0.0512,11.830133,6.184249,11.0,69.6846,25.0,14.7971
40430386.0,0.00494754,0.0,0.0,0.0,99.99505194,0.0,0.0,0.0,0.0,0.0,-109.8583186,33.14039772,0.063,7.65,3.23,970.0,1.88,0.293,2.2,0.246,127.5,20.0,66.4,3.11,49.3,5.08,19.7,0.19,4.47,0.066,2.19,56.4,26.3,0.95,984.0,1.68,1.965,23.9,39.7,1520.0,21.5,85.4,0.03,0.73,11.0,0.5,2.24,440.0,1.46,0.02,14.95,0.874,0.358,2.4,128.0,1.375,27.7,97.8,177.0,3395831.945,10342.4806,22840.0,124.787303,33.695865,142.0,1.1906,214.0,0.003,90.812058,24.897067,80.0,1.1517,7.0,0.003,311.54855,199.963208,439.0,27.3398,464.0,2.8104,4.710029,4.056958,3.0,75.8949,16.0,11.163
40430389.0,85.76929981,14.23070041,0.0,0.0,0.0,0.0,0.0,0.0,0.0,0.0,-109.8380952,33.12315677,0.05,7.93,3.4,1010.0,2.27,0.227,2.72,0.201,121.5,21.2,183.5,3.21,51.4,4.66,19.05,0.17,4.57,0.069,2.45,57.6,33.5,1.57,1185.0,1.71,1.955,29.8,73.7,1590.0,19.55,91.9,0.03,0.51,11.95,0.4,2.22,471.0,1.86,0.02,14.45,0.78,0.346,2.61,115.0,1.38,27.0,89.2,173.0,14685617.74,28904.44634,82160.0,124.004978,39.188345,115.0,0.7912,227.0,0.0014,94.25239,32.793882,87.0,0.7964,220.0,0.0007,246.463268,156.771108,297.0,7.8031,60.0,0.0771,10.821749,5.495328,16.0,52.951,7.0,0.1872
40430457.0,41.10214709,0.0,58.89785335,0.0,0.0,0.0,0.0,0.0,0.0,0.0,-109.6757795,32.5729451,0.082,7.21,4.82,570.0,3.33,0.667,1.48,0.158,194.0,10.2,48.7,6.44,40.4,4.92,20.4,0.31,4.58,0.091,2.63,98.6,31.7,0.44,773.0,3.23,1.8,45.1,22.4,770.0,27.4,147.0,0.02,1.41,11.65,0.6,5.33,233.0,3.02,0.04,89.3,0.775,0.579,9.58,118.5,3.51,62.3,99.4,139.0,908032.1135,7637.920684,8725.0,112.695587,31.514333,112.0,2.3747,50.0,0.0228,43.77548,22.979011,28.0,2.391,125.0,0.0114,-31.729369,38.137386,3.0,50.7852,-161.0,0.0111,23.0,0.0,23.0,100.0,23.0,100.0
40430473.0,100.0,0.0,0.0,0.0,0.0,0.0,0.0,0.0,0.0,0.0,-109.3993395,32.76601423,0.081,6.87,3.79,680.0,2.7,0.319,1.87,0.217,90.4,10.55,55.4,4.39,42.5,3.71,18.75,0.23,4.68,0.07,2.57,44.8,27.9,0.67,628.0,2.0,1.74,25.8,19.9,860.0,20.8,114.0,0.03,0.69,9.12,0.4,2.96,305.0,1.61,0.07,11.85,0.595,0.444,2.19,89.4,1.55,32.0,88.8,166.5,4897065.183,19005.62074,47024.0,114.236964,29.859027,114.0,1.9907,20.0,0.0063,59.861056,22.837373,55.0,2.1358,173.0,0.0021,66.439897,22.953384,80.0,18.245,-70.0,0.1075,4.655931,0.481411,5.0,65.2895,7.0,0.1012
40430436.0,51.59989499,0.0,0.0,24.13720123,0.0,0.0,0.0,0.125702487,0.0,0.0,-109.2820999,32.79374245,0.064,6.92,4.28,580.0,3.05,0.345,1.39,0.193,104.0,12.1,49.8,4.33,33.1,4.18,20.2,0.2,4.69,0.096,2.61,49.2,29.8,0.58,720.0,2.09,1.79,33.8,17.95,810.0,21.5,126.0,0.02,0.67,8.97,0.5,3.44,291.0,2.11,0.04,11.95,0.761,0.496,2.35,98.8,1.58,35.5,99.4,167.0,10956927.71,23428.71195,98839.0,139.157782,36.0687,131.0,1.4548,51.0,0.0038,93.705625,27.594441,100.0,1.4061,215.0,0.0009,-33.025467,75.757675,-85.0,10.4845,-11.0,0.0194,8.083945,4.461024,5.0,65.2363,7.0,0.3615
40430042.0,86.4741413,13.52585866,0.0,0.0,0.0,0.0,0.0,0.0,0.0,0.0,-109.7482063,32.97748294,0.098,7.49,4.35,890.0,2.27,0.269,2.25,0.164,104.0,18.3,136.5,4.67,76.3,4.75,19.05,0.24,4.69,0.071,2.47,50.9,27.2,0.99,771.0,1.44,1.815,19.6,52.0,1020.0,23.9,111.5,0.01,0.69,11.2,0.4,2.24,476.0,1.18,0.02,12.85,0.664,0.393,2.47,149.5,1.455,27.0,95.2,182.0,4130265.691,11729.74103,39723.0,114.855474,35.995332,97.0,2.7688,228.0,0.0075,75.446369,29.449958,67.0,2.0122,211.0,0.0025,91.711314,24.662415,84.0,27.6965,138.0,0.3132,13.474919,4.625998,16.0,77.0447,5.0,22.9553
40430471.0,100.0000007,0.0,0.0,0.0,0.0,0.0,0.0,0.0,0.0,0.0,-109.3540097,32.75549741,0.068,6.58,3.58,590.0,2.97,0.316,1.57,0.171,108.5,11.2,77.5,3.81,30.3,4.48,19.2,0.23,4.74,0.067,2.72,51.8,28.0,0.52,796.0,1.79,1.905,35.6,19.8,730.0,22.1,122.0,0.02,0.73,8.58,0.6,3.64,269.0,2.21,0.02,14.3,0.784,0.462,2.51,115.5,1.66,38.5,103.0,160.5,18903233.43,33292.49786,179437.0,118.695241,33.200802,113.0,1.4957,10.0,0.0033,86.706725,32.464329,76.0,1.2691,3.0,0.0005,-100.801884,73.794357,-176.0,6.0767,-30.0,0.0048,12.675087,5.031584,16.0,68.3081,5.0,2.8216
40430441.0,22.060605327333334,7.925120179,25.89306388,0.0,0.0,0.0,0.0,0.0,0.0,0.0,-109.2846841,32.87340275,0.077,7.29,3.93,780.0,1.87,0.249,2.22,0.185,98.2,17.4,76.6,4.22,46.6,3.96,18.0,0.19,4.92,0.058,2.07,44.7,30.4,0.89,782.0,1.12,1.405,16.8,38.8,820.0,19.85,95.7,0.04,0.69,11.05,0.3,2.06,313.0,1.01,0.02,10.6,0.577,0.413,1.97,95.4,1.465,26.9,88.7,199.5,2350657.169,9063.174636,21749.0,156.229252,40.350616,157.0,1.5678,240.0,0.0044,63.689116,24.634943,58.0,1.9819,149.0,0.0044,322.781747,220.576834,585.0,38.4884,-94.0,0.7325,20.537476,6.083661,17.0,74.7323,31.0,25.2677
40430475.0,100.0,0.0,0.0,0.0,0.0,0.0,0.0,0.0,0.0,0.0,-109.3759145,32.80183341,0.083,6.81,4.43,730.0,2.4,0.346,2.0,0.203,97.6,13.15,79.8,3.62,50.8,4.82,19.1,0.25,4.94,0.069,2.45,47.9,23.2,0.63,770.0,2.96,1.85,29.0,21.9,930.0,21.1,102.5,0.02,0.69,10.2,0.8,3.01,326.0,1.71,0.08,13.25,0.843,0.401,2.29,130.0,1.5,32.7,108.5,194.5,9779199.464,19493.37289,92166.0,143.059675,38.723187,135.0,1.3461,24.0,0.0032,85.373322,30.971257,68.0,1.4707,8.0,0.0011,-63.055449,65.23121,-151.0,11.6345,-20.0,0.8781,10.378481,5.293575,16.0,46.6596,7.0,12.2961
40430439.0,100.0,0.0,0.0,0.0,0.0,0.0,0.0,0.0,0.0,0.0,-109.2913374,32.86669866,0.079,7.33,3.91,720.0,1.82,0.263,1.88,0.213,92.6,16.25,71.9,4.61,42.9,3.95,18.05,0.18,4.94,0.069,2.06,43.7,30.0,0.88,766.0,1.57,1.25,17.1,36.7,720.0,18.95,100.0,0.04,0.76,11.55,0.4,2.16,283.0,1.1,0.04,10.85,0.571,0.463,2.05,90.0,1.525,27.7,89.9,194.0,5200640.211,16675.927,48763.0,157.762484,41.439031,152.0,1.4846,33.0,0.0099,63.846498,22.632174,56.0,2.0441,149.0,0.002,443.598882,217.571896,465.0,20.127,345.0,0.1791,19.389629,5.239894,17.0,82.6741,25.0,0.6
40430443.0,95.25875126,0.0,0.0,0.0,0.0,0.0,0.0,4.741250738,0.0,0.0,-109.2415671,32.89551841,0.064,7.68,3.42,840.0,1.72,0.231,2.98,0.215,83.1,16.4,83.0,3.86,51.9,4.41,17.6,0.18,4.98,0.064,2.22,40.5,23.6,0.97,700.0,1.21,1.635,16.2,37.0,920.0,17.35,85.8,0.03,0.56,10.7,0.4,1.84,412.0,0.98,0.02,8.6,0.652,0.357,1.6,109.0,1.305,25.1,82.3,205.0,7852600.938,15241.7479,74957.0,136.106181,36.328091,131.0,1.4375,35.0,0.0039,60.00738,24.22156,50.0,2.1628,167.0,0.0013,-232.774586,72.416017,-264.0,14.6303,-130.0,0.0052,22.130166,7.831424,31.0,29.911,21.0,16.2593
40430472.0,19.75956589,77.26510403,0.0,0.0,0.0,0.0,2.975330119,0.0,0.0,0.0,-109.3808736,32.76745055,0.082,6.8,3.72,690.0,2.65,0.352,2.39,0.213,107.5,15.05,95.8,4.15,47.0,5.29,20.0,0.26,5.13,0.082,2.47,53.1,27.9,0.74,829.0,1.85,1.755,30.8,26.2,1130.0,22.4,107.5,0.03,0.72,10.75,0.6,3.28,339.0,1.82,0.05,13.65,0.875,0.423,2.28,147.0,1.625,36.9,114.5,192.5,8391046.623,20368.15635,80685.0,123.629398,32.751872,114.0,1.9143,35.0,0.0074,72.062874,29.261808,62.0,1.8117,230.0,0.0012,24.413083,75.247895,3.0,23.5725,69.0,0.1665,5.329825,1.532394,4.0,53.7301,16.0,0.1873
40430476.0,100.0,0.0,0.0,0.0,0.0,0.0,0.0,0.0,0.0,0.0,-109.3984332,32.81571866,0.088,6.7,4.77,590.0,4.5,0.405,2.12,0.216,77.7,10.25,66.4,5.75,37.1,3.33,19.9,0.22,5.2,0.08,2.58,36.4,35.5,0.71,632.0,1.59,1.545,41.5,20.6,600.0,24.6,159.0,0.03,0.72,7.74,0.6,4.8,307.0,2.98,0.06,16.05,0.523,0.636,3.19,88.5,1.8,43.5,93.7,152.5,3470226.218,9102.946012,33227.0,118.353237,38.117099,108.0,1.6886,224.0,0.0089,92.20895,34.931109,79.0,1.2392,12.0,0.003,-86.54129,32.296435,-55.0,31.5757,-75.0,1.0067,6.536461,0.843925,7.0,76.823,5.0,23.177
40430469.0,100.0,0.0,0.0,0.0,0.0,0.0,0.0,0.0,0.0,0.0,-109.342069,32.80401937,0.086,7.16,3.76,630.0,2.82,0.319,1.93,0.256,96.0,10.15,55.5,5.06,37.2,3.56,18.9,0.22,5.24,0.089,2.63,46.4,30.7,0.76,690.0,1.13,1.53,25.5,19.15,770.0,21.3,122.0,0.03,0.69,8.96,0.4,2.93,281.0,1.6,0.04,13.55,0.536,0.517,2.34,77.9,1.595,32.6,99.6,188.5,2703659.192,9278.827814,24610.0,116.648476,41.433403,110.0,1.5826,245.0,0.0114,104.179125,35.595472,92.0,1.2183,5.0,0.0038,57.506386,61.066531,124.0,37.3198,-101.0,0.0225,16.0,0.0,16.0,100.0,16.0,100.0
40430442.0,100.0,0.0,0.0,0.0,0.0,0.0,0.0,0.0,0.0,0.0,-109.2737848,32.88749303,0.069,7.53,3.87,810.0,1.98,0.242,2.06,0.205,98.7,17.55,73.6,4.47,44.8,4.1,18.55,0.19,5.28,0.072,2.13,45.5,30.5,0.93,796.0,1.04,1.395,17.0,40.3,860.0,19.1,102.0,0.03,0.69,11.85,0.4,2.14,307.0,1.06,0.02,11.3,0.6,0.45,2.04,96.4,1.515,27.7,91.3,207.0,9440411.765,19332.37553,85178.0,166.159137,41.255851,255.0,2.5927,55.0,0.0055,73.662938,23.899919,65.0,1.9562,195.0,0.0011,96.411243,169.476758,151.0,12.0561,247.0,0.0247,26.500646,4.797498,31.0,47.0321,17.0,9.5351
40430474.0,100.0,0.0,0.0,0.0,0.0,0.0,0.0,0.0,0.0,0.0,-109.386178,32.7748247,0.076,6.9,4.09,720.0,2.48,0.326,2.06,0.203,103.5,15.2,86.8,4.26,51.1,5.35,19.3,0.25,5.53,0.089,2.44,50.0,25.5,0.73,820.0,1.54,1.68,30.3,25.7,1230.0,20.9,99.7,0.03,0.66,10.75,0.7,3.14,328.0,1.8,0.02,16.4,0.895,0.391,2.41,144.0,1.59,36.0,111.5,208.0,16142617.1,33915.74859,154727.0,123.571956,34.271929,114.0,1.7887,13.0,0.0038,82.338069,30.715856,68.0,1.5552,226.0,0.0006,-10.420194,82.675369,-62.0,7.0479,-129.0,0.1248,8.720558,5.101967,16.0,32.041,7.0,21.6517
40430468.0,99.99999913,0.0,0.0,0.0,0.0,0.0,0.0,0.0,0.0,0.0,-109.342025,32.79369039,0.07,7.41,3.56,910.0,2.24,0.272,2.55,0.224,97.8,13.4,50.0,3.37,44.1,4.26,19.45,0.24,5.91,0.066,2.65,47.4,24.6,0.69,702.0,1.25,1.85,24.8,19.7,1430.0,19.8,102.0,0.03,0.56,9.83,0.6,2.46,368.0,1.47,0.04,13.5,0.746,0.367,2.12,98.1,1.35,32.6,89.9,241.0,702222.872,4602.539604,6801.0,161.12557,43.134012,255.0,1.676,68.0,0.0147,68.069561,24.936695,52.0,1.8603,6.0,0.0148,-84.728493,32.131124,-101.0,78.4209,-3.0,8.4007,16.0,0.0,16.0,100.0,16.0,100.0
40430467.0,24.76074698,75.23912762,0.0,0.0,0.0,0.0,0.0,0.0,0.0,0.0,-109.3405014,32.78850032,0.082,7.88,4.41,790.0,2.97,0.245,2.09,0.209,99.2,15.1,49.8,4.57,49.3,4.71,20.8,0.25,6.04,0.07,2.43,45.0,31.4,0.82,781.0,1.39,1.585,25.1,23.7,1240.0,18.75,101.0,0.03,0.65,12.7,0.5,2.55,318.0,1.51,0.04,10.5,0.72,0.384,1.97,93.6,1.54,32.1,101.0,245.0,1550953.57,7215.800574,14763.0,147.548872,40.05122,255.0,1.7618,64.0,0.02,101.166498,29.637581,91.0,1.8363,6.0,0.0067,-137.251322,23.052133,-142.0,61.6324,-101.0,0.7705,11.918779,4.480471,16.0,54.6531,7.0,45.3469
40430049.0,26.37003824,73.62995967,0.0,0.0,0.0,0.0,0.0,0.0,0.0,0.0,-109.7086994,32.88946755,0.199,7.63,3.29,650.0,1.15,0.601,3.12,0.21,49.5,14.0,69.1,2.51,767.0,4.43,17.65,0.19,1.96,0.079,1.7,23.1,19.7,1.01,624.0,5.9,2.12,9.46,21.9,780.0,18.2,57.1,0.02,0.47,9.26,1.1,1.51,550.0,0.59,0.18,5.53,0.496,0.358,1.19,113.5,1.515,15.6,82.5,67.5,826299.8115,9766.968513,7997.0,174.224209,28.431506,181.0,3.0762,90.0,0.0125,68.746329,17.548278,67.0,2.6233,19.0,0.0126,-71.887433,7.020335,-79.0,47.146,-58.0,1.2739,17.883593,0.993202,17.0,55.8203,19.0,44.1797
40430279.0,100.0,0.0,0.0,0.0,0.0,0.0,0.0,0.0,0.0,0.0,-109.7062598,32.90207037,0.143,7.75,3.54,640.0,1.34,0.499,2.56,0.305,54.5,13.75,69.4,2.5,177.5,4.5,16.7,0.08,2.29,0.071,1.76,25.2,18.1,0.9,653.0,2.37,2.08,9.75,21.0,750.0,20.9,62.8,0.03,0.61,9.93,0.8,1.61,520.0,0.66,0.14,6.39,0.535,0.357,1.36,117.0,1.215,17.35,89.8,75.7,1128807.086,10840.07492,10898.0,175.055974,30.048361,158.0,2.453,233.0,0.0182,93.843845,55.904078,255.0,5.5974,224.0,0.0092,-28.51738,30.58395,-44.0,38.3085,-66.0,1.7739,17.0,0.0,17.0,100.0,17.0,100.0
40430278.0,100.0,0.0,0.0,0.0,0.0,0.0,0.0,0.0,0.0,0.0,-109.7211386,32.8891516,0.12,7.32,4.08,640.0,1.41,0.509,2.83,0.201,84.0,18.2,162.0,2.83,106.5,6.75,17.25,0.12,2.98,0.105,1.74,41.5,23.6,0.84,877.0,1.9,2.01,14.2,31.6,750.0,21.8,73.4,0.02,0.63,11.9,0.5,2.14,528.0,0.9,0.14,11.25,0.832,0.354,1.89,199.0,1.335,24.5,106.5,107.5,1095917.436,10127.20509,10614.0,182.506689,25.026892,189.0,3.5519,248.0,0.0094,66.360812,16.158634,63.0,2.8895,20.0,0.0094,-72.815477,17.592112,-66.0,33.9014,-79.0,3.0493,18.96705,0.254588,19.0,98.3525,17.0,1.6475
40430464.0,49.999999986,0.0,0.0,0.0,0.0,0.0,0.0,0.0,0.0,0.0,-109.654007,32.54591484,0.081,6.53,4.35,600.0,3.3,0.56,1.14,0.186,175.0,7.54,46.1,5.19,25.8,3.23,16.9,0.29,3.12,0.096,2.71,87.4,28.3,0.31,617.0,2.06,1.99,48.8,14.85,400.0,23.4,137.5,0.03,1.03,9.95,0.5,5.22,205.0,3.37,0.04,56.1,0.619,0.572,6.58,80.9,3.21,60.0,65.2,88.2,1968865.669,14516.38524,18644.0,96.428181,36.273051,67.0,1.9407,236.0,0.0264,58.105484,30.231548,38.0,1.6597,174.0,0.0053,73.25521,40.980832,109.0,30.3562,80.0,0.0308,23.0,0.0,23.0,100.0,23.0,100.0
40430392.0,54.7276294,15.090790167,0.0,0.0,0.0,0.0,0.0,0.0,0.0,0.0,-109.8150811,33.08667751,0.062,6.42,3.46,580.0,2.3,0.31,2.04,0.278,85.9,10.8,39.1,5.75,50.8,2.71,16.55,0.14,3.3,0.056,2.43,38.7,31.8,0.83,808.0,1.69,1.605,20.7,22.4,650.0,20.7,120.5,0.05,0.61,8.46,0.3,2.14,283.0,1.37,0.02,11.6,0.423,0.483,2.65,66.5,1.49,24.7,74.5,115.5,7062376.332,17531.45097,53161.0,119.729181,43.369056,103.0,0.9249,235.0,0.0015,122.398915,41.149205,135.0,0.7937,252.0,0.0044,105.358799,39.67718,55.0,16.2678,140.0,0.0815,15.831189,7.155405,23.0,40.8584,7.0,11.7234
40430463.0,100.0,0.0,0.0,0.0,0.0,0.0,0.0,0.0,0.0,0.0,-109.6453634,32.54468576,0.094,7.06,4.94,570.0,3.6,0.594,1.18,0.212,169.5,8.91,44.0,6.69,33.0,3.63,18.8,0.31,3.32,0.101,2.67,81.4,32.6,0.47,656.0,1.89,1.77,41.5,19.35,660.0,26.3,141.0,0.02,1.07,11.0,0.2,5.03,205.0,2.83,0.02,49.2,0.564,0.607,5.76,81.3,3.34,60.3,81.8,99.1,417461.0678,4654.272162,4009.0,99.769768,28.477184,98.0,4.2558,25.0,0.0498,38.274627,17.643744,31.0,2.7054,94.0,0.0248,-45.67971,27.724086,-63.0,70.7488,-7.0,1.5217,23.0,0.0,23.0,100.0,23.0,100.0
40430465.0,10.955765472500001,0.0,0.0,78.08846929,0.0,0.0,0.0,0.0,0.0,0.0,-109.6610523,32.55213279,0.077,7.05,4.52,570.0,4.14,0.582,1.36,0.14,208.0,7.85,47.6,5.58,23.7,3.61,19.25,0.35,3.37,0.11,2.53,100.5,32.6,0.39,646.0,2.86,2.07,54.7,16.2,510.0,23.8,135.0,0.03,1.03,11.8,0.7,5.96,218.0,3.63,0.05,77.6,0.638,0.567,8.53,85.6,3.79,75.4,71.4,90.9,1510242.421,8576.59469,14506.0,108.567214,28.957519,83.0,2.5019,44.0,0.0137,53.140202,23.282882,54.0,2.011,127.0,0.0069,42.483629,27.236847,51.0,48.2156,-7.0,3.85,23.0,0.0,23.0,100.0,23.0,100.0
40430048.0,49.99999981,0.0,0.0,0.0,0.0,0.0,0.0,0.0,0.0,0.0,-109.702062,32.88623805,0.108,7.47,5.94,810.0,1.62,0.397,2.78,0.28,79.4,15.05,144.5,8.34,75.5,5.11,19.15,0.22,3.43,0.091,2.16,39.9,33.0,0.83,785.0,2.06,2.15,17.7,34.0,740.0,23.9,101.5,0.01,0.63,11.1,0.6,2.23,522.0,1.07,0.09,12.75,0.744,0.365,2.12,158.5,3.18,24.0,103.0,121.0,4576967.832,16472.41092,44271.0,126.795961,25.118278,106.0,2.8595,216.0,0.0136,68.34016,21.81168,60.0,2.2259,151.0,0.0023,-47.162443,33.278282,-63.0,25.8512,-59.0,0.1259,17.0,0.0,17.0,100.0,17.0,100.0
40430044.0,0.0,0.52592441,0.0,0.0,99.47407607,0.0,0.0,0.0,0.0,0.0,-109.7445191,32.90050384,0.068,6.71,4.56,620.0,1.31,0.318,4.78,0.208,85.8,25.1,247.0,2.81,58.8,7.7,19.9,0.25,3.46,0.097,1.41,42.7,26.2,1.23,1040.0,1.42,1.735,16.85,51.3,990.0,20.7,54.8,0.01,0.6,14.25,0.8,2.42,566.0,0.94,0.04,10.55,0.987,0.243,2.01,250.0,1.37,24.9,129.5,126.5,577691.0418,5445.253193,5596.0,185.803967,27.248309,179.0,3.1451,119.0,0.0357,55.084269,14.20933,54.0,3.5632,1.0,0.0178,-70.379286,9.111064,-79.0,50.9097,-89.0,0.7698,12.948424,3.433808,11.0,75.6447,19.0,24.3553
40430239.0,96.06234528,3.937655128,0.0,0.0,0.0,0.0,0.0,0.0,0.0,0.0,-109.6787832,32.52485418,0.073,6.73,4.06,570.0,3.48,0.549,1.13,0.178,211.0,7.95,42.4,6.3,19.2,3.98,16.8,0.17,3.52,0.097,2.7,104.5,29.5,0.35,828.0,1.81,1.885,53.0,15.25,450.0,26.7,144.0,0.02,0.93,11.1,0.5,5.89,191.0,3.67,0.04,83.4,0.666,0.536,8.2,78.2,3.57,74.4,76.1,88.8,2378755.514,8413.401226,20662.0,155.692673,36.778717,128.0,1.4425,46.0,0.0131,71.971195,31.115538,57.0,1.554,191.0,0.0044,106.014277,16.684476,92.0,35.4748,80.0,8.6764,23.0,0.0,23.0,100.0,23.0,100.0
40430242.0,6.967836545,93.0321641,0.0,0.0,0.0,0.0,0.0,0.0,0.0,0.0,-109.6553502,32.50314291,0.106,6.95,4.34,600.0,2.79,0.788,1.23,0.161,108.5,9.75,40.4,7.16,34.1,3.41,16.25,0.13,3.53,0.055,2.67,53.4,33.9,0.4,597.0,1.58,1.735,23.6,21.9,570.0,25.9,162.5,0.02,1.21,9.08,0.2,3.29,236.0,2.17,0.07,25.1,0.623,0.631,3.96,86.7,2.62,35.8,72.6,130.5,957848.8379,8674.126795,9155.0,109.269579,31.93052,125.0,2.9045,21.0,0.0325,53.819915,26.100747,38.0,2.4128,137.0,0.0109,69.142887,24.187171,88.0,36.26,92.0,5.287,23.0,0.0,23.0,100.0,23.0,100.0
40430462.0,42.35756817,57.64243164,0.0,0.0,0.0,0.0,0.0,0.0,0.0,0.0,-109.6444884,32.5248955,0.067,7.28,5.07,610.0,4.28,0.807,1.06,0.267,198.0,8.02,33.0,8.58,33.7,3.35,20.4,0.34,3.82,0.102,3.35,85.1,33.6,0.5,705.0,2.67,1.965,62.3,17.85,820.0,33.5,201.0,0.02,1.02,11.95,0.6,6.56,195.5,4.44,0.06,69.2,0.639,0.755,10.3,71.0,5.29,74.0,99.1,99.4,4560104.098,17252.516,43432.0,107.326303,33.404121,97.0,1.6812,1.0,0.0023,62.006705,31.71641,57.0,1.5058,176.0,0.0023,73.914087,38.059063,66.0,20.6412,82.0,0.3459,23.0,0.0,23.0,100.0,23.0,100.0
40430047.0,100.0,0.0,0.0,0.0,0.0,0.0,0.0,0.0,0.0,0.0,-109.7652275,32.90026831,0.074,7.33,4.62,750.0,1.47,0.405,3.9,0.169,87.4,23.0,216.0,3.55,55.6,6.85,18.85,0.22,3.88,0.087,1.69,42.5,26.1,1.19,996.0,1.7,2.09,17.75,48.4,1040.0,28.6,64.9,0.01,0.61,13.0,0.7,2.47,634.0,1.03,0.04,8.7,0.938,0.269,1.84,224.0,1.635,26.4,121.5,139.5,22870248.51,50772.77854,218895.0,151.492432,50.513343,255.0,7.6967,27.0,0.0018,68.81241,32.939924,63.0,1.8246,253.0,0.0023,21.174073,80.640109,29.0,6.5337,118.0,0.0071,10.218754,5.781615,3.0,20.9664,21.0,5.4237
40430393.0,99.96140117,0.0,0.0,0.0,0.0,0.0,0.03859796,0.0,0.0,0.0,-109.8257145,33.09042226,0.055,6.63,3.36,810.0,1.8,0.28,2.09,0.2,139.0,17.85,143.0,3.95,41.2,4.79,17.2,0.21,3.89,0.066,2.26,67.1,27.9,1.09,987.0,2.08,1.745,30.2,50.6,1180.0,20.1,98.5,0.02,0.61,10.95,0.4,2.48,359.0,1.8,0.02,12.95,0.854,0.395,2.51,121.5,1.415,28.8,95.2,142.5,6863625.165,16842.12417,42118.0,101.209958,41.235059,85.0,0.9627,222.0,0.0015,81.616806,34.019182,70.0,0.8518,194.0,0.0015,171.700221,55.692134,180.0,16.0371,185.0,0.0604,22.839019,1.049263,23.0,97.7003,16.0,2.2997
40430481.0,100.0,0.0,0.0,0.0,0.0,0.0,0.0,0.0,0.0,0.0,-109.2524751,32.71846219,0.065,6.75,3.43,610.0,2.18,0.301,2.84,0.177,95.7,13.5,114.5,4.17,27.3,4.91,17.2,0.2,3.93,0.074,2.27,51.7,26.2,0.74,710.0,1.07,1.425,21.6,27.4,530.0,19.85,95.3,0.01,0.7,10.25,0.6,2.76,312.0,1.51,0.04,13.65,0.747,0.392,2.22,131.0,1.615,31.3,96.8,143.0,2181450.325,11857.59446,20845.0,122.513696,41.756979,116.0,2.0786,248.0,0.0047,77.003733,30.540269,60.0,1.6864,189.0,0.0047,-165.917139,26.50387,-181.0,28.6551,-108.0,0.0465,3.595441,1.614186,5.0,45.3843,11.0,1.1563
40430045.0,10.08723543,79.66667952,0.0,0.0,0.0,0.0,10.24608505,0.0,0.0,0.0,-109.7556347,32.9056168,0.092,6.83,4.39,730.0,1.71,0.378,4.62,0.29,82.5,19.55,169.5,4.08,83.5,5.26,18.0,0.2,4.05,0.079,1.8,40.5,34.4,1.26,772.0,2.48,1.705,16.75,44.1,1070.0,22.1,74.5,0.02,0.7,12.05,0.6,2.23,517.0,1.07,0.1,9.89,0.745,0.348,2.07,162.5,1.67,25.9,106.5,144.5,393125.2971,5829.626705,3808.0,126.323792,23.970766,126.0,3.5714,193.0,0.0525,70.607058,15.966433,73.0,3.7398,7.0,0.0263,-30.731814,16.16827,-35.0,44.8771,-61.0,15.5482,10.454212,0.890893,11.0,72.7106,9.0,27.2894
40430241.0,31.7130824265,36.57383486,0.0,0.0,0.0,0.0,0.0,0.0,0.0,0.0,-109.6636078,32.49692492,0.158,7.69,4.18,640.0,2.93,0.828,1.5,0.144,101.0,9.43,31.5,8.88,38.7,3.34,17.15,0.11,4.23,0.05,2.95,50.1,36.8,0.44,539.0,1.34,2.21,23.0,22.5,800.0,26.4,189.0,0.01,1.22,8.78,0.1,2.99,296.0,2.06,0.02,26.5,0.655,0.687,4.36,84.7,2.75,35.3,69.7,155.0,4129792.326,21687.36061,37337.0,115.851782,42.936411,97.0,1.9318,222.0,0.0025,76.724784,29.687351,52.0,1.429,2.0,0.0025,85.081298,38.070232,92.0,22.7302,88.0,0.23,23.0,0.0,23.0,100.0,23.0,100.0
40430461.0,100.0,0.0,0.0,0.0,0.0,0.0,0.0,0.0,0.0,0.0,-109.6652305,32.51635732,0.049,6.99,4.53,540.0,4.49,0.786,1.03,0.197,251.0,6.99,31.0,7.52,23.4,3.81,20.0,0.36,4.26,0.124,3.41,104.5,28.5,0.43,701.0,2.86,2.08,77.0,15.1,890.0,34.6,197.0,0.03,0.93,12.3,0.4,7.73,169.0,5.42,0.05,101.0,0.685,0.719,13.65,72.6,6.19,92.0,94.9,103.0,2660427.226,12831.40183,23440.0,131.914718,38.85602,117.0,1.6965,247.0,0.0078,66.465062,34.753012,48.0,1.37,205.0,0.0039,111.430493,17.829564,117.0,28.5817,86.0,0.851,23.0,0.0,23.0,100.0,23.0,100.0
40430482.0,34.239378310499994,31.52124367,0.0,0.0,0.0,0.0,0.0,0.0,0.0,0.0,-109.230739,32.72780474,0.095,7.62,8.62,680.0,2.7,0.288,1.86,0.194,84.1,13.1,71.6,13.95,36.9,4.06,18.35,0.21,4.28,0.067,2.58,42.3,37.9,0.82,719.0,0.97,1.255,17.65,30.4,600.0,21.2,139.5,0.01,1.69,10.7,0.6,2.5,294.0,1.22,0.06,12.45,0.57,0.649,2.22,90.4,2.41,28.0,88.7,165.5,396317.87,4310.550476,3765.0,90.926428,29.251824,85.0,2.7727,18.0,0.0523,84.886913,26.492707,76.0,1.7521,8.0,0.0262,-179.327978,42.728069,-186.0,62.6116,-131.0,3.0859,2.0,0.0,2.0,100.0,2.0,100.0
40430391.0,15.25788901,42.371055444999996,0.0,0.0,0.0,0.0,0.0,0.0,0.0,0.0,-109.8152194,33.0767691,0.043,7.06,2.91,820.0,1.96,0.267,2.69,0.189,154.5,22.6,228.0,3.45,46.7,6.01,18.9,0.24,4.3,0.084,2.33,74.0,28.7,1.75,1085.0,1.38,1.875,32.7,78.4,1530.0,18.45,94.2,0.03,0.56,15.0,0.6,2.66,402.0,1.95,0.02,13.5,1.06,0.344,2.47,155.5,1.395,30.4,107.0,158.5,8522374.764,22146.33621,51637.0,120.607839,45.696813,115.0,0.8628,23.0,0.0012,86.016188,38.556684,73.0,0.7569,216.0,0.0012,269.317772,150.355751,99.0,13.1643,144.0,0.0439,21.37638,2.954522,23.0,76.8054,16.0,23.1946
40430483.0,33.12176010533333,0.0,0.0,0.0,0.0,0.0,0.634719787,0.0,0.0,0.0,-109.2266879,32.69595686,0.071,6.47,4.91,570.0,2.6,0.275,1.55,0.14,129.0,16.8,175.0,5.75,23.8,5.93,17.95,0.28,4.39,0.098,2.35,65.0,32.9,0.61,960.0,1.2,1.48,29.0,32.0,440.0,21.9,111.5,0.01,0.87,10.1,0.6,3.66,262.0,1.93,0.06,19.75,1.0,0.486,2.81,181.5,2.01,40.4,119.0,154.0,12412372.08,29511.00453,117953.0,108.798242,33.42082,97.0,1.7366,241.0,0.0017,79.154233,31.486245,64.0,1.5644,5.0,0.0008,-88.302838,165.564223,-131.0,9.1365,381.0,0.102,5.232452,2.371354,7.0,41.2859,9.0,10.0589
40430046.0,62.98980478,0.0,37.01019431,0.0,0.0,0.0,0.0,0.0,0.0,0.0,-109.7595017,32.92124859,0.122,7.79,4.62,830.0,2.16,0.337,2.36,0.313,79.2,15.85,83.6,7.45,75.4,3.9,19.7,0.2,4.4,0.059,2.49,38.3,43.8,0.99,734.0,1.65,1.665,15.85,44.3,1070.0,23.5,119.0,0.02,0.78,11.2,0.4,2.04,441.0,0.99,0.04,10.6,0.512,0.494,1.99,100.0,1.565,23.3,98.3,164.0,3223029.138,17044.12971,31239.0,102.668619,26.219005,72.0,2.6723,168.0,0.0192,70.801179,25.451423,52.0,2.1136,1.0,0.0032,207.644764,88.798373,189.0,23.5517,135.0,0.3764,9.673698,2.672519,9.0,69.8019,16.0,14.1962
40430484.0,63.5362522,25.50452436,10.95922302,0.0,0.0,0.0,0.0,0.0,0.0,0.0,-109.2344271,32.68559012,0.064,6.72,5.68,670.0,2.36,0.258,2.02,0.121,116.5,16.2,158.5,6.31,24.3,5.76,17.5,0.25,4.61,0.069,2.49,62.3,32.1,0.63,866.0,1.24,1.555,25.2,31.5,550.0,21.7,111.5,0.01,1.25,10.4,0.7,3.11,316.0,1.73,0.02,17.45,0.948,0.499,2.67,169.5,2.03,36.5,106.0,164.0,390424.4318,5649.508193,3751.0,86.460944,19.892942,79.0,4.1766,46.0,0.1064,40.751854,13.222073,36.0,3.7262,7.0,0.0264,-45.528023,15.932936,-40.0,69.2527,-125.0,3.6326,6.696149,6.171269,3.0,73.5989,17.0,26.4011
40430478.0,34.01477639,0.0,0.0,0.0,65.98522172,0.0,0.0,0.0,0.0,0.0,-109.2915139,32.72261077,0.075,6.63,4.46,580.0,2.82,0.312,2.11,0.184,86.1,13.45,72.4,5.19,31.6,4.45,18.75,0.22,4.63,0.064,2.44,43.4,29.0,0.69,665.0,1.2,1.58,28.3,25.1,540.0,22.0,122.0,0.02,0.77,9.49,0.3,3.3,311.0,1.89,0.06,13.15,0.753,0.485,2.41,140.5,1.545,33.2,94.2,161.0,4924485.107,11634.71342,47207.0,120.061961,39.448191,113.0,1.5444,4.0,0.0042,86.662049,31.061897,75.0,1.5105,4.0,0.0021,-231.897421,94.742275,-295.0,23.325,-104.0,0.2427,9.645308,5.406036,5.0,55.5542,2.0,0.9271
40430477.0,100.0,0.0,0.0,0.0,0.0,0.0,0.0,0.0,0.0,0.0,-109.2983027,32.750961,0.079,6.46,4.08,540.0,3.4,0.308,1.73,0.171,100.5,12.35,118.0,4.46,27.1,4.71,19.05,0.26,4.64,0.078,2.62,50.4,30.3,0.5,768.0,1.37,1.77,35.0,23.7,370.0,22.1,139.0,0.02,0.74,8.33,0.3,3.93,255.0,2.33,0.02,15.9,0.761,0.428,2.92,136.0,1.84,43.4,111.0,151.0,5353004.656,13185.93648,48995.0,130.466517,41.350226,119.0,1.3824,254.0,0.0097,102.134003,31.411296,95.0,1.4717,2.0,0.0019,-108.346585,41.499998,-155.0,21.2602,-20.0,1.2602,6.192948,4.3403,5.0,67.522,16.0,15.4806
40430486.0,30.129543105,39.74091351,0.0,0.0,0.0,0.0,0.0,0.0,0.0,0.0,-109.2519963,32.66920111,0.1,6.57,5.49,680.0,2.43,0.319,1.72,0.156,125.0,17.55,204.0,4.24,28.4,6.85,17.95,0.3,4.7,0.089,2.63,68.8,28.5,0.53,993.0,1.55,1.675,30.9,33.9,490.0,24.7,118.0,0.005,1.38,10.15,0.8,3.67,309.0,2.07,0.02,18.7,1.11,0.499,2.97,212.0,2.32,39.3,123.5,171.0,710726.7452,7676.714028,6758.0,101.752442,34.040583,97.0,2.4294,123.0,0.0291,58.802946,28.303214,36.0,1.9696,2.0,0.0145,213.781655,47.57498,204.0,53.0979,29.0,2.5495,17.0,0.0,17.0,100.0,17.0,100.0
40430479.0,33.810406599,3.851207718,0.0,0.0,4.461442825,0.0,0.0,24.06653613,0.0,0.0,-109.2666639,32.71637002,0.075,6.97,4.21,670.0,2.54,0.37,2.15,0.198,108.0,15.45,146.0,4.36,38.1,5.55,18.65,0.25,4.83,0.07,2.55,55.3,27.8,0.67,841.0,1.65,1.78,31.7,31.6,620.0,23.2,114.5,0.03,0.78,10.05,0.6,3.34,348.0,1.95,0.05,15.45,0.904,0.433,2.66,164.5,1.78,37.2,108.0,168.0,3170418.554,10625.28351,30375.0,114.57363,34.641409,110.0,1.5692,231.0,0.0098,79.125259,29.11061,73.0,1.6763,2.0,0.0033,-172.301291,29.017244,-197.0,34.7454,-181.0,0.6709,6.112715,2.331985,5.0,81.4548,11.0,18.5453
40430485.0,23.03636823533333,7.8506633545,0.0,0.0,4.728658209,0.0,10.46091058,0.0,0.0,0.0,-109.2480637,32.69282873,0.076,6.15,4.48,550.0,2.37,0.339,1.4,0.176,154.0,23.1,302.0,3.75,27.7,9.01,19.3,0.34,5.13,0.114,2.37,86.3,26.2,0.53,1165.0,2.1,1.5,36.8,43.2,330.0,23.4,107.0,0.005,1.07,11.2,1.0,4.37,265.0,2.33,0.04,28.1,1.455,0.436,3.45,302.0,2.16,42.7,161.0,171.0,6563852.821,17166.91345,62861.0,97.371741,35.623903,97.0,2.1463,219.0,0.0079,61.216129,28.559026,49.0,1.9394,226.0,0.0016,-5.019523,120.15792,7.0,17.5039,90.0,0.0231,7.854115,4.029778,11.0,58.3887,2.0,0.0458
40430503.0,49.933874627,0.132251108,0.0,0.0,0.0,0.0,0.0,0.0,0.0,0.0,-109.2158177,32.86847721,0.06,8.5,2.22,960.0,1.56,0.178,2.81,0.173,82.4,16.15,81.4,1.74,48.2,4.13,18.45,0.21,5.92,0.046,2.44,40.8,15.8,0.82,642.0,1.28,2.13,14.3,36.2,900.0,17.65,79.8,0.005,0.34,9.12,0.6,1.72,529.0,0.93,0.06,8.86,0.624,0.327,1.48,107.5,0.819,23.3,72.0,242.0,7729081.928,29147.34644,69568.0,140.954677,36.446949,153.0,1.3709,19.0,0.0027,77.244196,32.281824,61.0,1.5208,3.0,0.0013,-183.505361,163.679976,-250.0,13.2094,-259.0,0.1953,23.766588,5.822277,25.0,56.4634,12.0,1.3658
40430504.0,3.27113364,31.83841389,64.89045249,0.0,0.0,0.0,0.0,0.0,0.0,0.0,-109.222995,32.86862616,0.063,8.79,2.34,920.0,1.61,0.228,2.74,0.229,80.8,17.0,74.2,2.09,56.5,4.32,19.05,0.22,6.09,0.051,2.39,41.2,17.9,0.97,679.0,1.9,2.01,15.0,37.8,990.0,17.7,81.8,0.01,0.38,10.8,0.8,1.89,497.0,0.98,0.06,7.76,0.631,0.285,1.39,99.6,0.87,24.1,80.1,259.0,2311000.053,9187.085455,20760.0,142.726252,36.942408,139.0,1.4042,209.0,0.0089,76.887863,30.798983,67.0,1.5705,3.0,0.0045,-263.235797,57.887899,-214.0,28.0949,-416.0,0.4252,24.463739,2.368817,25.0,95.1249,14.0,4.8751
40430502.0,42.56552907,18.44769999,0.0,0.0,28.06941243,0.0,0.0,10.91736085,0.0,0.0,-109.2068177,32.87203106,0.056,8.73,2.45,1010.0,1.55,0.165,3.13,0.182,81.7,16.95,73.8,1.96,50.0,4.29,18.8,0.23,6.16,0.062,2.4,41.5,16.0,0.95,667.0,1.25,2.18,14.4,38.5,1110.0,16.55,74.2,0.005,0.3,10.0,0.8,1.74,567.0,0.88,0.02,7.28,0.62,0.292,1.25,107.5,0.781,24.2,74.9,256.0,1172880.684,7509.510528,10905.0,140.512884,32.490174,135.0,2.036,231.0,0.0176,85.057955,38.74739,52.0,1.288,3.0,0.0088,-225.231141,130.267366,-259.0,34.8052,-99.0,0.0346,14.0,0.0,14.0,100.0,14.0,100.0
40430449.0,100.0,0.0,0.0,0.0,0.0,0.0,0.0,0.0,0.0,0.0,-109.2169841,32.84241901,0.057,8.1,2.43,980.0,1.71,0.18,2.8,0.144,89.7,17.4,90.9,2.54,46.0,4.4,19.3,0.2,6.19,0.055,2.39,44.9,18.3,0.94,729.0,1.33,2.13,17.0,40.4,1190.0,16.6,80.7,0.02,0.34,10.9,0.5,1.87,494.0,0.99,0.02,8.53,0.672,0.271,1.47,122.0,0.93,26.0,80.6,262.0,1028405.847,6589.615053,9286.0,143.880681,36.734883,131.0,1.8764,47.0,0.0301,62.45641,29.745049,51.0,2.0727,6.0,0.01,40.441449,19.800192,35.0,46.2507,175.0,0.0689,9.853433,3.997314,6.0,51.8321,14.0,48.1679
40430446.0,0.0,49.999999987500004,0.0,0.0,0.0,0.0,0.0,0.0,0.0,0.0,-109.2652103,32.83824889,0.032,8.9,1.65,1170.0,1.68,0.086,3.51,0.142,88.4,18.3,62.2,0.96,37.6,4.16,19.85,0.21,6.54,0.042,2.52,43.6,14.3,0.98,764.0,1.25,2.59,15.1,42.7,1510.0,15.2,69.6,0.01,0.13,10.15,0.5,1.58,591.0,0.85,0.02,6.76,0.639,0.213,1.05,115.0,0.645,25.7,73.2,291.0,7897970.333,15637.094,67412.0,149.91141,34.382325,153.0,1.4175,49.0,0.0039,79.772668,24.702038,69.0,1.7344,2.0,0.0013,175.104332,61.239573,147.0,14.5479,72.0,0.9158,13.418371,6.206163,12.0,65.8954,17.0,8.3774
40430447.0,44.1963726,29.0306033,0.0,0.0,0.0,0.0,0.0,26.77303622,0.0,0.0,-109.2533558,32.83344983,0.047,8.56,2.07,1030.0,1.81,0.155,2.94,0.158,93.6,19.05,77.4,1.68,48.0,4.42,19.95,0.2,6.71,0.063,2.47,45.9,17.9,1.01,773.0,1.76,2.2,17.05,44.7,1310.0,16.65,81.7,0.02,0.28,11.4,0.5,1.79,516.0,1.0,0.05,7.8,0.666,0.261,1.4,119.0,0.844,27.2,82.1,288.0,1581097.863,6075.806795,13142.0,158.373231,36.936734,141.0,1.6736,81.0,0.0065,80.571961,25.345357,72.0,1.5658,1.0,0.0065,51.122918,45.532152,3.0,38.432,47.0,17.1343,12.884605,0.99332,12.0,55.7697,14.0,44.2303
40430448.0,48.52025366,0.0,0.0,24.511827959999998,0.0,0.0,0.0,2.456090227,0.0,0.0,-109.2289841,32.84229445,0.044,8.08,2.27,1030.0,1.81,0.143,2.91,0.13,100.5,19.8,104.5,2.06,46.1,4.63,20.2,0.22,6.75,0.057,2.44,50.1,17.8,0.92,832.0,1.54,2.24,18.65,44.3,1340.0,17.0,82.0,0.02,0.25,11.2,0.5,1.9,511.0,1.07,0.02,8.3,0.711,0.265,1.47,138.0,0.855,28.5,85.1,285.0,7000121.027,18679.21897,62338.0,145.879223,39.650449,137.0,1.529,35.0,0.003,71.231588,25.204924,59.0,1.7848,5.0,0.0015,-46.124861,86.61021,-66.0,16.4194,101.0,0.1259,16.308244,4.74153,14.0,68.164,31.0,0.0281
40430507.0,46.482723301,2.3448511353333337,0.0,0.0,0.0,0.0,0.0,0.0,0.0,0.0,-109.1675032,33.36583655,0.069,8.03,6.93,890.0,2.14,0.43,1.92,0.222,61.4,32.3,109.0,2.19,61.4,6.58,18.15,0.26,2.11,0.066,1.91,28.3,14.6,1.16,468.0,2.33,1.05,12.8,88.6,1610.0,22.1,59.4,0.15,0.42,14.85,1.2,2.05,566.0,0.78,0.55,7.24,0.989,0.481,1.8,210.0,1.145,24.4,100.0,79.3,12451062.78,24406.38886,15018.0,157.622719,42.690742,182.0,0.212,30.0,0.0008,95.869967,35.282507,77.0,0.2079,4.0,0.0008,-59.404032,35.284576,-83.0,9.3252,-5.0,0.0546,30.645306,3.895703,32.0,35.9784,21.0,13.143
40430516.0,66.42759499,0.0,33.57240503,0.0,0.0,0.0,0.0,0.0,0.0,0.0,-109.6331223,32.51512555,0.104,7.61,5.16,670.0,2.76,0.636,1.46,0.18,111.0,10.55,41.5,6.64,37.6,3.65,17.45,0.26,3.24,0.048,2.95,58.0,30.7,0.46,664.0,1.44,1.995,26.5,25.5,630.0,27.4,167.0,0.005,1.41,9.73,0.8,3.19,278.0,2.15,0.07,23.3,0.66,0.611,3.98,89.9,2.74,35.9,76.2,117.0,5851207.403,34413.04424,46664.0,151.266608,50.88464,255.0,5.4393,28.0,0.0053,60.246946,31.33111,41.0,1.0656,178.0,0.0018,101.912436,64.194455,192.0,14.0338,165.0,0.0345,22.845967,1.02689,23.0,97.7995,16.0,2.2005
40430538.0,14.48717252,5.206257055,65.81939744,0.0,0.0,0.0,0.0,0.0,0.0,0.0,-109.1521971,33.33822916,0.046,8.42,3.0,800.0,1.21,0.127,2.87,0.085,42.8,25.5,85.5,1.5,51.9,5.53,18.6,0.14,3.35,0.046,1.52,18.65,13.3,1.92,3390.0,0.86,1.74,5.83,49.8,1140.0,11.8,37.5,0.13,0.21,14.3,0.8,1.23,659.0,0.32,0.1,4.11,0.6,0.171,0.99,180.0,0.351,16.05,87.6,127.0,8540628.718,17382.13552,4382.0,143.636696,43.517776,154.0,0.1071,21.0,0.0012,89.029233,30.958448,85.0,0.0914,2.0,0.0012,61.461158,44.310793,101.0,13.4622,91.0,0.2469,30.249678,2.018296,31.0,52.4905,22.0,2.851
40430394.0,0.027999372,35.18353553,0.0,0.0,64.78846504,0.0,0.0,0.0,0.0,0.0,-109.2100745,33.34420357,0.041,7.03,1.71,670.0,1.04,0.116,4.69,0.133,46.1,19.9,63.4,2.08,56.8,4.13,16.95,0.12,3.36,0.035,1.3,20.6,15.2,2.04,675.0,0.8,1.48,6.46,46.4,990.0,11.75,41.1,0.04,0.2,10.85,0.3,1.04,623.0,0.38,0.02,4.65,0.484,0.164,1.02,109.5,0.34,12.85,74.0,129.5,6386174.372,16028.57776,23438.0,169.32891,32.438915,168.0,0.7286,82.0,0.0016,106.101038,28.633622,92.0,0.6175,9.0,0.0016,-46.213246,20.10823,-53.0,22.4086,-9.0,0.1476,32.396302,0.650003,32.0,69.5327,34.0,9.1629
40430243.0,15.52501812,0.0,84.47498225,0.0,0.0,0.0,0.0,0.0,0.0,0.0,-109.6896899,32.50103482,0.089,7.83,4.0,630.0,2.62,0.538,2.06,0.152,103.0,12.65,37.5,7.19,43.8,4.03,18.3,0.12,3.42,0.055,2.61,50.9,38.0,0.63,670.0,1.36,2.31,22.6,32.6,940.0,28.9,155.0,0.01,1.58,10.75,0.5,2.99,359.0,1.73,0.07,17.95,0.711,0.551,3.76,103.5,2.8,31.0,82.3,118.5,6115689.74,15154.63147,46732.0,170.029744,54.077247,255.0,6.721,20.0,0.0051,72.389682,31.407599,66.0,1.1104,199.0,0.0017,102.369777,26.743952,70.0,18.5648,153.0,0.4296,23.0,0.0,23.0,100.0,23.0,100.0
40430245.0,3.6089999085,27.8276175905,0.0,1.17759174,0.0,0.0,35.94917326,0.0,0.0,0.0,-109.7228468,32.47744303,0.179,8.33,9.31,620.0,3.73,1.575,1.39,0.583,122.5,12.8,26.0,18.35,55.3,3.56,20.6,0.12,3.97,0.07,3.14,58.2,69.6,0.67,864.0,2.34,2.2,22.0,22.7,1100.0,63.8,236.0,0.02,1.67,10.5,0.4,2.99,250.0,2.1,0.12,26.8,0.552,0.897,4.85,81.0,5.06,40.7,133.0,144.5,9354566.504,20492.31345,52468.0,179.187791,47.495236,255.0,5.5408,8.0,0.0011,86.733771,34.58804,86.0,0.7977,219.0,0.0011,159.366267,30.779114,200.0,12.2525,192.0,0.0389,16.226095,3.800554,16.0,76.2738,7.0,8.9671
40430247.0,100.0,0.0,0.0,0.0,0.0,0.0,0.0,0.0,0.0,0.0,-109.6905197,32.46958898,0.385,7.74,12.8,530.0,4.22,1.86,0.9,0.407,150.5,8.04,32.5,18.05,32.3,2.91,19.6,0.15,4.0,0.079,3.25,67.8,53.0,0.42,721.0,1.52,2.06,32.3,14.0,760.0,67.4,271.0,0.02,1.91,11.3,0.5,5.19,138.5,3.75,0.06,52.7,0.445,1.145,7.49,64.0,7.25,78.8,131.0,122.5,5737613.903,18882.55003,41264.0,130.39068,43.620456,111.0,1.0183,247.0,0.0018,107.644775,36.621054,110.0,0.93,3.0,0.0018,45.978742,41.06938,78.0,18.2198,-61.0,1.1677,9.665239,5.750318,7.0,65.7357,16.0,10.5302
40430537.0,0.0,0.0,100.0,0.0,0.0,0.0,0.0,0.0,0.0,0.0,-109.2179411,33.36547743,0.236,8.3,2.38,1070.0,1.4,0.163,3.21,0.159,56.6,27.6,171.0,1.55,64.1,5.34,17.75,0.14,4.02,0.042,1.85,24.1,12.7,1.69,850.0,2.3,1.985,10.75,83.5,1380.0,13.9,46.4,0.01,0.29,13.4,0.9,1.38,647.0,0.59,0.04,5.72,0.683,0.18,1.08,160.5,0.518,17.35,79.5,161.5,5267278.005,13466.3473,6996.0,181.076043,35.553521,255.0,0.3742,51.0,0.0019,115.81284,25.091084,124.0,0.2556,39.0,0.002,-57.748783,39.534319,-57.0,20.7539,40.0,0.0058,32.669333,1.379079,34.0,46.0666,32.0,3.2134
40430518.0,100.0000001,0.0,0.0,0.0,0.0,0.0,0.0,0.0,0.0,0.0,-109.6134909,32.50433214,0.12,6.94,5.2,610.0,2.8,0.835,1.02,0.157,118.0,8.11,40.2,8.44,30.7,3.34,16.0,0.28,4.04,0.065,2.93,65.4,32.4,0.36,569.0,1.67,1.825,26.6,17.55,520.0,27.1,188.5,0.005,1.15,8.4,0.5,3.56,204.0,2.43,0.06,36.0,0.619,0.707,5.0,85.5,2.83,43.3,71.4,145.5,604507.9747,5213.123507,5812.0,93.521679,25.523259,86.0,3.4483,46.0,0.0515,49.820632,25.60352,34.0,2.2591,128.0,0.0171,-75.131984,11.061546,-81.0,76.1459,-97.0,0.6524,23.0,0.0,23.0,100.0,23.0,100.0
40430246.0,31.23790935,0.0,68.76209056,0.0,0.0,0.0,0.0,0.0,0.0,0.0,-109.7022888,32.47238791,0.167,7.54,8.84,590.0,3.42,1.87,1.22,0.372,109.0,10.25,27.8,13.95,42.9,3.47,17.85,0.12,4.17,0.058,3.01,53.7,56.1,0.53,748.0,2.31,2.06,23.3,19.85,980.0,51.5,207.0,0.02,1.5,9.29,0.3,3.0,231.0,2.34,0.07,28.0,0.604,0.814,4.94,82.0,4.77,40.5,103.0,149.5,1957036.13,10935.81525,15966.0,143.713579,33.500527,149.0,1.9446,34.0,0.0053,127.979184,32.406048,125.0,1.2613,28.0,0.0053,81.735223,33.416259,109.0,26.0028,78.0,0.4801,22.844807,1.030661,23.0,97.783,16.0,2.217
40430539.0,100.0,0.0,0.0,0.0,0.0,0.0,0.0,0.0,0.0,0.0,-109.2106741,33.32304459,0.065,8.08,2.47,1040.0,1.81,0.195,3.59,0.242,58.5,23.5,153.5,2.18,75.4,5.09,17.6,0.16,4.17,0.062,2.1,26.1,14.0,1.89,806.0,2.67,1.935,11.7,74.5,1910.0,14.8,53.8,0.02,0.29,13.8,0.8,1.71,725.0,0.63,0.06,5.88,0.662,0.188,1.18,143.5,0.57,19.9,80.7,170.0,2742325.954,10205.91851,12901.0,140.79924,33.832498,163.0,0.8104,230.0,0.0038,97.854517,28.132323,90.0,0.7678,1.0,0.0037,-34.632608,28.155143,-41.0,38.0695,-112.0,0.2291,31.323233,0.930171,31.0,89.2256,34.0,10.7744
40430244.0,48.979818375,0.7118264605,0.0,0.616710205,0.0,0.0,0.0,0.0,0.0,0.0,-109.688141,32.49059826,0.13,8.3,4.53,660.0,3.37,0.895,1.57,0.169,112.5,11.4,31.2,11.1,47.9,3.79,19.1,0.12,4.31,0.052,3.12,53.9,45.1,0.54,634.0,1.51,2.32,25.4,26.0,960.0,29.7,215.0,0.02,1.36,9.78,0.4,3.58,301.0,2.22,0.04,24.4,0.719,0.768,4.57,95.8,2.75,37.4,83.6,170.5,5418398.825,19542.08875,40497.0,161.486209,49.126182,255.0,4.1718,34.0,0.0019,86.777973,33.317064,90.0,0.9416,215.0,0.0019,129.679973,26.810841,125.0,25.8591,176.0,0.0839,21.928659,2.520241,23.0,84.6951,16.0,15.3049
40430396.0,90.80687448,0.0,0.0,9.1931636,0.0,0.0,0.0,0.0,0.0,0.0,-109.2566066,33.32190645,0.033,7.58,2.55,860.0,1.48,0.194,3.2,0.24,69.1,25.2,165.0,2.41,56.3,5.03,18.3,0.16,4.37,0.062,1.85,31.5,16.3,1.88,973.0,2.78,1.675,12.95,68.8,1490.0,14.45,64.8,0.04,0.38,14.7,0.5,1.65,631.0,0.77,0.04,6.12,0.664,0.269,1.47,128.5,0.718,21.9,83.8,174.0,19544108.33,30283.31991,64762.0,174.43368,33.76129,168.0,0.528,65.0,0.0026,119.58308,37.511905,103.0,0.3895,234.0,0.0005,-11.084914,31.322861,-12.0,10.6052,-162.0,0.0073,27.32397,4.94636,25.0,44.599,33.0,0.0415
40430517.0,50.000000005000004,0.0,0.0,0.0,0.0,0.0,0.0,0.0,0.0,0.0,-109.6051792,32.51777369,0.098,7.96,3.9,640.0,2.9,0.776,1.62,0.141,111.0,10.0,38.8,8.94,40.0,3.95,18.2,0.28,4.45,0.05,3.1,61.8,36.4,0.51,635.0,1.39,2.21,27.0,23.6,920.0,26.1,189.0,0.005,1.39,9.66,0.7,3.39,301.0,2.5,0.02,27.9,0.759,0.692,4.77,96.9,2.93,37.2,79.1,169.0,5850566.35,20373.07228,56195.0,105.386511,25.907848,95.0,2.8901,21.0,0.0107,49.474289,28.036709,33.0,1.8246,170.0,0.0018,-29.303222,35.959372,-20.0,15.7045,57.0,0.0035,23.0,0.0,23.0,100.0,23.0,100.0
40430395.0,100.0,0.0,0.0,0.0,0.0,0.0,0.0,0.0,0.0,0.0,-109.192832,33.32306906,0.045,8.01,2.45,960.0,1.47,0.262,3.84,0.395,73.3,27.1,150.0,3.72,89.7,6.53,19.55,0.16,4.53,0.065,1.85,35.2,17.3,1.83,905.0,2.24,1.97,13.15,64.4,1720.0,19.3,57.6,0.04,0.48,14.75,0.4,1.92,753.0,0.77,0.07,8.34,0.856,0.252,1.54,196.0,0.828,22.4,108.5,175.0,7726925.456,16513.227,33776.0,149.264922,37.19203,152.0,0.7819,45.0,0.0027,86.608059,38.419904,90.0,0.576,195.0,0.0013,-72.330123,44.914326,-45.0,15.6298,-112.0,0.2572,32.238002,1.14591,32.0,43.4123,34.0,26.7959
40430519.0,44.056919365,1.54443001,0.0,10.34173116,0.0,0.0,0.0,0.0,0.0,0.0,-109.6271104,32.50136934,0.111,6.84,5.0,600.0,2.76,1.21,0.98,0.161,154.0,8.71,50.3,8.42,32.3,4.01,16.05,0.31,4.6,0.06,2.96,81.9,31.3,0.33,663.0,1.98,1.855,32.0,20.6,500.0,29.3,192.5,0.005,1.21,8.75,0.7,4.24,201.0,3.07,0.05,55.9,0.777,0.754,6.17,112.0,3.11,51.2,77.8,161.0,478933.9833,4324.969176,4597.0,96.394388,24.071832,100.0,3.3232,144.0,0.1086,50.593187,22.622892,36.0,2.2964,1.0,0.0217,-53.562474,7.50351,-60.0,43.7737,-20.0,0.1266,23.0,0.0,23.0,100.0,23.0,100.0
40430505.0,12.105462868,75.78907511,0.0,0.0,0.0,0.0,0.0,0.0,0.0,0.0,-109.2701955,33.35585911,0.057,8.67,2.23,930.0,1.87,0.284,2.46,0.289,84.6,11.85,23.9,4.12,37.8,3.8,18.65,0.25,4.63,0.072,1.91,40.5,25.0,0.86,976.0,2.29,2.53,13.2,14.05,1370.0,20.3,70.0,0.01,0.5,11.1,0.7,1.94,477.0,0.87,0.05,8.68,0.566,0.345,1.71,71.1,1.355,30.9,81.6,180.5,7409596.353,16911.96418,21295.0,184.945668,33.503196,255.0,0.7235,101.0,0.0014,151.026208,40.775602,123.0,0.3369,10.0,0.0014,-46.576222,30.552515,-49.0,20.4881,-178.0,0.0301,22.809624,5.271994,19.0,59.6603,33.0,17.3655
40430536.0,43.508763761500006,0.0,0.0,12.98247316,0.0,0.0,0.0,0.0,0.0,0.0,-109.30831,33.34205617,0.058,8.36,3.41,880.0,1.7,0.235,2.8,0.252,69.1,21.4,63.8,2.52,52.6,5.52,18.55,0.18,4.64,0.069,1.74,33.8,18.4,1.4,843.0,2.41,1.885,14.15,33.3,1480.0,16.5,58.6,0.07,0.41,12.25,0.5,1.96,583.0,0.78,0.06,7.9,0.751,0.283,1.33,142.0,0.739,25.6,102.0,186.0,4125044.011,10422.66013,7409.0,176.131462,35.606785,255.0,0.4957,62.0,0.0025,104.552439,28.687034,104.0,0.3315,14.0,0.0025,34.277633,49.548697,53.0,26.9138,20.0,0.3143,19.859862,4.71263,19.0,77.4797,31.0,1.6315
40430508.0,100.0,0.0,0.0,0.0,0.0,0.0,0.0,0.0,0.0,0.0,-109.2320245,33.29684732,0.063,7.7,4.05,870.0,1.75,0.325,3.32,0.413,73.3,23.8,151.0,3.42,84.6,6.13,19.2,0.25,4.76,0.078,1.77,39.9,17.9,1.45,784.0,3.17,1.66,15.85,53.5,1550.0,20.7,63.1,0.03,0.56,13.25,0.9,2.23,661.0,0.96,0.08,9.11,0.847,0.293,1.75,184.0,1.015,25.9,114.5,187.5,5902459.024,13989.54039,27598.0,145.961338,34.630753,132.0,0.8985,245.0,0.0017,92.254732,37.062911,85.0,0.5769,199.0,0.0017,-41.359889,18.763187,-39.0,19.2313,-11.0,0.0017,30.32259,2.768036,31.0,94.3482,21.0,0.0401
40430249.0,37.8302050925,24.33958982,0.0,0.0,0.0,0.0,0.0,0.0,0.0,0.0,-109.6644702,32.46345351,0.354,7.15,10.75,500.0,3.86,1.695,0.91,0.335,152.0,7.87,36.4,15.55,28.4,3.43,17.35,0.15,5.47,0.07,3.11,70.0,45.6,0.38,717.0,1.55,2.06,31.9,13.15,800.0,58.9,253.0,0.02,1.93,10.4,0.6,4.84,136.0,3.62,0.05,62.4,0.505,1.07,8.57,74.8,7.86,81.0,108.5,164.0,1664294.594,11506.64948,15767.0,91.008182,28.809309,81.0,2.8181,31.0,0.0187,113.077545,33.163711,103.0,1.6516,33.0,0.0062,-50.436893,32.014789,-34.0,34.4995,-61.0,0.826,13.924945,8.249027,5.0,43.8776,16.0,16.8155
40430248.0,100.0,0.0,0.0,0.0,0.0,0.0,0.0,0.0,0.0,0.0,-109.6684096,32.46088911,0.127,6.78,12.15,480.0,3.03,2.56,2.47,0.148,131.0,24.1,86.1,9.93,31.2,9.98,16.65,0.16,5.96,0.1,2.06,57.3,34.9,0.84,995.0,1.17,1.89,21.9,35.7,1190.0,30.6,131.0,0.02,3.81,20.5,0.4,3.66,177.0,1.81,0.02,39.4,0.895,0.653,5.95,263.0,6.87,61.2,76.5,189.5,688018.8169,4832.567017,6623.0,122.373849,51.34607,255.0,2.8154,196.0,0.0301,107.1673,25.962676,99.0,2.077,29.0,0.0152,-89.019092,2.821604,-91.0,66.9849,-85.0,33.0151,8.696027,5.195737,5.0,66.3998,16.0,33.6002
40430506.0,39.68669077,10.75843842,0.0,9.868182248,0.0,0.0,0.0,0.0,0.0,0.0,-109.179315,33.35727925,0.043,7.61,3.68,910.0,2.15,0.243,4.12,0.187,79.7,22.5,238.0,3.1,50.6,5.6,18.7,0.26,5.97,0.072,2.11,42.3,22.5,2.05,769.0,1.03,1.64,20.8,80.0,1580.0,19.35,75.6,0.05,0.42,14.65,0.7,2.42,722.0,1.3,0.07,9.67,0.768,0.325,1.98,167.5,1.12,31.3,100.5,225.0,,,,,,,,,,,,,,,,,,,,,,,,,,,
40430281.0,100.0000003,0.0,0.0,0.0,0.0,0.0,0.0,0.0,0.0,0.0,-109.7964501,33.06975081,0.124,7.14,3.13,790.0,2.27,0.285,2.52,0.227,121.0,19.2,177.0,4.0,52.5,4.79,17.1,0.12,4.35,0.063,2.45,60.2,30.0,1.44,909.0,2.11,1.835,25.8,66.6,1290.0,20.2,106.5,0.02,0.51,12.7,0.2,2.38,411.0,1.66,0.02,12.65,0.797,0.379,2.4,120.0,1.25,28.5,93.5,165.0,5511331.168,13542.98356,44279.0,151.16719,54.033822,255.0,4.1533,14.0,0.0075,89.92633,38.599186,82.0,1.073,235.0,0.0019,15.652201,78.528175,-31.0,20.4866,119.0,0.2127,15.459323,4.831967,16.0,64.1923,23.0,16.7626
40430283.0,80.66559469,19.33440532,0.0,0.0,0.0,0.0,0.0,0.0,0.0,0.0,-109.783068,33.08283458,0.072,8.04,3.48,900.0,1.81,0.232,3.08,0.169,78.1,27.4,212.0,2.68,70.2,5.71,18.55,0.09,4.67,0.067,2.01,36.9,19.9,1.48,894.0,1.13,1.925,14.9,89.4,1210.0,16.2,72.9,0.02,0.46,14.7,0.3,1.87,612.0,0.91,0.02,7.58,0.791,0.257,1.43,144.5,0.875,22.3,96.7,196.0,3009725.764,9416.036647,23413.0,162.777303,47.254788,255.0,4.0684,65.0,0.0034,111.215018,38.756585,104.0,1.0193,4.0,0.0034,-129.537434,60.746577,-198.0,32.0218,-52.0,0.8662,6.033958,2.475341,7.0,55.8716,11.0,9.9887
40430282.0,3.387320074,88.78955007,0.0,0.0,7.161377143,0.0,0.0,0.661752302,0.0,0.0,-109.786822,33.10071301,0.079,7.92,3.65,940.0,2.15,0.172,3.26,0.159,98.4,31.6,268.0,2.2,95.4,5.71,18.4,0.12,5.59,0.061,2.17,46.8,24.4,2.47,923.0,1.05,1.585,15.85,121.0,1790.0,17.95,78.1,0.02,0.35,15.75,0.3,1.66,556.0,0.92,0.05,8.63,0.784,0.261,1.83,174.0,0.908,24.3,95.6,235.0,4779863.966,13386.15385,38463.0,154.462028,43.760314,255.0,1.8147,21.0,0.0022,112.250768,34.641151,115.0,1.0589,1.0,0.0022,29.482873,58.432397,90.0,23.2228,93.0,0.0085,5.570801,0.988845,5.0,67.4093,3.0,2.0253
40430284.0,0.649357044,9.393373877,51.43607173,3.04938605,35.47181204,0.0,0.0,0.0,0.0,0.0,-109.7852652,33.06823263,0.072,7.73,2.62,790.0,2.06,0.158,2.74,0.153,84.1,23.1,148.0,2.91,75.4,4.93,18.3,0.1,5.61,0.056,2.16,40.6,22.0,2.25,718.0,0.98,1.37,14.55,106.0,1660.0,14.8,76.6,0.02,0.37,14.05,0.2,1.69,537.0,0.95,0.02,8.68,0.694,0.229,1.58,109.0,0.771,21.7,94.7,241.0,442025.2273,4550.97759,3920.0,157.138776,40.155763,156.0,2.3018,112.0,0.0233,95.923351,42.173215,83.0,1.2127,2.0,0.0233,-200.153159,39.972852,-231.0,55.38,-248.0,1.1905,7.0,0.0,7.0,100.0,7.0,100.0
40430523.0,65.82563958,25.30785087,0.0,0.0,0.0,0.0,0.0,8.866507435,0.0,0.0,-109.584565,32.48368084,0.2,7.0,6.56,570.0,2.72,0.891,1.02,0.193,113.5,8.13,44.0,9.53,32.3,3.11,16.7,0.24,3.73,0.058,2.74,60.6,35.9,0.45,552.0,1.51,1.685,22.9,16.75,540.0,31.7,171.0,0.005,1.28,8.78,0.5,3.19,182.5,2.31,0.06,29.5,0.505,0.724,4.48,75.9,3.39,43.1,75.9,123.0,7359932.497,17777.68093,70620.0,92.109487,28.108986,83.0,2.4864,16.0,0.0042,65.911417,25.585384,52.0,1.8313,6.0,0.0014,-98.557007,12.478259,-102.0,15.4798,-134.0,0.7885,23.0,0.0,23.0,100.0,23.0,100.0
40430544.0,78.50764511,19.54802506,0.0,0.0,1.944326282,0.0,0.0,0.0,0.0,0.0,-109.1979961,33.28084736,0.06,7.39,4.02,890.0,1.78,0.291,3.33,0.323,72.5,17.25,85.6,3.37,49.5,4.83,16.5,0.16,3.9,0.054,2.01,38.0,18.4,1.19,732.0,2.23,1.48,17.7,35.9,1270.0,18.05,74.4,0.01,0.55,10.2,0.6,1.91,684.0,1.02,0.11,8.65,0.709,0.345,1.76,146.0,0.912,25.0,91.1,146.5,6321967.082,17923.12188,44008.0,159.983208,48.613031,255.0,3.3546,43.0,0.0049,81.61068,45.672401,1.0,0.9761,241.0,0.0016,-100.839714,38.593218,-84.0,18.0149,-133.0,0.0064,24.082907,6.980766,31.0,50.4362,19.0,1.0918
40430522.0,33.877171179,0.0,0.0,10.258335469999999,0.0,0.0,0.0,0.0,0.0,0.0,-109.600545,32.49379701,0.163,7.56,7.86,590.0,3.07,1.145,1.06,0.274,101.5,8.56,29.9,13.9,37.5,2.99,17.95,0.26,3.91,0.057,3.06,52.8,47.7,0.49,583.0,1.87,2.04,24.7,16.95,760.0,40.0,217.0,0.005,1.42,8.88,0.5,3.6,210.0,2.53,0.07,27.3,0.521,0.897,5.04,68.6,4.46,41.8,88.1,132.0,3280355.104,14527.88159,31374.0,105.210429,28.781812,97.0,2.1809,20.0,0.0063,76.755879,30.158242,63.0,1.5549,191.0,0.0032,-82.454291,14.036528,-69.0,29.715,-50.0,0.077,23.0,0.0,23.0,100.0,23.0,100.0
40430524.0,2.749231447,97.25068481,0.0,0.0,0.0,0.0,0.0,0.0,0.0,0.0,-109.5911618,32.45445348,0.199,6.91,11.9,560.0,3.02,1.075,1.31,0.224,119.0,11.25,46.8,12.25,31.7,4.11,16.85,0.27,3.94,0.073,2.66,60.7,37.1,0.53,675.0,1.54,1.695,23.3,18.15,820.0,33.7,174.5,0.005,3.08,12.25,0.5,3.73,174.0,2.26,0.04,34.3,0.601,0.796,5.28,101.5,6.05,52.0,84.2,129.0,6628660.981,23750.78451,63308.0,103.022225,30.343023,97.0,2.5522,22.0,0.0031,80.897461,29.924073,77.0,1.3448,5.0,0.0016,-111.89622,10.843786,-107.0,16.0987,-126.0,0.0061,20.668054,3.299341,23.0,66.6865,16.0,33.3135
40430511.0,100.0,0.0,0.0,0.0,0.0,0.0,0.0,0.0,0.0,0.0,-109.1433272,33.30865567,0.043,8.82,2.03,780.0,1.02,0.101,2.85,0.104,43.5,14.5,10.6,2.03,44.7,4.43,20.7,0.23,4.04,0.044,1.27,21.2,14.4,1.81,535.0,0.36,2.0,5.57,18.5,1130.0,12.15,31.9,0.005,0.23,8.25,0.4,1.2,695.0,0.31,0.02,6.14,0.477,0.175,0.92,107.0,0.258,13.4,86.9,158.5,4787532.21,11269.00528,10155.0,158.692368,34.513111,149.0,0.4763,241.0,0.0021,92.001365,27.723228,76.0,0.3649,4.0,0.0021,63.542222,53.609934,85.0,24.022,8.0,0.8366,25.028344,2.999866,28.0,50.4724,22.0,49.5276
40430512.0,9.404700537,14.17525666,40.94395541,0.365376099,35.110711,0.0,0.0,0.0,0.0,0.0,-109.1817389,33.3033249,0.065,8.12,3.69,830.0,1.5,0.295,3.71,0.432,59.5,23.2,55.0,3.45,96.6,4.98,19.65,0.21,4.08,0.062,1.66,29.2,20.3,1.85,856.0,2.75,1.785,9.39,48.2,1260.0,18.25,54.9,0.03,0.47,11.75,0.6,1.65,727.0,0.59,0.08,7.71,0.586,0.261,1.36,128.5,0.684,18.65,106.5,161.0,5314968.112,16544.80791,24800.0,144.616855,38.461303,151.0,0.889,54.0,0.0019,87.180026,34.447673,75.0,0.656,179.0,0.0019,-45.320365,75.023575,-34.0,20.5954,97.0,0.3948,30.42673,2.909695,28.0,58.871,33.0,4.1007
40430543.0,99.9999972,0.0,0.0,0.0,0.0,0.0,0.0,0.0,0.0,0.0,-109.1982361,33.27853538,0.09,7.21,4.5,770.0,1.96,0.393,2.77,0.376,70.0,14.15,76.8,4.84,82.6,3.82,16.85,0.16,4.1,0.055,2.06,34.1,27.3,1.27,657.0,3.28,1.13,17.35,36.9,1080.0,19.25,85.3,0.02,0.6,9.64,0.7,2.2,565.0,1.08,0.1,9.47,0.519,0.421,1.9,98.7,1.055,25.2,89.3,152.0,3952909.408,18904.17242,23248.0,182.381538,42.928274,255.0,4.2278,91.0,0.0026,87.218732,41.644076,83.0,0.6238,206.0,0.0026,-112.401584,22.069382,-85.0,20.6086,-54.0,0.0256,18.329606,2.185217,19.0,50.2978,31.0,2.3118
40430529.0,4.496876342,22.75148341975,0.0,0.000313645,0.0,0.0,0.0,0.0,0.0,0.0,-109.6342701,32.48143747,0.19,7.49,7.54,570.0,3.54,1.465,1.04,0.294,122.0,9.44,34.0,14.6,36.1,3.31,18.1,0.16,4.1,0.058,3.07,59.8,47.0,0.47,659.0,1.89,2.0,31.9,19.3,760.0,40.0,230.0,0.005,1.57,8.92,0.6,4.14,202.0,3.06,0.12,38.8,0.564,0.873,6.08,82.9,4.36,53.8,94.5,137.0,7084920.102,24562.79125,67089.0,100.48458,31.898776,83.0,2.1242,225.0,0.0015,97.026409,30.104088,90.0,1.4997,11.0,0.0015,-28.574266,49.948365,-49.0,11.8669,-69.0,0.0214,22.995787,0.275339,23.0,99.9766,5.0,0.0234
40430398.0,31.51740407,13.78199382,27.97263972,16.29841081,10.42955146,0.0,0.0,0.0,0.0,0.0,-109.1910998,33.2961559,0.058,7.61,4.8,780.0,1.62,0.307,4.01,0.408,70.5,23.2,82.1,4.55,71.2,6.14,20.9,0.13,4.15,0.071,1.92,36.4,26.2,2.0,849.0,1.82,1.365,13.2,52.0,1450.0,20.3,68.4,0.05,0.58,14.25,0.5,2.01,638.0,0.79,0.08,8.33,0.764,0.334,1.92,181.5,0.873,22.1,116.5,158.5,742681.3823,5374.275837,3702.0,178.972988,38.787182,255.0,2.0733,76.0,0.0138,83.085592,43.503404,82.0,0.6635,157.0,0.0138,-139.525294,12.031586,-144.0,40.2516,-120.0,12.1001,33.0,0.0,33.0,100.0,33.0,100.0
40430397.0,100.0,0.0,0.0,0.0,0.0,0.0,0.0,0.0,0.0,0.0,-109.1273574,33.3339564,0.045,8.13,1.71,1020.0,1.3,0.148,4.06,0.151,55.3,27.6,219.0,2.04,65.4,5.94,19.65,0.13,4.3,0.062,1.95,24.3,12.6,2.21,831.0,1.34,2.04,8.6,81.4,1480.0,15.1,55.9,0.05,0.25,16.0,0.5,1.61,786.0,0.5,0.02,5.7,0.703,0.228,1.23,186.0,0.527,15.7,93.6,160.0,6594521.881,12587.39196,1556.0,148.15617,38.634277,143.0,0.0709,56.0,0.0016,66.776656,33.020909,60.0,0.045,6.0,0.0016,117.965052,54.479413,203.0,17.4388,93.0,0.1907,28.275184,4.860204,32.0,61.9873,19.0,0.9004
40430541.0,100.0,0.0,0.0,0.0,0.0,0.0,0.0,0.0,0.0,0.0,-109.081346,33.27013818,0.063,6.59,1.2,1140.0,2.47,0.097,4.02,0.187,57.3,42.6,507.0,1.16,88.9,6.58,15.25,0.15,4.5,0.06,2.53,24.6,13.1,3.56,1070.0,1.37,1.135,12.2,148.0,3640.0,8.1,89.7,0.01,0.23,20.5,0.8,1.97,536.0,0.61,0.04,3.52,0.802,0.132,0.94,147.0,0.501,19.7,89.2,176.0,5954897.197,15385.68817,22500.0,166.113156,36.879665,188.0,0.7805,66.0,0.0017,84.067216,24.797066,94.0,0.6871,10.0,0.0017,-111.118075,134.900752,-48.0,19.0452,35.0,0.0153,25.481055,2.29251,25.0,77.5342,22.0,9.6322
40430509.0,36.03868168,63.96131827,0.0,0.0,0.0,0.0,0.0,0.0,0.0,0.0,-109.0444326,33.39000966,0.07,7.76,7.14,710.0,2.54,0.252,2.71,0.296,80.4,20.1,102.5,9.26,41.4,4.37,19.05,0.22,4.5,0.073,2.31,39.0,52.2,1.49,785.0,1.23,0.864,18.9,52.6,1080.0,20.9,110.5,0.01,0.71,13.15,0.7,2.14,468.0,1.31,0.02,12.2,0.611,0.592,2.17,113.0,2.11,26.1,95.4,164.5,12224275.63,16820.34171,2113.0,134.464269,40.011425,133.0,0.0403,37.0,0.0008,92.767097,24.401135,84.0,0.0437,6.0,0.0008,113.351375,73.435482,202.0,9.4097,25.0,0.0357,7.03231,5.101401,2.0,50.2513,11.0,0.005
40430399.0,23.5720716295,3.8887122996666665,0.0,6.649212014000001,0.0,0.0,26.03253775,1.858758089,0.0,0.0,-109.2143302,33.27468318,0.045,7.49,3.38,920.0,1.65,0.189,3.75,0.26,70.4,21.6,122.0,2.95,56.7,4.5,18.2,0.15,4.68,0.057,1.94,34.8,23.4,1.67,1230.0,3.98,1.74,14.45,71.0,1630.0,15.05,62.7,0.05,0.4,12.3,0.4,1.76,655.0,0.88,0.02,6.65,0.606,0.274,1.43,113.5,0.764,22.1,84.8,187.5,11663897.74,33317.76283,48770.0,163.516527,44.160354,255.0,1.9771,49.0,0.0018,84.136267,37.905585,87.0,0.5163,213.0,0.0009,-93.885852,44.632535,-151.0,13.0251,-115.0,0.0174,19.91612,4.542753,19.0,38.1268,9.0,3.7676
40430525.0,14.158685404,17.414494069333333,0.0,3.309468178,0.0,0.0,13.8308504,2.298828389,0.0,0.0,-109.5997251,32.43364931,0.098,6.67,9.06,560.0,2.63,0.834,1.78,0.211,110.0,15.75,65.6,9.3,35.7,5.85,16.9,0.29,4.87,0.076,2.34,56.5,29.1,0.61,825.0,1.52,1.6,21.7,26.2,920.0,26.5,126.0,0.005,2.39,13.7,0.8,3.62,208.0,1.61,0.02,41.6,0.853,0.557,5.12,159.0,4.34,46.4,81.9,172.5,1356014.685,9894.574801,12997.0,109.517812,31.066869,112.0,3.5652,177.0,0.0458,70.728955,28.982321,51.0,1.9354,13.0,0.0076,-92.074985,23.627511,-104.0,34.0191,-61.0,1.2821,23.0,0.0,23.0,100.0,23.0,100.0
40430568.0,22.69568632575,3.773620655,0.0,0.0,0.0,0.0,2.7218168685,0.0,0.0,0.0,-109.2324922,33.27652012,0.064,7.82,3.25,940.0,1.77,0.184,4.07,0.192,74.7,22.0,121.0,2.75,55.9,4.78,18.85,0.27,4.88,0.058,1.95,36.9,21.1,1.66,879.0,2.72,1.82,16.65,60.8,1590.0,15.35,70.7,0.01,0.44,13.1,0.6,1.88,647.0,0.95,0.04,6.84,0.682,0.288,1.48,131.0,0.734,23.9,85.5,191.5,28448843.83,57478.81996,83865.0,167.89278,40.339835,255.0,0.8394,37.0,0.0004,99.848549,39.835878,92.0,0.3611,251.0,0.0004,-73.618287,77.30311,-102.0,6.7533,-52.0,0.0132,15.393009,6.7416,19.0,34.911,2.0,0.3528
40430528.0,0.0,0.0,0.0,100.0,0.0,0.0,0.0,0.0,0.0,0.0,-109.5524023,32.43516932,0.098,6.46,9.88,570.0,2.36,0.885,1.75,0.188,129.5,14.0,60.5,8.97,30.4,5.4,15.6,0.19,5.0,0.088,2.34,64.1,29.1,0.59,756.0,2.25,1.615,26.1,24.7,1100.0,24.3,135.5,0.005,2.15,11.95,0.7,3.72,223.0,2.28,0.07,31.6,0.845,0.539,5.03,149.0,4.0,50.3,79.3,172.0,18073874.6,45035.97988,172381.0,108.421758,28.535731,112.0,2.9394,9.0,0.0034,64.553377,28.443711,50.0,1.6528,213.0,0.0006,-85.350615,43.185871,-136.0,6.2854,-99.0,0.0056,21.839674,2.603061,23.0,83.4239,16.0,16.5761
40430521.0,22.68360285,0.0,0.0,77.31639974,0.0,0.0,0.0,0.0,0.0,0.0,-109.6427578,32.4456858,0.138,7.35,14.4,610.0,2.62,0.952,2.23,0.16,131.0,16.75,51.5,12.5,38.6,5.24,18.2,0.28,5.06,0.09,2.48,63.4,34.0,0.78,819.0,1.47,1.885,23.1,32.0,1630.0,26.3,141.5,0.005,2.46,16.55,0.7,3.75,251.0,1.86,0.08,27.7,0.892,0.603,5.65,140.5,4.3,54.9,79.8,175.5,6565895.833,19101.4626,62136.0,124.880166,39.974608,97.0,1.6679,23.0,0.0016,102.940181,34.162623,91.0,1.2872,2.0,0.0016,-103.866446,32.029002,-116.0,17.3803,-121.0,0.4233,10.021406,5.478515,5.0,54.3198,7.0,0.0379
40430527.0,8.369526748,88.06738005,0.0,0.0,2.011056365,0.0,0.0,1.552036616,0.0,0.0,-109.5622827,32.42526992,0.084,6.23,11.0,570.0,2.0,0.753,2.0,0.138,144.5,16.65,75.0,9.88,25.8,6.55,15.85,0.2,5.17,0.086,2.31,69.8,27.7,0.57,900.0,1.7,1.7,29.4,25.5,1590.0,25.8,132.5,0.005,2.54,11.6,1.0,3.86,307.0,1.92,0.02,34.1,1.075,0.521,4.78,196.0,4.34,52.4,94.0,183.5,9826368.714,25880.77805,93006.0,122.777122,37.168699,111.0,1.7884,36.0,0.0032,70.091872,33.266243,66.0,1.2698,235.0,0.0011,-62.998189,21.138941,-33.0,19.7588,-78.0,0.3066,23.0,0.0,23.0,100.0,23.0,100.0
40430513.0,100.0000002,0.0,0.0,0.0,0.0,0.0,0.0,0.0,0.0,0.0,-109.1938202,33.27576634,0.044,7.09,5.23,1050.0,1.68,0.19,4.03,0.205,98.2,29.8,421.0,2.67,62.0,7.51,19.35,0.29,5.32,0.076,2.06,53.5,21.7,2.22,1060.0,1.27,1.22,16.6,102.5,1690.0,16.65,72.4,0.01,0.45,19.2,0.7,2.46,645.0,1.01,0.06,11.85,1.06,0.357,1.95,260.0,0.972,26.3,118.5,199.0,16497771.73,32633.78202,53079.0,153.971985,41.362913,255.0,0.491,47.0,0.0019,78.409874,32.262266,83.0,0.4706,214.0,0.0006,-75.706345,76.260189,-124.0,12.5039,91.0,0.0442,29.419465,4.267971,33.0,34.3915,34.0,1.9318
40430542.0,100.0,0.0,0.0,0.0,0.0,0.0,0.0,0.0,0.0,0.0,-109.0769905,33.30587531,0.055,8.19,1.91,1320.0,2.28,0.138,3.23,0.153,77.0,37.3,315.0,2.0,82.7,6.54,19.25,0.18,5.49,0.075,2.62,34.1,13.6,3.12,1045.0,1.27,1.405,12.1,153.5,2640.0,16.1,77.4,0.005,0.24,19.55,0.7,1.95,640.0,0.61,0.02,6.78,0.815,0.212,1.33,189.0,0.517,23.4,98.2,222.0,3967820.035,10958.41817,2962.0,143.534774,42.744475,126.0,0.171,57.0,0.0026,83.021542,34.059171,74.0,0.1244,151.0,0.0026,47.466829,48.724634,37.0,28.3242,27.0,0.8232,30.150085,2.631896,31.0,90.5565,22.0,9.4435
40430285.0,99.99999999,0.0,0.0,0.0,0.0,0.0,0.0,0.0,0.0,0.0,-109.4748453,33.05422911,0.098,8.81,3.85,1080.0,2.53,0.308,2.34,0.316,101.5,23.6,119.5,4.76,88.7,4.56,20.8,0.11,6.05,0.063,2.21,44.1,27.9,0.99,957.0,1.0,1.725,15.2,71.6,1090.0,21.4,133.0,0.03,0.63,13.95,0.3,2.14,565.0,0.9,0.06,10.25,0.634,0.452,1.79,98.7,1.255,25.0,108.0,254.0,10752415.64,16223.1959,75051.0,173.356917,45.332246,255.0,5.8961,3.0,0.001,93.367636,35.773727,80.0,1.0115,3.0,0.001,-144.370772,150.126148,-66.0,10.7609,174.0,0.0612,26.281524,6.800876,33.0,43.7632,34.0,1.0809
40430547.0,1.584768778,2.201327377,52.24011444,20.176542095000002,1.419377888,0.0,0.0,0.0,0.0,0.0,-109.2989163,33.31155648,0.067,6.86,2.87,780.0,1.28,0.241,8.1,0.286,69.2,19.5,36.3,1.95,47.3,3.92,14.85,0.16,3.5,0.054,1.51,31.3,14.8,1.19,1190.0,2.66,1.52,11.8,25.9,1530.0,14.25,57.9,0.09,0.3,8.37,1.1,1.53,640.0,0.63,0.06,6.77,0.526,0.207,1.3,102.0,0.567,19.4,80.0,143.5,12687440.64,27459.83506,24523.0,167.926396,38.133342,255.0,0.4367,86.0,0.0008,100.335324,40.298712,91.0,0.2349,3.0,0.0008,28.553987,36.162629,35.0,9.7333,46.0,0.214,13.101761,3.928224,11.0,44.4156,3.0,0.6429
40430535.0,37.12510733,0.0,0.0,62.8748906,0.0,0.0,0.0,0.0,0.0,0.0,-109.2366917,32.97697797,0.109,6.89,4.02,720.0,1.62,0.192,5.06,0.292,66.9,13.4,46.0,5.82,80.6,3.33,15.1,0.13,3.93,0.063,1.84,31.7,39.2,1.39,590.0,2.04,1.105,12.6,36.4,1050.0,14.35,83.5,0.01,0.51,9.22,0.5,1.72,641.0,0.76,0.05,8.44,0.436,0.298,1.61,81.2,1.255,21.2,90.3,153.0,29640464.26,47172.81476,266390.0,119.667927,40.531721,115.0,1.1618,12.0,0.0028,80.245453,33.908893,74.0,1.1694,240.0,0.0003,-40.141632,133.531163,109.0,5.5288,124.0,0.0496,6.044101,3.531873,2.0,30.3448,4.0,0.2578
40430552.0,96.1305446,1.340517,0.0,2.528938482,0.0,0.0,0.0,0.0,0.0,0.0,-109.1913867,32.88819639,0.122,6.23,4.59,760.0,1.75,0.245,3.67,0.194,81.9,19.3,181.0,4.58,50.6,5.14,15.5,0.19,4.1,0.07,2.03,40.6,31.2,0.99,803.0,1.43,1.37,18.35,45.5,1100.0,17.55,93.8,0.005,0.65,9.84,1.0,2.32,464.0,1.04,0.09,10.35,0.773,0.333,2.15,164.5,1.48,27.0,108.0,165.0,11604990.73,26506.41059,111552.0,85.420387,28.604143,80.0,2.7298,183.0,0.0027,56.370465,31.183428,37.0,1.9663,233.0,0.0009,-60.266997,40.371815,-114.0,12.6765,-73.0,0.0044,4.387489,3.328273,4.0,46.3158,2.0,2.7609
40430551.0,57.44798838,0.0,36.16959616,0.0,0.0,0.0,0.0,6.382416118,0.0,0.0,-109.2098465,32.97170278,0.072,7.42,3.35,850.0,1.86,0.21,3.47,0.265,79.6,17.5,113.5,3.57,84.0,5.72,18.2,0.2,4.13,0.056,2.14,39.8,20.8,0.95,841.0,2.5,1.865,18.55,35.3,1390.0,16.3,81.2,0.01,0.42,9.57,1.1,2.16,491.0,1.02,0.09,8.67,0.845,0.27,1.52,184.5,1.045,22.7,112.0,163.5,,,,,,,,,,,,,,,,,,,,,,,,,,,
40430534.0,54.86213185,0.0,0.0,45.13786899,0.0,0.0,0.0,0.0,0.0,0.0,-109.2097225,33.00008428,0.07,7.81,3.23,880.0,1.89,0.178,2.5,0.257,81.3,15.5,60.8,2.17,80.4,4.66,17.8,0.16,4.35,0.048,2.14,39.2,17.6,0.99,801.0,2.04,1.865,16.25,32.0,1540.0,15.3,78.6,0.03,0.35,7.98,0.8,1.87,481.0,0.86,0.11,8.67,0.674,0.26,1.47,127.0,0.815,20.4,96.2,191.0,25826614.65,39464.73846,222067.0,121.251951,41.263542,115.0,1.1484,17.0,0.0032,77.832627,30.83865,66.0,1.3931,237.0,0.0008,73.581203,122.744835,11.0,6.1407,32.0,0.0118,7.633721,2.413756,6.0,39.1573,14.0,0.0743
40430546.0,100.0,0.0,0.0,0.0,0.0,0.0,0.0,0.0,0.0,0.0,-109.2680149,33.27297089,0.069,7.49,2.9,930.0,1.72,0.216,3.25,0.292,76.6,20.6,162.5,2.65,51.1,4.78,17.15,0.19,4.37,0.05,2.01,37.3,21.8,1.72,723.0,2.11,1.67,17.0,64.8,1610.0,16.1,68.3,0.03,0.43,13.1,0.8,1.69,568.0,1.01,0.05,8.24,0.701,0.297,1.62,142.5,0.681,24.6,87.2,169.5,19764048.03,32605.31414,83560.0,149.372092,44.244435,255.0,0.6044,34.0,0.0005,91.957984,35.647814,96.0,0.5148,227.0,0.0005,-143.047775,78.774727,-224.0,9.6672,-193.0,0.0615,12.708106,6.841257,15.0,30.0158,25.0,2.433
40430533.0,100.0,0.0,0.0,0.0,0.0,0.0,0.0,0.0,0.0,0.0,-109.2359124,33.01067084,0.124,7.09,4.57,720.0,1.9,0.454,3.26,0.651,94.0,19.3,139.5,9.93,283.0,5.95,17.35,0.16,4.62,0.097,2.08,47.1,27.1,0.83,771.0,6.47,1.43,19.1,40.6,1120.0,19.9,95.4,0.03,0.81,10.1,0.7,2.87,398.0,1.08,0.25,12.05,0.886,0.361,1.97,195.0,1.505,25.8,134.0,189.0,3010.201501,289.4509364,35.0,100.028571,45.231143,132.0,15.7895,1.0,2.6316,76.486486,53.22498,52.0,5.4054,8.0,2.7027,-269.0,0.0,-269.0,100.0,-269.0,100.0,3.0,0.0,3.0,100.0,3.0,100.0
40430532.0,84.31941389,0.0,0.0,15.68058695,0.0,0.0,0.0,0.0,0.0,0.0,-109.2419544,33.01106432,0.111,6.93,4.7,710.0,1.94,0.401,3.17,0.554,95.6,20.4,156.0,8.85,238.0,6.23,17.2,0.17,4.92,0.084,2.07,48.3,25.2,0.78,807.0,5.81,1.48,19.9,42.3,1070.0,19.75,94.5,0.03,0.81,9.85,0.9,2.77,399.0,1.12,0.17,13.5,0.936,0.355,2.12,210.0,1.565,26.6,132.5,193.0,784118.7442,6286.878717,7615.0,108.4,31.400318,118.0,2.7694,43.0,0.0131,55.995925,23.06368,49.0,2.273,1.0,0.0131,-273.996385,13.025764,-285.0,53.8859,-247.0,1.4975,3.718984,0.449495,4.0,71.8984,3.0,28.1016
40430571.0,20.648502008333335,17.53498999,0.0,0.0,0.0,0.0,3.581227632,16.93827652,0.0,0.0,-109.1541745,33.26319801,0.049,7.47,3.84,930.0,1.98,0.249,3.37,0.304,84.3,24.6,186.5,2.6,83.2,5.63,19.4,0.28,5.08,0.066,1.84,40.8,20.8,1.98,872.0,1.95,1.475,18.5,82.3,1520.0,17.1,72.2,0.01,0.41,15.35,0.7,2.17,614.0,1.05,0.05,8.56,0.759,0.327,1.71,161.0,0.832,26.0,105.0,188.5,13881998.93,21982.71364,47635.0,151.772457,39.52254,159.0,0.5898,30.0,0.0015,83.13254,27.144533,77.0,0.6245,191.0,0.0007,-192.735555,99.91861,-224.0,8.2841,-128.0,0.4842,30.885648,2.431753,31.0,73.3164,34.0,2.6915
40430573.0,100.0,0.0,0.0,0.0,0.0,0.0,0.0,0.0,0.0,0.0,-109.295402,33.26636624,0.046,7.6,3.15,810.0,1.63,0.192,3.51,0.261,82.1,26.0,168.0,2.6,72.6,5.88,19.45,0.29,5.14,0.074,1.69,39.7,19.4,2.11,858.0,1.95,1.53,17.6,80.2,1920.0,14.35,60.2,0.005,0.4,18.15,0.7,1.8,564.0,0.99,0.04,6.7,0.887,0.287,1.24,176.5,0.752,24.7,95.3,201.0,15980120.32,23853.4875,58504.0,161.132299,39.892788,255.0,0.5566,41.0,0.0019,105.655738,37.98695,92.0,0.5123,241.0,0.0006,-149.461926,42.096365,-205.0,7.1901,-243.0,0.0868,15.95404,9.639336,25.0,42.3764,31.0,2.1705
40430569.0,47.18990824,0.0,52.81009279,0.0,0.0,0.0,0.0,0.0,0.0,0.0,-109.0585032,33.28118804,0.051,7.69,1.89,1210.0,2.0,0.149,2.58,0.139,70.0,28.3,254.0,2.77,71.4,4.94,18.2,0.26,5.26,0.064,2.55,33.1,14.3,2.29,788.0,1.15,1.475,12.2,128.0,1750.0,17.05,84.7,0.005,0.29,15.6,0.5,1.68,555.0,0.7,0.05,6.72,0.606,0.275,1.42,131.0,0.693,19.2,80.6,193.0,7632339.143,22532.97899,15008.0,163.275653,42.071758,147.0,0.3324,18.0,0.0013,88.556733,23.17275,84.0,0.4079,19.0,0.0013,-16.642837,48.538403,-14.0,14.8664,6.0,0.9341,24.654842,7.16877,31.0,48.6942,22.0,0.1871
40430553.0,14.4836967275,22.169185786666663,0.0,2.165277981,0.0,0.0,0.0,2.359771182,0.0,0.0,-109.1858527,32.92689292,0.088,6.86,5.87,850.0,1.93,0.225,3.19,0.203,95.8,19.45,230.0,4.65,59.0,6.64,16.7,0.23,5.28,0.079,2.25,48.1,31.9,0.97,938.0,2.26,1.725,22.0,42.1,1400.0,18.3,94.7,0.005,0.81,10.55,0.9,2.58,415.0,1.2,0.02,10.5,1.005,0.31,2.01,208.0,1.55,28.0,124.0,218.0,36749308.94,44025.72967,303023.0,104.994195,34.707214,81.0,1.4474,245.0,0.0008,67.966337,37.289649,54.0,1.0616,248.0,0.0017,-5.925702,106.891917,-58.0,7.8681,-219.0,0.0011,16.902652,10.508611,31.0,22.224,17.0,0.2384
40430548.0,100.0,0.0,0.0,0.0,0.0,0.0,0.0,0.0,0.0,0.0,-109.3102201,33.28013071,0.035,8.14,1.43,990.0,1.63,0.1,4.07,0.144,136.0,20.8,54.6,1.5,46.1,4.25,17.65,0.26,5.28,0.053,2.04,63.6,13.2,2.1,960.0,2.23,2.51,15.15,58.6,4580.0,10.9,58.4,0.005,0.17,13.2,0.8,1.22,625.0,0.83,0.02,6.35,0.469,0.166,1.28,76.4,0.566,38.8,86.7,239.0,8975309.865,22381.43886,32402.0,151.99392,40.110396,154.0,0.5411,41.0,0.0034,121.196036,44.006092,103.0,0.3679,1.0,0.0011,-79.128682,96.434892,-85.0,12.6797,-114.0,0.0756,2.786191,1.342788,2.0,61.6478,9.0,0.135
40430545.0,100.0,0.0,0.0,0.0,0.0,0.0,0.0,0.0,0.0,0.0,-109.1152624,33.25344017,0.07,7.53,4.17,940.0,1.51,0.12,4.56,0.198,79.0,26.9,290.0,10.5,66.3,5.8,18.25,0.2,5.54,0.044,1.77,39.0,60.2,2.81,832.0,2.29,1.685,13.6,106.5,1890.0,12.9,66.7,0.01,0.2,16.65,1.0,1.79,622.0,0.73,0.02,7.57,0.84,0.215,1.26,166.0,0.583,24.8,103.0,243.0,7275173.333,18205.95177,22214.0,153.495408,40.963302,255.0,0.6048,50.0,0.0014,87.628636,26.210253,83.0,0.5838,11.0,0.0014,-223.10932,137.826251,-131.0,15.6534,-170.0,0.0084,31.878059,1.890064,31.0,63.1888,22.0,0.9764
40430514.0,0.0,0.0,0.0,0.0,0.0,0.0,49.999999984999995,0.0,0.0,0.0,-109.2528112,33.25834665,0.041,8.45,2.97,1110.0,1.88,0.13,3.25,0.242,84.8,21.2,151.5,1.92,69.9,5.07,19.45,0.26,6.26,0.067,2.41,42.3,24.8,1.58,797.0,2.0,2.08,14.55,79.9,1920.0,15.45,76.5,0.005,0.24,12.2,0.8,1.7,673.0,0.84,0.05,7.26,0.706,0.228,1.28,127.5,0.727,21.7,88.2,277.0,3837668.404,13558.89002,6066.0,167.643093,35.267104,167.0,0.5732,69.0,0.0027,83.279058,24.749333,82.0,0.3433,4.0,0.0027,266.684554,177.76469,238.0,27.3399,348.0,2.2594,23.297999,5.822996,21.0,58.1371,33.0,0.3911
40430572.0,100.0,0.0,0.0,0.0,0.0,0.0,0.0,0.0,0.0,0.0,-109.2655931,33.29848444,0.052,7.56,4.31,800.0,2.33,0.328,3.15,0.335,89.7,21.9,101.5,3.72,79.4,5.2,19.3,0.29,6.43,0.091,1.84,42.8,22.7,1.82,833.0,2.39,1.56,21.5,60.4,1660.0,18.45,81.9,0.02,0.55,13.85,0.6,2.47,572.0,1.3,0.07,9.3,0.695,0.352,2.22,130.5,1.01,29.6,108.5,240.0,4167706.34,12289.90004,24352.0,156.844571,35.688523,144.0,0.9501,74.0,0.0074,86.003729,32.74196,84.0,0.9124,195.0,0.0025,-20.018837,27.776176,1.0,23.1612,-15.0,1.1181,20.361523,2.693339,21.0,94.6794,9.0,5.3206
40430531.0,46.670671695,0.412491878,0.0,0.0,0.0,0.0,0.0,6.246164991,0.0,0.0,-109.2490654,33.02271991,0.119,7.23,10.5,720.0,2.75,0.458,3.9,0.781,101.5,20.1,120.0,9.96,284.0,5.43,17.6,0.18,6.76,0.099,2.16,47.5,33.1,1.23,769.0,6.14,1.465,20.7,49.0,1160.0,26.9,95.8,0.03,1.79,11.75,0.7,3.76,390.0,1.18,0.21,13.1,0.736,0.414,2.69,157.5,3.05,40.8,131.0,255.0,913414.5232,5424.314673,8199.0,111.809489,34.78915,118.0,2.5598,34.0,0.0226,92.582477,30.575471,73.0,1.3333,2.0,0.0113,-317.545596,4.12072,-319.0,83.3148,-277.0,0.0777,4.0,0.0,4.0,100.0,4.0,100.0
40430287.0,100.0,0.0,0.0,0.0,0.0,0.0,0.0,0.0,0.0,0.0,-109.2357697,33.01068043,0.109,7.25,4.99,700.0,1.94,0.274,2.93,0.339,91.9,17.65,107.0,7.15,119.0,5.14,17.7,0.11,4.7,0.074,2.16,47.5,29.7,0.76,731.0,3.0,1.43,16.0,37.5,930.0,20.2,96.0,0.03,0.76,10.6,0.3,2.28,379.0,1.03,0.08,11.05,0.752,0.388,1.93,158.0,1.615,26.6,106.0,192.5,918031.3295,7545.316627,8735.0,119.090097,32.58264,123.0,2.5583,12.0,0.0225,64.818452,29.543163,60.0,2.0929,151.0,0.0113,-256.390815,11.281111,-254.0,53.8971,-269.0,6.9441,5.420243,2.367373,4.0,61.1885,3.0,8.6722
40430291.0,80.23728389,19.76271642,0.0,0.0,0.0,0.0,0.0,0.0,0.0,0.0,-109.2099074,32.99964474,0.072,7.86,3.11,900.0,2.03,0.181,2.68,0.27,90.2,20.3,107.0,2.92,99.2,6.1,18.9,0.1,4.8,0.059,2.18,43.4,19.0,1.0,955.0,4.94,1.92,16.8,41.2,1650.0,17.25,79.3,0.05,0.38,9.59,0.5,2.05,500.0,0.95,0.06,9.04,0.871,0.274,1.56,190.0,1.045,22.2,119.5,207.0,1505.316008,169.9137082,22.0,116.909091,22.189082,98.0,25.0,74.0,4.1667,79.842105,23.713783,26.0,9.5238,52.0,4.7619,-206.0,0.0,-206.0,100.0,-206.0,100.0,2.0,0.0,2.0,100.0,2.0,100.0
40430288.0,100.0,0.0,0.0,0.0,0.0,0.0,0.0,0.0,0.0,0.0,-109.2467119,33.00561764,0.111,7.75,5.61,840.0,2.41,0.299,3.63,0.518,82.0,18.25,86.3,8.37,166.5,4.95,18.25,0.11,4.88,0.063,2.3,40.3,29.8,0.94,749.0,4.34,1.645,14.3,35.6,1290.0,20.7,95.1,0.03,0.92,10.55,0.4,2.16,477.0,0.9,0.11,9.5,0.696,0.405,1.8,149.0,1.59,24.2,109.0,201.0,393595.9096,4056.17793,3832.0,89.15762,36.190435,39.0,2.9144,32.0,0.026,61.101713,24.323808,61.0,2.707,1.0,0.0263,-264.590324,5.006681,-260.0,51.0808,-290.0,0.1287,3.0,0.0,3.0,100.0,3.0,100.0
40430286.0,94.44613353,4.699577258,0.0,0.851907961,0.0,0.0,0.0,0.002378565,0.0,0.0,-109.2488065,33.02228987,0.138,7.22,12.4,730.0,3.21,0.548,4.12,0.89,110.5,22.1,148.0,10.6,339.0,6.29,18.8,0.13,7.7,0.11,2.22,50.7,37.8,1.26,859.0,10.45,1.44,21.5,51.3,1210.0,31.3,99.5,0.04,2.2,13.9,0.6,4.41,378.0,1.4,0.19,14.7,0.845,0.477,3.07,188.0,3.94,46.1,152.5,279.0,4514.676631,270.6070533,31.0,127.387097,23.761825,96.0,18.75,158.0,2.0833,92.846154,22.361871,84.0,5.0,45.0,2.5,-319.0,0.0,-319.0,100.0,-319.0,100.0,4.0,0.0,4.0,100.0,4.0,100.0
40430555.0,22.19364881,36.66016824,0.0,3.546574793,0.0,0.0,13.35834742,2.047612099,0.0,0.0,-109.1594625,32.85497066,0.1,6.44,5.07,850.0,1.55,0.228,3.24,0.15,74.7,17.35,114.0,4.16,36.4,4.33,14.9,0.17,3.88,0.053,2.08,35.3,33.6,1.01,759.0,1.2,1.335,16.05,36.3,1040.0,16.2,91.0,0.02,0.62,9.4,0.5,1.86,478.0,0.93,0.08,9.29,0.657,0.379,1.93,131.0,1.575,24.6,81.8,150.5,2783323.713,11399.94777,26636.0,100.921572,28.757751,97.0,2.4208,170.0,0.0148,53.488178,49.378906,1.0,5.6236,237.0,0.0074,-113.988382,41.771104,-85.0,34.642,-59.0,1.0161,2.040447,0.63469,2.0,99.5955,12.0,0.4045
40430554.0,100.0,0.0,0.0,0.0,0.0,0.0,0.0,0.0,0.0,0.0,-109.1617681,32.86304184,0.097,6.52,5.87,900.0,1.66,0.223,3.35,0.126,80.5,18.2,136.5,4.5,38.4,4.91,15.3,0.16,3.9,0.063,2.09,38.8,36.9,1.01,735.0,1.36,1.345,16.65,38.3,1090.0,16.65,91.9,0.02,0.72,9.74,0.8,1.99,485.0,0.98,0.11,9.84,0.732,0.391,1.97,152.5,1.725,24.8,92.2,154.0,2052611.129,11438.75409,19810.0,99.477385,31.191249,100.0,2.367,173.0,0.0101,49.08116,42.70698,1.0,7.2623,197.0,0.005,-77.59841,40.21568,-96.0,35.0373,-85.0,0.1383,2.677514,2.513187,2.0,93.2249,12.0,6.7751
40430556.0,14.397223003333332,29.57204762,0.0,0.0,0.0,0.0,0.0,27.23628342,0.0,0.0,-109.2362587,32.92958384,0.094,7.27,4.1,770.0,1.86,0.272,3.74,0.224,83.0,15.3,88.0,7.88,56.9,4.2,17.1,0.21,4.31,0.064,2.11,40.4,29.2,1.12,704.0,1.74,1.56,16.65,38.7,1110.0,18.15,95.6,0.01,0.63,10.95,0.7,2.02,434.0,0.99,0.1,10.25,0.597,0.392,1.92,108.5,1.58,26.3,92.8,171.5,2100976.09,8116.210517,20173.0,117.659892,32.944873,109.0,2.7449,27.0,0.0049,61.484125,26.294619,61.0,2.0039,157.0,0.0049,-117.401476,69.212413,-71.0,53.5028,-168.0,0.7527,11.0,0.0,11.0,100.0,11.0,100.0
40430559.0,100.0,0.0,0.0,0.0,0.0,0.0,0.0,0.0,0.0,0.0,-109.3093614,32.96391926,0.087,7.15,6.52,810.0,1.99,0.322,3.38,0.401,78.8,18.65,137.0,9.07,105.5,4.97,18.3,0.16,4.37,0.076,2.06,39.4,24.2,1.0,849.0,2.69,1.61,20.9,45.1,1170.0,21.4,83.3,0.02,0.78,12.45,0.6,2.45,532.0,1.21,0.08,11.25,0.802,0.405,1.84,138.0,2.09,26.1,111.5,177.5,2371993.778,13158.90181,22697.0,127.299423,32.460006,125.0,1.6826,239.0,0.0043,58.894392,28.618124,51.0,2.0412,170.0,0.0043,-210.664546,20.53615,-207.0,39.1676,-213.0,0.4141,12.476056,1.930151,11.0,63.0986,15.0,36.9014
40430488.0,58.65862016,41.34137978,0.0,0.0,0.0,0.0,0.0,0.0,0.0,0.0,-109.3417793,33.26849055,0.046,8.34,2.13,860.0,1.84,0.095,2.67,0.175,86.9,28.0,211.0,2.02,61.1,5.49,18.75,0.26,5.02,0.062,2.12,43.8,17.0,2.47,815.0,0.8,1.465,15.2,130.5,2020.0,12.4,60.1,0.01,0.27,17.7,0.7,1.56,584.0,0.84,0.02,9.3,0.733,0.247,1.49,148.5,0.762,24.2,90.2,213.0,5273037.879,15996.19725,5379.0,186.927682,36.069089,255.0,0.5497,131.0,0.0019,103.630233,29.788081,105.0,0.2027,11.0,0.0019,-84.616555,39.964393,-94.0,20.9929,-30.0,0.0019,24.529703,11.653249,31.0,71.9555,25.0,7.2287
40430557.0,100.0,0.0,0.0,0.0,0.0,0.0,0.0,0.0,0.0,0.0,-109.2319586,32.93299373,0.084,7.75,3.63,810.0,1.86,0.289,2.44,0.268,93.6,16.15,82.7,6.05,68.2,4.29,18.05,0.2,5.08,0.058,2.23,47.0,28.4,1.02,741.0,1.97,1.61,18.35,38.9,990.0,19.3,100.5,0.01,0.65,11.5,0.5,2.18,381.0,1.08,0.02,12.05,0.622,0.406,1.95,105.5,1.57,29.7,93.6,204.0,7155111.314,24994.32135,67547.0,122.299673,39.356654,127.0,1.3566,21.0,0.0029,64.970395,30.177725,56.0,2.0019,222.0,0.0014,-125.729583,133.405358,-47.0,14.1508,231.0,0.0354,14.946513,5.75734,11.0,50.546,3.0,0.0981
40430549.0,99.99998873,0.0,0.0,0.0,0.0,0.0,0.0,0.0,0.0,0.0,-109.2845795,33.23934269,0.041,8.6,2.02,1150.0,1.73,0.111,3.58,0.17,76.2,26.3,225.0,1.23,72.0,6.0,19.6,0.22,5.09,0.064,2.13,37.2,13.2,1.85,864.0,4.28,2.28,14.7,104.5,1980.0,11.6,64.8,0.01,0.21,15.05,0.9,1.69,658.0,0.74,0.02,5.62,0.819,0.174,1.06,170.5,0.566,22.3,92.7,227.0,4660926.34,11292.63399,5928.0,182.016363,46.21105,255.0,1.1038,80.0,0.0022,90.893663,33.324894,77.0,0.2119,2.0,0.0022,85.153363,75.34656,102.0,24.2576,-29.0,0.7695,21.81663,6.593206,19.0,72.4934,15.0,7.9221
40430487.0,48.721047265,2.557905749,0.0,0.0,0.0,0.0,0.0,0.0,0.0,0.0,-109.3085912,33.2277677,0.044,9.0,2.45,1300.0,1.73,0.109,3.76,0.157,88.6,29.5,216.0,1.25,72.9,6.34,20.7,0.28,6.04,0.069,2.17,43.3,15.4,1.86,1020.0,2.95,2.38,14.3,107.0,2060.0,14.3,61.3,0.01,0.21,16.0,0.6,1.79,652.0,0.8,0.07,6.85,0.866,0.189,1.22,172.5,0.662,22.7,98.1,267.0,8972057.379,17538.52104,9043.0,211.739025,36.296426,255.0,2.0168,104.0,0.0011,87.20697,20.089052,82.0,0.2396,11.0,0.0011,-36.976215,27.23851,-27.0,13.8874,-126.0,0.3646,26.295909,5.85838,31.0,60.7992,19.0,39.2008
40430574.0,100.0,0.0,0.0,0.0,0.0,0.0,0.0,0.0,0.0,0.0,-109.2688669,33.25764751,0.052,7.71,2.86,980.0,1.89,0.187,3.7,0.226,83.9,27.7,244.0,1.84,99.6,5.75,19.4,0.26,6.07,0.07,1.97,40.5,21.3,2.39,898.0,4.58,1.79,15.45,109.0,1960.0,14.2,70.3,0.02,0.34,14.6,0.8,1.89,614.0,0.83,0.07,6.61,0.785,0.236,1.21,155.5,0.703,22.7,108.5,246.0,5898090.629,14235.54052,9845.0,182.19289,41.989054,255.0,1.2302,51.0,0.0017,88.57991,25.755969,91.0,0.3102,1.0,0.0017,187.93222,144.713521,181.0,19.2999,493.0,2.4992,23.405546,7.147021,19.0,72.4653,35.0,27.5347
40430575.0,100.0,0.0,0.0,0.0,0.0,0.0,0.0,0.0,0.0,0.0,-109.3268392,33.24537293,0.055,8.35,5.5,1040.0,2.0,0.178,3.09,0.279,82.3,32.3,243.0,4.52,87.0,6.95,21.7,0.3,6.55,0.089,2.12,40.0,39.6,1.86,977.0,2.48,1.95,18.7,120.0,1980.0,15.25,66.8,0.01,0.4,17.15,0.6,2.02,581.0,0.98,0.02,5.8,1.005,0.222,1.19,184.0,0.873,26.7,112.0,263.0,7431433.599,18624.8695,5601.0,179.166756,40.468922,255.0,0.2993,93.0,0.0014,104.087239,25.388793,92.0,0.1508,31.0,0.0014,-36.915194,31.667795,-10.0,15.3098,-27.0,0.0354,28.981098,3.250956,25.0,39.4771,33.0,0.0014
40430292.0,49.362539087500004,0.6374609325,0.0,0.0,0.0,0.0,0.0,0.0,0.0,0.0,-109.7265561,32.98382381,0.091,7.62,3.22,940.0,1.84,0.306,2.31,0.189,73.7,15.1,90.9,3.57,93.5,3.8,17.1,0.09,3.92,0.05,2.23,35.6,20.4,0.95,643.0,1.36,1.87,12.3,40.2,920.0,20.4,85.1,0.06,0.57,10.2,0.5,1.64,521.0,0.84,0.05,8.64,0.528,0.377,1.7,101.0,1.125,18.9,76.4,152.5,3510814.205,11525.35531,33973.0,111.299767,33.379344,97.0,1.9531,239.0,0.0029,78.853325,24.449988,72.0,2.0201,2.0,0.0029,8.808022,58.174148,-6.0,31.1795,100.0,0.2073,5.0,0.0,5.0,100.0,5.0,100.0
40430289.0,100.0000001,0.0,0.0,0.0,0.0,0.0,0.0,0.0,0.0,0.0,-109.72177,32.97033561,0.102,7.97,3.19,910.0,1.91,0.277,2.38,0.184,69.6,16.45,87.9,3.55,98.4,3.96,18.6,0.1,4.03,0.052,2.24,34.6,22.9,1.0,700.0,1.36,1.95,12.3,39.8,840.0,20.4,83.3,0.03,0.55,11.2,0.3,1.66,527.0,0.76,0.04,8.04,0.539,0.361,1.61,109.0,1.04,19.4,82.7,157.5,8204455.985,22614.57429,76816.0,123.811094,40.450908,111.0,1.4005,243.0,0.005,77.615596,28.177643,66.0,1.9212,5.0,0.0013,12.605365,67.374824,-45.0,21.5302,84.0,0.0271,7.440845,2.213348,9.0,44.5319,3.0,0.098
40430498.0,100.0,0.0,0.0,0.0,0.0,0.0,0.0,0.0,0.0,0.0,-109.19979,33.26211406,0.058,7.49,5.06,870.0,1.79,0.297,4.2,0.263,68.5,15.2,64.9,4.01,37.6,3.88,15.8,0.21,3.65,0.054,1.98,36.4,24.9,1.3,744.0,1.14,1.34,13.7,29.0,1150.0,18.8,70.0,0.02,0.65,9.2,0.6,1.63,682.0,0.94,0.06,9.67,0.559,0.441,1.8,105.0,0.962,21.7,75.7,138.0,6557913.486,19180.22182,27698.0,168.94162,39.079679,255.0,0.9552,63.0,0.0016,90.209209,30.541388,98.0,0.7447,189.0,0.0016,-58.980436,83.635882,-66.0,17.0234,-101.0,0.1066,15.564866,2.870227,14.0,76.3731,17.0,2.2255
40430558.0,100.0,0.0,0.0,0.0,0.0,0.0,0.0,0.0,0.0,0.0,-109.3273441,32.93547984,0.092,6.59,4.33,680.0,1.7,0.263,2.22,0.277,71.8,12.85,64.4,4.48,66.7,3.4,16.15,0.11,4.0,0.063,1.97,34.8,23.2,0.85,554.0,1.79,1.185,15.3,30.8,740.0,17.3,82.5,0.02,0.7,10.35,0.4,1.87,290.0,0.96,0.04,10.25,0.494,0.417,1.73,81.3,1.46,21.8,81.1,157.0,3004783.211,11098.74557,26726.0,165.83922,41.73743,255.0,2.9527,249.0,0.0137,69.058727,24.131781,62.0,1.7695,10.0,0.0034,27.406567,97.979487,123.0,36.7427,-203.0,0.8327,18.498695,4.598206,15.0,62.3421,21.0,6.6774
40430583.0,100.0,0.0,0.0,0.0,0.0,0.0,0.0,0.0,0.0,0.0,-109.1987563,33.21807252,0.079,6.98,6.99,660.0,2.19,0.34,3.52,0.41,72.6,15.75,58.9,7.44,88.1,3.73,18.05,0.26,4.13,0.069,1.98,33.1,47.0,1.71,730.0,2.9,0.913,15.3,39.7,930.0,20.5,96.0,0.01,0.81,11.35,0.5,2.04,423.0,0.99,0.08,10.65,0.454,0.526,2.19,90.2,1.36,23.5,94.6,144.0,11469795.62,26592.41796,82141.0,166.023849,37.074134,144.0,0.9889,22.0,0.0027,88.853515,32.09171,82.0,0.9957,217.0,0.0009,185.318831,115.252538,132.0,10.0337,33.0,0.1431,25.363252,5.862254,21.0,62.8904,14.0,0.5773
40430576.0,3.6335219199999997,88.67607636,0.0,1.227174191,0.0,0.0,0.0,2.829705491,0.0,0.0,-109.2136516,33.22915755,0.073,7.27,6.96,600.0,2.41,0.364,3.52,0.452,78.7,15.15,59.2,8.32,72.5,3.35,18.45,0.26,4.53,0.078,2.06,36.4,47.3,1.5,809.0,2.32,0.903,17.7,38.3,870.0,21.4,112.5,0.01,0.94,10.55,0.6,2.35,311.0,1.2,0.1,11.8,0.415,0.643,2.39,80.8,1.375,25.8,95.6,157.5,4243217.405,12287.28874,26087.0,166.039368,36.976096,167.0,1.2931,248.0,0.0073,91.653658,28.621989,86.0,1.0934,4.0,0.0024,57.201333,76.84951,33.0,26.7106,-66.0,0.1386,16.725742,3.435092,14.0,61.1731,33.0,0.0655
40430563.0,0.0,100.0,0.0,0.0,0.0,0.0,0.0,0.0,0.0,0.0,-109.3619007,32.92388004,0.082,6.77,3.45,750.0,1.85,0.283,1.53,0.241,86.1,14.85,64.2,3.79,64.7,3.48,16.35,0.25,4.67,0.063,2.03,40.0,23.4,0.6,684.0,2.43,1.455,18.4,27.5,630.0,18.65,91.9,0.005,0.76,9.31,0.6,2.08,296.0,1.13,0.05,10.5,0.571,0.443,2.11,84.0,1.445,25.5,77.9,179.0,1184896.217,6790.195501,11372.0,145.65248,41.812925,168.0,1.6895,26.0,0.0174,53.40976,20.447051,47.0,2.1033,1.0,0.0087,161.666268,83.654281,139.0,38.1994,310.0,10.2844,15.972973,2.034181,17.0,48.1691,21.0,7.5414
40430499.0,100.0,0.0,0.0,0.0,0.0,0.0,0.0,0.0,0.0,0.0,-109.1898357,33.27013567,0.052,7.13,4.84,990.0,1.83,0.176,3.99,0.239,77.4,22.9,151.5,2.86,56.2,5.31,17.25,0.24,4.68,0.057,2.12,40.5,22.8,2.17,964.0,0.93,1.23,15.05,74.0,1830.0,17.05,71.9,0.02,0.43,14.95,0.9,1.83,687.0,0.93,0.02,7.66,0.729,0.344,1.53,156.5,0.901,25.0,92.6,186.0,4732143.121,14205.61251,26555.0,158.302391,43.815798,255.0,1.0484,21.0,0.0065,84.182048,30.604285,91.0,0.8488,175.0,0.0022,-102.667959,22.350846,-80.0,20.534,-136.0,0.0043,26.028559,6.755497,19.0,47.7945,31.0,14.0102
40430561.0,0.0,0.0,0.0,100.0,0.0,0.0,0.0,0.0,0.0,0.0,-109.3483355,32.93881286,0.114,7.07,3.98,720.0,1.75,0.244,1.99,0.23,79.5,15.2,75.1,4.35,49.6,3.76,17.5,0.14,4.74,0.059,1.95,38.5,22.8,0.88,677.0,1.12,1.295,16.35,35.9,630.0,17.65,85.3,0.01,0.77,11.1,0.4,2.18,289.0,1.02,0.06,11.2,0.552,0.404,1.94,86.6,1.48,24.3,80.5,180.0,10467208.2,21536.53753,80550.0,159.84473,42.615052,255.0,1.8276,26.0,0.0079,61.354657,21.669844,60.0,1.6155,172.0,0.001,14.879122,118.141541,-85.0,10.8698,650.0,0.031,18.858039,3.428822,21.0,45.6863,14.0,0.0039
40430564.0,31.14310712,1.5764714409999998,0.0,0.0,0.0,0.0,65.70394993,0.0,0.0,0.0,-109.3741604,32.91444085,0.078,7.38,4.35,720.0,1.81,0.249,1.96,0.223,78.5,15.7,63.6,3.74,54.3,4.01,18.3,0.24,5.14,0.066,1.88,36.8,24.1,0.77,621.0,1.87,1.375,15.9,31.7,880.0,16.85,83.4,0.005,0.59,11.9,0.4,1.95,319.0,0.99,0.04,8.86,0.584,0.382,1.78,98.0,1.27,25.1,83.8,194.0,6988523.541,15321.73045,55347.0,161.405966,41.694572,255.0,2.5549,40.0,0.0089,57.546328,24.033134,58.0,1.4715,161.0,0.0015,291.002028,89.750905,230.0,16.4313,347.0,0.636,16.622247,3.38705,14.0,62.5039,17.0,0.062
40430515.0,100.0,0.0,0.0,0.0,0.0,0.0,0.0,0.0,0.0,0.0,-109.3378583,33.23012507,0.06,7.48,3.4,980.0,1.45,0.242,2.61,0.337,69.9,29.7,349.0,2.29,109.0,6.51,18.25,0.24,5.2,0.06,1.99,35.6,16.5,1.59,971.0,3.27,1.605,14.5,124.5,1560.0,15.8,63.7,0.01,0.36,16.55,1.1,1.85,443.0,0.86,0.04,6.14,0.936,0.206,1.19,177.5,0.877,19.95,110.0,215.0,4676663.249,15287.2562,586.0,197.691126,39.758338,255.0,0.1979,116.0,0.0022,107.324698,20.741062,94.0,0.044,55.0,0.0022,-66.562285,45.007347,-27.0,22.4338,-60.0,0.065,31.755058,0.430053,32.0,75.5058,31.0,24.4942
40430584.0,79.33472843,7.802054607,12.60033354,0.0,0.0,0.0,0.2628834,0.0,0.0,0.0,-109.1912193,33.24094816,0.044,7.28,4.16,860.0,1.87,0.254,3.6,0.226,79.1,23.2,202.0,3.31,63.7,5.43,19.0,0.25,5.57,0.064,1.93,39.3,22.0,1.81,759.0,1.3,1.44,19.75,72.7,1380.0,18.7,74.6,0.03,0.48,14.95,0.7,3.06,658.0,1.16,0.04,9.37,0.772,0.362,1.96,167.5,1.015,28.0,99.4,199.0,44011904.71,72031.65243,203539.0,152.56369,39.897181,144.0,0.6615,32.0,0.0005,97.278349,42.534145,99.0,0.5202,246.0,0.0021,-66.79115,75.951042,6.0,6.637,-137.0,0.0117,28.371092,6.579158,32.0,25.7004,14.0,3.0908
40430562.0,62.41921264,36.74390029,0.074747318,0.0,0.762139829,0.0,0.0,0.0,0.0,0.0,-109.3667492,32.94804163,0.081,7.64,4.34,800.0,1.94,0.263,2.22,0.264,95.3,21.0,73.0,4.41,73.8,5.3,19.35,0.24,5.91,0.094,2.06,44.7,25.0,1.01,908.0,1.95,1.59,23.4,38.7,1260.0,17.95,86.9,0.005,0.59,13.2,0.5,2.39,372.0,1.38,0.06,9.27,0.87,0.356,1.79,121.5,1.275,28.4,105.5,228.0,6134499.338,16411.07428,57698.0,134.861971,40.537085,163.0,1.2759,11.0,0.0017,56.088061,26.670576,44.0,1.9882,183.0,0.0017,203.957971,92.829226,137.0,18.2198,29.0,0.0231,16.638312,1.019135,17.0,87.2405,21.0,0.3014
40430298.0,100.0,0.0,0.0,0.0,0.0,0.0,0.0,0.0,0.0,0.0,-109.67098,32.86243,0.27,7.05,8.09,620.0,1.33,0.825,2.87,0.389,70.7,18.0,143.0,3.2,203.0,5.48,15.95,0.09,2.71,0.184,1.91,35.4,25.0,0.99,815.0,2.6,1.65,12.2,33.9,850.0,32.4,79.3,0.07,0.87,10.4,0.8,2.08,442.0,0.74,0.64,8.85,0.667,0.375,1.92,165.5,1.845,21.2,194.5,104.5,23227337.75,37625.66945,223969.0,151.58384,51.820357,255.0,5.1688,2.0,0.0018,75.043225,28.143141,68.0,1.9166,224.0,0.0009,-55.660289,66.256682,27.0,9.8294,-87.0,0.0148,14.512671,7.202472,21.0,34.0094,4.0,1.3698
40430295.0,62.63742254,0.0,0.0,15.38126935,21.98130811,0.0,0.0,0.0,0.0,0.0,-109.6691521,32.88015874,0.272,7.55,6.55,670.0,1.43,0.736,2.75,0.369,69.1,16.05,135.5,3.21,176.5,5.21,17.0,0.08,2.81,0.129,2.11,34.3,23.2,1.02,787.0,2.62,1.83,12.45,35.2,880.0,40.4,82.6,0.04,0.77,11.05,0.8,1.94,451.0,0.86,0.31,9.47,0.664,0.442,2.05,150.0,1.97,21.4,168.0,103.5,7662714.392,23648.31451,74086.0,151.226939,35.934277,137.0,1.8909,44.0,0.0081,68.672838,24.370927,62.0,2.1337,199.0,0.0013,18.720392,75.45444,66.0,20.2668,-51.0,0.4711,20.099078,4.473123,19.0,57.9152,2.0,3.9987
40430294.0,37.858382590999994,20.46655469,0.0,0.0,3.81668036,0.0,0.0,0.0,0.0,0.0,-109.6773203,32.89969377,0.135,7.44,4.1,740.0,1.54,0.387,2.67,0.235,66.6,15.15,125.0,2.67,195.0,4.71,17.2,0.09,2.83,0.066,1.91,32.2,22.5,0.96,748.0,2.53,2.02,12.55,31.6,660.0,22.7,70.8,0.02,0.55,11.25,0.6,1.75,496.0,0.8,0.13,7.49,0.627,0.334,1.56,142.5,1.07,18.35,105.5,106.0,531699.7563,7314.943187,5130.0,153.704483,24.856696,160.0,3.2359,189.0,0.0195,68.345028,12.183245,67.0,4.0124,7.0,0.0194,-3.015604,16.351647,-18.0,48.2969,-2.0,1.5604,17.195918,1.236512,17.0,97.551,25.0,2.449
40430297.0,50.000000011500006,0.0,0.0,0.0,0.0,0.0,0.0,0.0,0.0,0.0,-109.6854007,32.87044721,0.187,6.7,6.09,560.0,1.5,0.831,2.64,0.337,74.7,19.45,207.0,2.4,170.0,7.15,16.55,0.1,2.95,0.121,1.65,38.1,19.6,0.93,794.0,3.31,1.74,15.25,36.2,860.0,33.7,67.8,0.04,0.84,12.25,0.7,2.16,431.0,0.95,0.34,11.3,0.857,0.358,2.02,218.0,1.765,24.5,139.5,105.5,12178626.87,42345.40989,117555.0,148.641121,42.146423,255.0,2.2971,26.0,0.0034,61.418494,22.818826,57.0,2.4708,223.0,0.0008,15.498842,94.926658,70.0,9.4153,-49.0,0.0332,17.778476,7.22796,19.0,35.1953,21.0,2.4478
40430296.0,47.45440339,4.5920786725,0.0,0.0,0.0,0.0,0.0,43.36143896,0.0,0.0,-109.6866878,32.88720482,0.127,7.35,4.27,740.0,1.64,0.503,2.63,0.288,68.6,16.25,131.0,2.87,163.5,4.78,18.05,0.1,3.15,0.077,1.91,32.5,23.5,0.93,788.0,2.17,1.97,14.55,32.8,680.0,26.7,79.6,0.02,0.64,11.95,0.6,1.91,480.0,0.86,0.14,10.25,0.644,0.355,1.77,149.5,1.115,20.0,109.5,111.5,1818263.313,13939.07529,17645.0,145.979541,26.399305,155.0,2.7373,218.0,0.0113,65.009407,13.580707,68.0,3.4285,10.0,0.0057,-23.054218,21.784224,-37.0,26.5417,-63.0,1.1566,17.0,0.0,17.0,100.0,17.0,100.0
40430299.0,100.0,0.0,0.0,0.0,0.0,0.0,0.0,0.0,0.0,0.0,-109.6270658,32.84131352,0.138,6.94,5.55,700.0,1.8,0.293,2.65,0.289,62.2,16.15,105.0,4.77,82.2,3.99,15.45,0.08,3.17,0.062,1.94,30.0,38.4,1.2,692.0,1.42,1.565,11.95,36.9,960.0,23.3,84.3,0.03,0.75,10.45,0.4,1.71,451.0,0.73,0.06,7.74,0.544,0.364,2.39,122.0,1.19,21.0,111.5,125.0,16666651.01,38491.38316,160811.0,142.336588,48.763107,255.0,1.2812,10.0,0.0037,56.978909,28.589133,44.0,1.9127,246.0,0.0006,-94.723566,57.593655,-134.0,6.882,-102.0,0.017,7.786582,3.841006,4.0,31.3648,17.0,0.3902
40429022.0,90.20137141,0.0,0.0,2.8475336110000002,0.0,0.0,0.0,4.103561364,0.0,0.0,-109.867612,33.13373826,0.08,6.91,3.8,860.0,1.65,0.357,1.68,0.313,92.3,15.0,50.8,3.98,47.2,3.66,17.6,0.19,3.91,0.059,1.95,43.2,20.1,0.73,840.0,1.18,1.565,19.7,27.3,880.0,21.9,89.0,0.01,0.71,9.6,0.3,2.03,367.0,1.21,0.02,11.1,0.604,0.423,2.12,83.8,1.425,23.8,80.9,154.5,2671259.176,10012.81585,14573.0,110.752213,36.169032,90.0,1.0976,39.0,0.0039,92.906677,28.184123,86.0,0.9286,4.0,0.0039,-29.608569,300.221593,175.0,33.9805,488.0,0.0076,4.686753,0.726891,5.0,84.3376,3.0,15.6624
40430601.0,84.96823815,15.03021223,0.0,0.0,0.0,0.0,0.0,0.001549607,0.0,0.0,-109.4728659,32.89440898,0.113,7.18,4.6,750.0,2.01,0.346,2.57,0.358,78.5,18.05,135.0,4.57,131.5,4.65,18.15,0.26,4.73,0.078,1.99,37.5,25.6,1.08,717.0,4.33,1.665,18.45,50.1,1040.0,20.4,84.2,0.01,0.72,12.1,0.5,2.3,449.0,1.12,0.08,9.2,0.676,0.39,1.75,131.0,1.55,26.6,104.5,173.0,1478968.491,7567.588203,14288.0,136.506929,31.786209,127.0,2.0602,57.0,0.021,39.400702,18.887244,32.0,2.7449,105.0,0.007,252.246632,31.263731,234.0,46.4537,347.0,0.6566,17.0,0.0,17.0,100.0,17.0,100.0
40430567.0,100.0,0.0,0.0,0.0,0.0,0.0,0.0,0.0,0.0,0.0,-109.4363316,32.88372855,0.1,7.0,3.94,730.0,1.95,0.322,2.92,0.277,94.7,14.4,84.8,4.27,61.0,4.12,18.05,0.29,5.07,0.081,2.22,46.0,27.4,0.92,671.0,2.06,1.51,19.95,31.7,840.0,20.6,98.8,0.01,0.75,10.9,0.7,2.4,340.0,1.2,0.05,12.6,0.608,0.431,2.11,104.5,1.425,30.2,91.0,188.5,4056209.559,14006.17431,39194.0,136.783028,37.674579,123.0,1.5986,42.0,0.0051,43.797697,18.678328,38.0,2.4588,117.0,0.0025,418.341478,69.259459,529.0,23.0115,341.0,0.1473,8.276146,6.107739,4.0,67.1066,17.0,32.8934
40429023.0,49.04581034,2.018867256,18.4983763335,10.02960787,1.908961914,0.0,0.0,0.0,0.0,0.0,-109.7033996,33.02269782,0.067,7.84,3.03,1060.0,2.02,0.191,2.54,0.14,84.4,21.2,215.0,3.16,75.5,4.36,20.0,0.18,5.37,0.06,2.32,41.5,16.5,1.26,724.0,1.02,1.965,16.85,94.1,1320.0,19.8,87.0,0.01,0.48,12.65,0.5,1.69,593.0,0.96,0.02,9.75,0.607,0.315,1.95,122.5,1.035,21.0,81.6,215.0,4080366.657,13222.28227,28593.0,163.996083,40.432996,255.0,2.2734,52.0,0.0126,96.325952,31.942794,92.0,1.0329,4.0,0.0025,-3.0547,20.379737,-5.0,26.8322,49.0,0.176,22.396083,5.406864,19.0,71.669,15.0,0.0227
40430602.0,100.0,0.0,0.0,0.0,0.0,0.0,0.0,0.0,0.0,0.0,-109.4589434,32.90779337,0.173,7.27,5.14,700.0,2.6,0.463,2.4,0.506,82.7,18.55,111.5,5.44,163.0,4.71,19.3,0.27,5.49,0.085,2.1,38.8,32.1,1.23,804.0,3.5,1.49,25.0,46.8,1070.0,22.2,100.5,0.02,0.71,12.2,0.6,3.09,423.0,1.52,0.13,10.9,0.668,0.451,2.14,125.5,1.83,30.5,113.0,192.5,465532.7818,4455.655772,4439.0,147.366299,36.805696,135.0,2.2838,69.0,0.0443,45.851357,26.764075,43.0,2.8241,104.0,0.0222,221.371094,97.963423,336.0,35.0911,173.0,15.4297,17.0,0.0,17.0,100.0,17.0,100.0
40430566.0,13.48759607,32.1642230875,0.0,9.005168519,0.0,0.0,0.0,4.173620475,0.0,0.0,-109.3959239,32.89862931,0.075,7.43,4.3,830.0,2.29,0.257,2.6,0.275,98.4,15.05,54.7,4.05,49.6,4.45,20.1,0.28,6.14,0.077,2.25,44.5,27.8,0.86,835.0,1.52,1.675,23.8,23.8,1280.0,19.8,97.9,0.005,0.61,12.25,0.5,2.41,375.0,1.4,0.05,11.2,0.72,0.42,2.04,102.0,1.35,32.0,94.6,236.0,2848959.017,9368.557624,26373.0,144.031851,36.434631,132.0,1.6756,37.0,0.0145,51.244447,19.191716,49.0,2.25,118.0,0.0036,283.749449,24.735675,254.0,26.0395,262.0,7.3744,9.30359,4.230963,12.0,57.4328,14.0,8.9084
40430609.0,100.0,0.0,0.0,0.0,0.0,0.0,0.0,0.0,0.0,0.0,-109.5145979,31.54431341,0.091,4.72,8.14,402.0,1.39,0.387,12.45,0.344,52.2,8.82,29.8,10.7,32.3,2.71,10.45,0.09,2.39,0.046,1.51,26.4,43.6,0.88,509.0,1.23,0.498,10.05,12.2,610.0,16.3,81.2,0.03,1.48,6.79,1.0,1.46,196.0,0.67,0.07,7.3,0.337,0.531,1.9,65.9,1.71,20.1,60.4,83.2,3372291.948,10528.80586,31489.0,218.275747,39.148125,255.0,30.3939,101.0,0.0062,128.263527,39.895335,119.0,1.2249,16.0,0.0031,97.769796,87.285461,44.0,29.0805,185.0,0.2368,34.968121,0.250484,35.0,98.406,33.0,1.594
40430603.0,10.6899127565,0.100658407,0.0,25.492888834,27.53373755,0.0,0.0,0.0,0.0,0.0,-109.4746738,31.45374104,0.111,6.86,6.32,570.0,1.41,0.363,3.12,0.204,63.8,12.75,36.8,6.3,33.8,3.72,15.25,0.11,3.06,0.057,1.99,30.6,33.7,0.85,713.0,0.73,1.38,11.55,14.0,610.0,17.85,87.2,0.02,0.84,10.4,0.6,1.67,290.0,0.74,0.07,8.84,0.473,0.445,1.96,99.9,1.24,21.8,68.3,104.0,47107564.84,53045.08449,413732.0,127.920374,50.046017,255.0,1.6847,2.0,0.0009,91.95376,43.184048,80.0,0.9407,245.0,0.0062,-22.689947,34.44612,-36.0,5.8068,7.0,0.0026,21.688091,7.056535,22.0,30.8626,20.0,2.1687
40430604.0,100.0,0.0,0.0,0.0,0.0,0.0,0.0,0.0,0.0,0.0,-109.4939929,31.46492899,0.115,6.17,5.87,448.0,2.51,0.644,1.82,0.304,84.7,6.77,32.1,7.59,48.8,2.61,14.25,0.11,3.07,0.071,2.53,42.5,39.5,0.43,489.0,0.95,1.015,19.55,12.4,280.0,25.8,143.0,0.03,1.17,6.41,0.4,2.59,146.0,1.28,0.11,17.7,0.365,0.637,3.05,60.2,1.765,24.9,67.3,98.2,3707127.735,12035.30027,33905.0,93.255007,38.06162,83.0,1.804,196.0,0.0028,118.462921,45.478963,105.0,1.0823,2.0,0.0028,-52.910063,12.428257,-47.0,29.4634,-57.0,3.9663,12.722148,3.329312,14.0,39.4977,17.0,19.3737
40430607.0,100.0,0.0,0.0,0.0,0.0,0.0,0.0,0.0,0.0,0.0,-109.4995305,31.52123552,0.104,7.27,4.78,550.0,2.32,0.484,2.46,0.295,73.6,12.2,19.6,7.4,45.7,3.22,16.5,0.13,3.46,0.068,2.31,35.5,41.0,0.78,783.0,0.79,1.405,15.7,11.7,730.0,23.5,112.5,0.03,0.7,8.95,0.7,1.99,311.0,1.03,0.08,12.45,0.396,0.502,2.33,78.4,1.2,27.1,75.7,110.0,17472790.05,36148.5471,157601.0,119.110291,53.743229,255.0,1.5558,5.0,0.0054,92.542703,45.027536,83.0,0.9745,238.0,0.015,76.736877,82.821415,110.0,6.5643,33.0,0.0075,24.596911,8.235642,31.0,59.9136,22.0,2.2153
40430608.0,33.333333318,0.0,0.0,0.0,0.0,0.0,0.0,0.0,0.0,0.0,-109.4870103,31.54415332,0.061,8.07,4.13,650.0,1.57,0.268,3.23,0.19,46.0,15.85,10.4,10.65,30.6,5.22,17.85,0.11,3.62,0.066,1.65,20.4,63.3,1.23,934.0,0.71,1.7,9.45,6.21,910.0,12.45,66.4,0.02,0.71,10.85,0.4,1.45,398.0,0.55,0.04,4.83,0.585,0.488,0.98,136.0,0.809,18.85,86.1,131.5,11434088.58,19707.74765,103592.0,170.727479,52.768769,255.0,10.9904,21.0,0.0055,92.378025,45.222224,77.0,0.9886,250.0,0.0101,-50.392411,81.064327,24.0,10.1244,-155.0,0.0345,31.681459,1.503812,31.0,82.9635,35.0,17.0365
40430606.0,49.9999997665,0.0,0.0,0.0,0.0,0.0,0.0,0.0,0.0,0.0,-109.5237042,31.50065572,0.132,6.69,5.35,500.0,2.85,0.833,2.02,0.426,90.9,8.12,31.6,8.71,71.5,2.78,15.35,0.13,3.75,0.082,2.65,48.3,39.0,0.51,577.0,1.07,1.285,20.1,12.65,460.0,30.3,147.0,0.03,0.97,6.89,0.6,2.94,225.0,1.3,0.15,19.75,0.378,0.604,3.73,68.8,1.585,30.0,82.6,112.5,3561275.857,10770.05518,32372.0,90.646237,39.249316,64.0,1.5844,10.0,0.0029,122.322105,44.247164,255.0,1.3342,5.0,0.0029,90.076397,44.330295,64.0,31.7823,39.0,0.3975,12.762126,4.608794,17.0,47.0273,14.0,15.1342
40430605.0,0.0,100.0,0.0,0.0,0.0,0.0,0.0,0.0,0.0,0.0,-109.5032487,31.47656689,0.163,5.99,7.41,510.0,2.58,0.77,2.51,0.31,109.5,9.83,41.4,8.0,57.3,3.48,15.15,0.16,3.78,0.085,2.44,54.6,39.0,0.46,641.0,2.47,1.25,23.2,15.9,340.0,31.4,145.5,0.03,1.25,7.09,0.6,3.0,216.0,1.54,0.13,22.7,0.479,0.588,4.2,98.3,1.82,31.1,86.3,122.0,3985895.638,11974.92237,37674.0,90.925492,35.292897,86.0,1.7019,209.0,0.0053,106.265191,39.358718,99.0,1.2251,6.0,0.0026,-20.611894,27.907062,-13.0,28.3997,43.0,0.2029,7.318515,1.379967,7.0,94.8102,12.0,2.2385
40430614.0,56.89301387,0.0,0.0,32.15954836,10.94743803,0.0,0.0,0.0,0.0,0.0,-109.4781587,31.62161899,0.243,5.51,9.04,412.0,2.57,1.565,8.73,1.025,68.2,8.47,42.0,13.95,88.4,2.58,13.15,0.12,2.7,0.1,2.27,35.6,42.8,0.99,541.0,1.27,0.696,13.0,16.8,1000.0,32.7,157.0,0.04,1.66,8.52,1.0,3.07,176.0,0.96,0.22,10.95,0.322,0.809,2.94,57.2,4.69,27.3,96.3,88.9,4876964.365,15360.15535,32274.0,179.773378,45.309074,255.0,5.3846,32.0,0.0043,154.651421,50.796022,255.0,4.0052,12.0,0.0021,5.136759,6.922251,2.0,26.1782,-6.0,0.1431,23.668053,8.800739,15.0,47.0708,19.0,6.1372
40430612.0,12.5590717925,37.4409283,0.0,0.0,0.0,0.0,0.0,0.0,0.0,0.0,-109.4910027,31.5948904,0.154,6.32,9.29,540.0,2.26,0.772,2.59,0.38,75.2,10.45,26.7,14.15,50.2,3.47,14.15,0.12,3.36,0.068,3.1,35.9,47.6,0.9,689.0,1.25,0.859,16.5,13.3,730.0,27.4,230.0,0.04,2.89,8.13,0.4,2.35,196.0,1.05,0.13,12.45,0.421,1.14,2.84,84.9,3.42,26.0,74.7,110.5,440809.0959,5306.806722,3956.0,110.747219,33.827677,91.0,3.2526,58.0,0.0712,155.769987,38.330165,150.0,1.2784,38.0,0.0237,-130.598487,31.054227,-94.0,38.9131,-168.0,29.2135,15.0,0.0,15.0,100.0,15.0,100.0
40430610.0,0.0,10.62368739,0.0,0.0,0.0,0.0,89.37631251,0.0,0.0,0.0,-109.5288468,31.52925792,0.061,7.68,4.72,660.0,1.31,0.278,3.76,0.159,49.1,14.55,17.3,7.1,28.5,5.54,17.4,0.1,3.61,0.063,1.92,22.7,42.2,1.12,915.0,0.69,2.0,12.55,7.55,880.0,14.1,63.6,0.02,0.87,10.0,0.6,1.66,425.0,0.69,0.05,5.38,0.672,0.385,1.34,153.0,0.958,19.15,91.1,135.0,10408396.09,28619.12124,95209.0,117.402325,44.552245,99.0,1.046,3.0,0.002,114.164068,48.946682,255.0,1.6189,2.0,0.007,184.750884,56.62281,239.0,10.913,175.0,0.0029,21.294973,7.919302,17.0,43.5193,35.0,12.1375
40430613.0,34.19157621,31.74619585,0.0,0.0,0.0,0.0,5.085611088,28.97661748,0.0,0.0,-109.4801528,31.6147491,0.141,6.79,8.6,530.0,2.5,0.842,3.49,0.496,72.7,11.6,23.2,12.2,50.8,3.65,15.3,0.14,3.84,0.079,2.6,36.1,38.8,0.93,693.0,0.97,0.761,14.65,12.35,880.0,32.0,181.0,0.04,1.65,9.5,0.6,2.25,158.5,0.97,0.14,11.55,0.444,0.89,2.3,82.9,2.95,27.9,94.6,123.0,2749739.63,10020.29042,21387.0,134.022537,47.580304,255.0,2.0296,65.0,0.0038,151.332136,42.812033,255.0,1.8445,24.0,0.0038,-12.377486,14.504342,0.0,30.418,10.0,0.011,15.046471,0.42863,15.0,98.8382,19.0,1.1618
40430615.0,64.49635138,0.0,0.0,15.9997366905,0.0,0.0,0.0,3.504175511,0.0,0.0,-109.5697434,31.80059702,0.165,7.46,9.26,560.0,3.18,0.614,0.76,0.34,101.0,10.45,38.1,13.15,42.2,2.97,20.2,0.18,4.22,0.086,2.79,49.0,51.7,0.5,725.0,1.62,0.804,22.8,22.3,660.0,31.9,190.5,0.03,1.46,9.87,0.4,2.8,110.0,1.54,0.11,17.55,0.387,0.925,2.99,62.4,2.65,33.8,95.6,139.5,6944773.113,20415.1971,66123.0,73.677828,35.51143,57.0,2.0856,186.0,0.0075,91.370392,39.312032,79.0,1.7475,11.0,0.0015,-68.877613,6.926416,-76.0,22.8355,-85.0,0.8035,9.530143,5.268629,7.0,40.2518,3.0,21.9015
40430616.0,10.300895192,0.0,0.0,23.7182714105,31.96166623,0.0,0.0,0.0,0.0,0.0,-109.5963484,31.75870556,0.116,5.79,7.14,440.0,3.5,0.426,1.14,0.216,94.1,5.97,23.2,11.95,23.8,2.43,16.2,0.16,4.83,0.056,2.93,46.0,46.1,0.34,613.0,1.83,1.245,29.1,10.65,400.0,26.4,210.0,0.02,1.11,6.03,0.3,3.11,127.5,1.92,0.08,19.4,0.394,0.941,3.97,51.7,2.36,32.0,74.6,160.0,,,,,,,,,,,,,,,,,,,,,,,,,,,
40430619.0,100.0,0.0,0.0,0.0,0.0,0.0,0.0,0.0,0.0,0.0,-109.5781271,31.70737856,0.125,7.23,7.16,430.0,5.35,1.655,1.74,0.42,113.0,8.04,32.1,21.5,64.4,2.49,19.1,0.22,1.52,0.084,3.47,50.5,37.7,0.6,652.0,1.93,1.47,26.9,14.2,670.0,33.5,297.0,0.03,1.58,10.4,0.3,3.62,103.5,2.49,0.18,23.4,0.335,1.14,4.0,52.6,6.64,29.6,72.8,51.4,1947419.126,8029.422282,14614.0,143.455796,61.056441,255.0,6.3036,14.0,0.0054,132.177104,46.730685,255.0,0.8383,5.0,0.0054,-67.913756,5.950859,-71.0,47.5326,-55.0,1.7643,4.998179,0.042632,5.0,99.8179,4.0,0.1821
40430617.0,16.88951783,11.863344112,0.070260249,20.05451645,0.0,0.0,0.0,2.314983052,0.0,0.0,-109.5723014,31.75119622,0.117,3.17,11.3,252.0,1.33,0.618,13.05,0.585,41.4,4.84,43.4,9.98,39.1,1.54,8.13,0.09,1.935,0.046,1.37,20.8,33.7,1.05,324.0,1.79,0.384,10.65,16.7,660.0,22.5,82.7,0.04,1.62,4.97,0.9,1.64,214.0,0.72,0.16,7.27,0.262,0.488,2.75,43.5,2.39,16.05,59.8,66.3,6234436.078,17070.91546,44549.0,218.51348,46.484181,255.0,32.1336,54.0,0.005,147.088192,36.920428,136.0,0.979,1.0,0.0017,-64.723297,7.715836,-69.0,18.0626,-42.0,0.3146,8.793121,3.487704,12.0,54.1874,5.0,45.8126
40430618.0,15.099148863333333,10.697406233666664,0.0,9.806163748,0.0,0.0,0.0,2.998007211,0.0,0.0,-109.586114,31.72964756,0.112,4.52,7.02,396.0,2.02,0.501,6.76,0.254,62.8,5.4,35.8,11.65,24.9,2.07,11.45,0.1,2.51,0.04,2.38,30.6,27.5,0.46,382.0,1.33,0.675,18.95,13.7,650.0,17.9,140.5,0.03,1.52,5.89,0.6,1.93,112.5,1.38,0.09,11.65,0.358,0.632,2.53,54.3,3.24,21.0,56.1,77.4,2534410.655,10731.59617,22833.0,201.594885,53.790788,255.0,30.8204,11.0,0.0124,125.760514,33.785462,110.0,1.2842,27.0,0.0041,-78.761074,5.317325,-77.0,32.8278,-69.0,0.3871,6.202275,3.07937,5.0,56.849,3.0,7.7085
40430621.0,82.69628316,16.50036122,0.0,0.0,0.0,0.0,0.803355668,0.0,0.0,0.0,-109.5520872,31.47272991,0.164,6.16,6.55,530.0,2.08,0.742,1.57,0.32,93.6,11.35,39.9,6.7,71.6,4.1,16.25,0.15,3.67,0.085,2.31,46.3,33.6,0.46,746.0,1.1,1.17,19.85,15.5,370.0,30.2,127.0,0.03,1.3,7.89,0.4,2.56,185.5,1.32,0.14,15.2,0.552,0.551,2.62,122.0,1.815,27.9,89.9,114.0,9513832.493,19433.46076,90141.0,72.82331,36.68739,55.0,2.2331,187.0,0.0033,84.445454,42.74549,51.0,1.2577,248.0,0.0055,48.711443,40.452061,29.0,12.0479,64.0,0.1328,7.764891,4.577528,7.0,37.4777,2.0,1.2473
40430622.0,3.956203555,60.89206173,0.0,0.0,0.0,0.0,6.228304171,28.9234308,0.0,0.0,-109.5248838,31.46663878,0.114,5.37,6.24,470.0,1.97,0.55,1.0,0.217,101.0,10.2,51.0,5.84,46.5,3.81,14.3,0.18,3.39,0.064,2.23,49.5,30.5,0.3,670.0,1.13,1.145,22.9,14.4,200.0,25.6,128.5,0.02,1.34,6.66,0.4,2.64,156.0,1.52,0.09,19.2,0.568,0.527,3.12,120.5,1.93,27.4,80.2,108.5,3288675.853,10729.20939,31166.0,61.148944,31.004066,55.0,3.218,176.0,0.0064,77.277781,35.074761,63.0,2.0497,8.0,0.0032,-47.263431,6.274872,-46.0,33.363,-26.0,1.0972,10.220347,3.150791,7.0,47.5827,12.0,22.4431
40429024.0,71.63090161,0.0,0.0,14.184549165,0.0,0.0,0.0,0.0,0.0,0.0,-109.6233248,31.81233277,0.107,5.41,7.14,449.0,2.44,0.361,0.58,0.157,101.0,9.61,39.5,9.88,18.95,4.01,15.55,0.18,4.18,0.079,2.64,51.7,33.2,0.24,822.0,2.03,1.06,48.4,14.85,250.0,24.2,167.5,0.02,1.64,7.02,0.4,3.82,112.0,2.86,0.05,20.3,0.8,0.762,3.83,96.9,3.46,30.5,89.7,136.0,3739098.033,15321.59826,35668.0,70.947937,44.285572,1.0,4.5639,230.0,0.0056,126.3476,39.962978,130.0,1.1493,2.0,0.0028,-31.780633,7.115174,-35.0,44.9326,-46.0,0.1054,13.370964,4.901587,16.0,59.2392,23.0,6.4965
40430624.0,7.072630213,20.7829529835,0.0,0.0,0.0,0.0,25.6807319225,0.0,0.0,0.0,-109.6026922,31.79951223,0.13,7.17,9.9,510.0,3.12,0.65,0.93,0.341,87.5,9.5,36.9,26.1,39.8,2.95,20.1,0.16,4.29,0.085,2.76,42.5,62.5,0.52,586.0,1.46,0.913,23.6,20.6,570.0,29.2,196.0,0.03,2.54,9.33,0.4,3.01,146.5,1.54,0.12,17.1,0.391,0.971,2.86,66.5,3.8,31.4,93.2,137.5,446705.2404,4323.168225,4258.0,58.360968,39.672521,1.0,4.2056,166.0,0.0467,85.092214,41.614703,255.0,3.2281,15.0,0.0234,-37.668705,0.470679,-38.0,66.8705,-37.0,33.1295,16.0,0.0,16.0,100.0,16.0,100.0
40430623.0,14.7485422725,65.47823913,0.0,2.163529629,0.0,0.0,0.0,2.861146741,0.0,0.0,-109.6183019,31.7772377,0.143,5.72,6.71,470.0,3.01,0.82,0.45,0.253,100.0,5.47,24.1,9.25,40.3,1.81,15.05,0.14,4.46,0.068,3.1,47.9,38.1,0.22,457.0,1.54,1.265,30.5,7.59,280.0,32.4,208.0,0.02,1.39,5.66,0.3,2.92,119.5,1.97,0.12,22.3,0.413,0.951,3.84,40.4,2.6,30.5,64.0,140.5,3339989.338,10684.23911,31823.0,64.961129,36.83284,1.0,3.9437,197.0,0.0063,97.585011,36.019695,80.0,1.7213,6.0,0.0031,-15.182825,7.109906,-9.0,33.2899,-7.0,1.5468,15.74702,1.795756,16.0,98.054,3.0,1.946
40429025.0,35.208128826999996,0.0,0.0,0.0,0.0,0.0,29.5837399,0.0,0.0,0.0,-109.5997779,31.84347867,0.103,6.09,10.55,470.0,3.23,0.462,0.53,0.172,109.0,8.44,37.0,9.3,23.7,3.73,17.0,0.2,4.8,0.076,3.37,54.8,35.4,0.25,862.0,2.08,1.01,54.6,14.65,270.0,27.2,260.0,0.02,2.07,7.07,0.4,4.63,109.5,3.46,0.09,28.9,0.78,1.115,5.15,83.3,3.21,37.1,92.8,140.5,480084.5516,4296.543463,4565.0,96.120701,48.188327,66.0,2.3752,33.0,0.0436,139.164021,37.864501,136.0,1.3582,39.0,0.0219,-38.410327,3.166077,-42.0,39.0727,-41.0,4.8261,23.0,0.0,23.0,100.0,23.0,100.0
40429029.0,70.18218855,28.87893254,0.0,0.0,0.0,0.0,0.93887909,0.0,0.0,0.0,-109.8662867,31.52706878,0.163,5.14,10.0,460.0,1.55,1.02,3.0,0.567,61.3,6.4,30.4,6.91,78.1,2.21,12.05,0.15,2.29,0.084,1.85,30.7,29.1,0.6,450.0,3.34,0.684,11.8,11.6,420.0,32.1,90.1,0.04,1.6,8.19,0.5,2.23,117.0,0.88,0.19,9.56,0.342,0.559,2.32,52.9,2.22,18.35,70.8,78.7,7092869.27,15682.27335,61455.0,142.919762,58.313923,255.0,5.9541,7.0,0.0044,157.134566,53.507243,255.0,5.2609,9.0,0.0015,-87.429596,10.506839,-90.0,16.1399,-66.0,0.5009,33.134564,3.621129,34.0,94.5755,17.0,2.5883
40429026.0,1.209975397,98.79002478,0.0,0.0,0.0,0.0,0.0,0.0,0.0,0.0,-109.8112235,31.46070967,0.171,5.02,7.37,480.0,1.29,0.707,0.91,0.246,67.5,6.98,35.7,6.22,44.1,3.5,11.65,0.09,2.49,0.085,1.7,34.0,27.2,0.4,516.0,2.26,0.848,14.25,11.25,240.0,32.5,87.8,0.03,1.67,7.98,0.5,2.14,114.5,1.02,0.19,10.65,0.433,0.55,2.94,80.3,2.66,19.65,63.2,81.0,3149598.051,10294.16186,29554.0,98.076639,49.416238,1.0,1.6237,244.0,0.0033,88.933523,40.248332,77.0,1.2559,228.0,0.0033,-138.843797,2.016252,-140.0,35.5383,-139.0,0.9454,24.517574,1.358951,25.0,88.5634,19.0,1.2482
40429027.0,28.629191968,0.0,0.0,20.697113435,1.347389895,0.0,0.0,0.0,0.0,0.0,-109.8351657,31.47704818,0.174,5.42,9.77,510.0,1.41,0.679,1.73,0.327,67.0,6.65,29.5,5.73,69.5,2.53,12.4,0.11,2.49,0.067,1.75,33.4,30.5,0.61,454.0,1.44,0.681,11.35,11.3,460.0,26.2,82.2,0.03,1.6,8.98,0.6,2.11,104.5,0.8,0.19,9.39,0.372,0.55,2.54,66.8,1.77,20.4,62.7,89.1,7974245.978,17172.69598,40693.0,140.197552,53.612047,255.0,2.3933,250.0,0.0013,124.004159,45.859201,255.0,0.6915,8.0,0.0013,-130.773749,14.535729,-140.0,21.3229,-148.0,1.1693,18.73402,2.907569,21.0,62.2034,17.0,0.0907
40429032.0,97.87156995,2.128428113,0.0,0.0,0.0,0.0,0.0,0.0,0.0,0.0,-109.8820814,31.55151439,0.134,5.28,6.97,448.0,1.47,0.438,0.43,0.298,47.5,6.14,29.9,11.75,51.1,2.4,12.1,0.1,2.5,0.062,1.73,23.6,35.4,0.54,472.0,2.52,0.706,9.7,10.95,250.0,21.3,91.5,0.03,1.28,8.92,0.3,1.93,75.1,0.72,0.1,8.0,0.344,0.613,1.97,54.5,2.13,20.9,62.3,87.6,2906409.733,10731.13246,22466.0,112.951705,51.496675,255.0,1.5849,247.0,0.0144,130.709699,39.267667,126.0,1.0362,2.0,0.0036,-52.340033,3.677887,-52.0,35.9124,-55.0,0.361,30.0,0.0,30.0,100.0,30.0,100.0
40429028.0,1.435813303,98.56418655,0.0,0.0,0.0,0.0,0.0,0.0,0.0,0.0,-109.8363184,31.50164282,0.121,5.5,6.73,480.0,1.65,0.447,1.46,0.206,56.7,5.52,25.4,12.2,44.1,2.34,12.6,0.09,2.51,0.064,1.91,27.9,31.6,0.61,479.0,0.96,0.688,11.1,9.87,320.0,21.8,100.0,0.03,1.26,8.55,0.2,2.0,73.8,0.83,0.1,9.45,0.326,0.653,2.3,54.2,1.905,21.4,60.3,81.4,1988956.07,9660.571167,14332.0,123.068867,58.019493,255.0,2.381,237.0,0.0053,131.690036,48.564893,255.0,1.7071,6.0,0.0053,-141.721061,6.950137,-147.0,35.1121,-119.0,0.0152,21.0,0.0,21.0,100.0,21.0,100.0
40429031.0,23.8883263995,24.606496715,0.0,1.059477351,0.0,0.0,0.0,0.89139889,0.0,0.0,-109.8773509,31.5482612,0.123,5.52,6.55,384.0,1.41,0.332,0.6,0.211,52.1,5.92,26.0,17.65,33.0,2.42,12.6,0.11,2.6,0.06,1.71,25.3,39.9,0.66,475.0,1.29,0.781,9.88,8.82,250.0,18.35,96.0,0.02,1.24,9.23,0.2,1.72,63.6,0.72,0.04,8.77,0.35,0.66,2.05,59.1,1.985,20.3,54.0,93.8,18037570.09,27967.97501,107921.0,128.983627,51.218824,255.0,1.5462,3.0,0.0023,125.278104,36.590528,118.0,0.7999,2.0,0.0012,-48.575475,16.737877,-39.0,11.8621,-41.0,0.0845,32.706938,2.944328,34.0,61.2504,19.0,0.2306
40429036.0,39.49259304,17.74759272,0.0,0.0,0.0,0.0,3.267221097,0.0,0.0,0.0,-109.8855333,31.59363467,0.145,5.79,7.31,440.0,1.77,0.664,1.6,0.308,70.7,6.91,36.9,12.15,45.5,2.68,14.45,0.12,2.83,0.071,2.18,35.7,35.4,0.54,423.0,1.7,0.632,13.65,12.85,320.0,26.1,122.5,0.02,1.55,9.32,0.6,2.33,80.3,0.99,0.08,12.15,0.388,0.751,2.78,67.3,2.57,22.4,64.6,95.9,2116122.909,7583.216,19950.0,87.189774,54.167207,1.0,2.7925,249.0,0.0149,101.230438,35.917926,82.0,1.1919,3.0,0.0049,-14.433548,7.769933,-18.0,48.2821,-32.0,0.1048,29.650534,0.759477,30.0,82.5267,28.0,17.4733
40429035.0,36.4863922755,12.502613013000001,0.0,0.898629095,0.0,0.0,1.123360366,0.0,0.0,0.0,-109.9064922,31.59327986,0.107,5.07,5.48,380.0,1.43,0.249,0.35,0.148,74.4,6.09,32.2,17.65,19.6,2.41,12.1,0.07,3.0,0.047,1.77,36.7,34.1,0.42,460.0,0.86,0.71,13.75,9.44,160.0,17.15,105.5,0.005,1.21,8.44,0.5,1.77,70.8,0.99,0.04,13.3,0.423,0.657,2.54,60.2,1.925,23.2,46.3,107.0,6110778.752,15304.90399,50467.0,103.97757,60.016231,1.0,3.3395,209.0,0.0103,115.415705,42.681775,94.0,0.9442,5.0,0.0017,-41.005416,7.285543,-48.0,19.6985,-51.0,1.3359,28.743343,0.966503,28.0,62.8329,30.0,37.1671
40429034.0,3.778265017666667,37.322236937499994,0.0,6.308468767999999,0.0,0.0,0.0,1.403793663,0.0,0.0,-109.9134018,31.59421822,0.126,5.09,5.01,379.0,1.62,0.225,0.44,0.141,62.6,5.47,28.8,20.5,18.7,2.32,12.2,0.1,3.03,0.046,1.85,31.1,39.1,0.49,426.0,0.76,0.7,12.6,8.84,160.0,18.85,118.0,0.01,1.33,8.17,0.3,1.7,67.1,0.9,0.02,11.9,0.386,0.726,2.41,55.9,1.91,23.3,46.8,104.0,5383505.372,15423.43904,50227.0,72.812093,52.826344,1.0,8.1035,230.0,0.0019,116.125423,43.414427,89.0,0.9767,12.0,0.0019,-56.642968,12.606227,-60.0,21.4598,-28.0,0.0412,25.096148,3.865393,28.0,62.8093,30.0,0.714
40429037.0,22.48942556,0.0,77.51057449,0.0,0.0,0.0,0.0,0.0,0.0,0.0,-109.8237317,31.78450427,0.118,4.3,2.26,429.0,1.47,0.988,0.75,0.197,58.5,4.11,11.2,5.66,30.2,1.91,11.3,0.1,0.902,0.052,1.69,31.3,15.3,0.31,526.0,2.06,1.195,11.5,4.9,770.0,20.8,104.0,0.01,0.61,5.6,0.3,1.48,138.0,0.92,0.11,24.0,0.26,0.679,3.38,41.9,4.85,15.95,57.9,25.8,6965305.096,19862.43086,60568.0,131.301149,38.965381,153.0,1.3961,15.0,0.003,147.963309,48.756448,255.0,2.4493,5.0,0.0015,64.311347,27.155209,52.0,15.9007,74.0,0.1015,9.499295,5.004056,12.0,44.5498,6.0,3.1534
40430587.0,22.93909425,21.15942829,0.0,0.0,0.0,0.0,26.37514637,6.587236951,0.0,0.0,-109.9956849,32.08376558,0.095,4.14,7.69,364.0,1.35,0.296,10.35,0.303,65.4,6.37,44.8,6.01,30.3,1.95,9.98,0.14,2.09,0.038,1.5,30.6,28.4,0.64,367.0,2.15,0.573,12.25,18.55,450.0,16.5,79.2,0.03,1.2,6.16,0.5,1.61,215.0,0.84,0.04,10.1,0.326,0.444,2.44,51.5,2.08,17.4,58.4,69.6,1256092.509,6798.735771,11665.0,178.380712,44.156712,255.0,5.0921,115.0,0.0249,128.396688,38.517703,127.0,1.3707,16.0,0.0083,-162.958266,1.285147,-163.0,52.3641,-164.0,3.9563,17.620192,2.784741,19.0,80.2885,12.0,19.7115
40429038.0,100.0,0.0,0.0,0.0,0.0,0.0,0.0,0.0,0.0,0.0,-109.8119687,31.78320184,0.286,5.83,8.69,530.0,2.03,1.22,2.72,0.503,78.6,7.53,36.1,14.5,70.2,3.68,15.25,0.19,2.57,0.112,2.55,39.8,30.8,0.58,870.0,4.56,0.891,20.4,12.4,610.0,72.1,167.5,0.02,1.69,8.13,0.5,2.4,139.0,1.51,0.17,34.5,0.445,1.305,4.52,87.2,6.97,25.4,136.0,77.8,539010.6595,4125.31984,5120.0,149.632813,48.371172,255.0,1.7127,81.0,0.0195,129.11734,42.219561,128.0,1.3485,33.0,0.0193,27.038375,0.342632,27.0,98.596,26.0,0.0936,11.0,0.0,11.0,100.0,11.0,100.0
40429039.0,21.043311527,7.2414066945,0.0,16.697465797,0.0,0.0,2.9428978595,4.149835886,0.0,0.0,-109.7895881,31.80585855,0.224,6.12,7.7,640.0,1.78,0.518,0.77,0.167,68.3,8.63,32.3,7.85,25.5,2.88,14.0,0.15,2.62,0.056,2.78,35.8,40.9,0.33,620.0,1.29,1.395,17.0,13.3,370.0,21.2,168.5,0.01,1.68,7.35,0.2,1.85,202.0,1.26,0.1,17.7,0.393,1.015,3.01,68.9,4.97,21.9,53.7,89.1,1420788.411,6431.189299,13574.0,55.561883,36.444172,1.0,6.7528,120.0,0.022,84.729628,38.103629,67.0,1.5885,3.0,0.0074,41.233764,3.164354,44.0,47.1508,34.0,5.2437,9.458569,0.840745,9.0,77.0716,11.0,22.9284
40429041.0,49.999999985,0.0,0.0,0.0,0.0,0.0,0.0,0.0,0.0,0.0,-109.8364354,31.89632732,0.309,6.03,6.12,510.0,2.63,0.512,2.18,0.356,66.5,7.54,38.6,18.75,24.0,2.38,15.95,0.15,3.08,0.064,2.4,33.1,43.9,0.54,639.0,1.04,0.638,18.85,15.5,400.0,32.1,157.5,0.01,1.28,9.31,0.4,2.17,100.5,1.34,0.04,13.55,0.333,0.914,3.03,57.4,3.51,30.0,91.2,96.2,25823971.52,40252.23386,235526.0,80.243612,54.037368,1.0,6.6815,252.0,0.0028,100.741686,48.424642,60.0,0.9448,8.0,0.0008,10.695352,43.047814,-41.0,7.7604,38.0,0.0059,26.184039,9.072547,33.0,35.9076,4.0,0.0291
40430586.0,0.0,0.0,0.0,0.0,0.0,0.0,100.0,0.0,0.0,0.0,-109.986935,32.26025547,0.087,6.51,3.87,580.0,2.52,0.37,1.31,0.173,103.5,8.57,39.5,5.21,29.9,2.76,17.0,0.2,3.44,0.06,2.54,50.8,27.7,0.46,584.0,1.67,1.52,21.2,20.4,660.0,24.6,127.5,0.02,0.92,7.81,0.4,2.24,254.0,1.5,0.06,16.95,0.447,0.512,3.29,66.2,1.69,29.7,66.7,112.0,9814986.789,22119.52787,76490.0,123.050673,46.410815,113.0,1.0309,251.0,0.0053,118.33144,37.587558,116.0,0.9772,5.0,0.0011,8.287917,15.758246,0.0,11.6594,28.0,0.0308,22.700595,1.416401,23.0,95.7228,16.0,4.2772
40430581.0,20.32314901,21.26013821,0.0,0.0,0.0,0.0,58.4167127,0.0,0.0,0.0,-109.4534794,32.70152911,0.105,6.06,3.94,670.0,1.75,0.234,6.74,0.195,81.0,15.3,102.5,4.46,33.8,3.87,15.45,0.21,4.07,0.049,2.11,37.8,96.8,1.33,854.0,1.08,1.53,18.1,34.1,820.0,20.3,97.5,0.02,0.6,8.71,0.6,2.29,504.0,1.16,0.05,11.1,0.608,0.41,3.41,132.0,1.875,31.3,85.0,148.5,4332018.756,14110.01062,41767.0,108.348122,39.086551,99.0,1.5728,33.0,0.0048,54.06237,26.868084,46.0,1.7509,173.0,0.0024,29.771265,22.167716,38.0,26.1418,68.0,0.3317,9.307578,7.00389,5.0,71.0555,16.0,12.8918
40430582.0,20.79207260175,0.0,0.0,0.0,0.0,0.0,15.65248039,1.179229219,0.0,0.0,-109.4554908,32.6872129,0.082,6.53,3.79,650.0,2.06,0.337,2.42,0.195,94.2,14.05,126.0,4.78,36.8,4.44,17.25,0.25,4.14,0.072,2.38,47.1,34.5,0.77,702.0,1.37,1.645,22.8,32.5,520.0,22.1,115.0,0.02,0.76,9.8,0.6,2.72,373.0,1.61,0.05,14.85,0.725,0.466,2.76,138.0,1.85,33.4,92.9,144.5,4609906.053,14652.86149,44322.0,103.668178,37.491593,90.0,1.7903,207.0,0.0067,57.367188,26.275847,48.0,1.9336,173.0,0.0022,47.558946,41.857278,45.0,23.4072,-62.0,0.0307,16.704366,8.584079,23.0,65.0243,5.0,34.9757
40426029.0,29.31740627,0.0,0.0,35.341296205,0.0,0.0,0.0,0.0,0.0,0.0,-109.5245556,32.63895552,0.084,6.49,3.1,680.0,2.08,0.201,2.47,0.125,83.8,15.05,139.5,4.37,31.8,5.0,15.85,0.14,4.15,0.066,2.3,41.3,49.4,1.01,773.0,0.87,1.635,17.9,34.4,930.0,16.8,96.6,0.005,0.52,9.75,0.5,2.54,419.0,1.08,0.02,12.75,0.743,0.351,2.23,156.5,1.48,27.6,95.7,135.0,3697478.471,11101.91544,35668.0,102.548587,25.124123,111.0,2.1947,29.0,0.0084,37.801412,20.119591,1.0,2.8014,136.0,0.0028,26.734442,14.759245,25.0,29.8821,56.0,0.2818,6.241457,1.303933,7.0,74.7153,4.0,25.2848
40426035.0,100.0,0.0,0.0,0.0,0.0,0.0,0.0,0.0,0.0,0.0,-109.5528111,32.69747876,0.129,6.73,3.7,850.0,2.06,0.191,3.05,0.136,72.6,12.4,87.5,5.6,31.1,3.49,15.55,0.15,4.16,0.054,2.39,36.2,83.6,1.05,630.0,1.19,3.12,15.85,29.1,910.0,17.95,113.0,0.47,0.59,8.78,0.5,2.02,498.0,1.02,0.04,10.25,0.532,0.4,2.88,108.0,1.595,24.3,74.2,135.0,4773991.528,19080.13459,46142.0,84.721859,24.885193,86.0,2.2437,145.0,0.0087,26.928866,22.468183,1.0,20.143,132.0,0.0022,156.800966,56.989484,165.0,22.5764,89.0,0.1673,5.442698,4.548069,3.0,64.5395,23.0,0.078
40426026.0,99.10487623,0.0,0.0,0.0,0.0,0.0,0.895123731,0.0,0.0,0.0,-109.5070448,32.69351429,0.115,6.82,3.58,800.0,1.54,0.198,3.79,0.148,76.2,16.45,125.0,5.45,36.1,4.41,16.4,0.23,4.21,0.054,2.24,35.7,74.2,1.05,738.0,0.95,1.82,16.7,37.7,960.0,18.6,100.5,0.01,0.64,9.13,0.6,2.29,544.0,1.05,0.04,8.9,0.701,0.41,4.49,157.0,1.525,26.8,88.3,153.5,3255122.454,11535.07608,31434.0,96.1555,27.477388,90.0,2.1164,210.0,0.0095,36.773377,30.535539,1.0,8.7636,166.0,0.0032,39.346155,84.184956,-4.0,25.4218,-45.0,0.7022,19.925589,3.474029,23.0,56.0798,16.0,43.9202
40426034.0,0.679295138,0.0,0.090706147,15.124565855,0.0,0.0,0.0,68.98086692,0.0,0.0,-109.5460209,32.68802464,0.112,6.82,3.36,800.0,2.21,0.219,2.59,0.145,75.8,13.65,107.5,5.58,33.3,4.11,16.35,0.15,4.28,0.061,2.46,38.4,65.2,1.04,703.0,0.8,1.78,17.3,31.9,940.0,17.95,113.5,0.01,0.55,9.82,0.5,2.3,443.0,1.1,0.02,11.1,0.603,0.4,2.4,123.5,1.575,26.6,85.0,137.0,6370729.502,16343.46596,61523.0,96.583327,28.101581,101.0,1.771,7.0,0.0097,32.936035,20.018441,1.0,7.6618,118.0,0.0016,42.005765,32.574266,58.0,20.3348,-10.0,0.3049,8.604189,7.151974,5.0,79.6058,16.0,0.9539
40430585.0,100.0000582,0.0,0.0,0.0,0.0,0.0,0.0,0.0,0.0,0.0,-109.9465265,32.25877066,0.093,6.4,6.47,570.0,2.5,0.492,1.18,0.144,120.0,8.91,49.2,9.68,22.5,3.31,16.5,0.22,4.38,0.069,2.58,57.8,35.2,0.41,621.0,1.09,1.29,26.0,18.3,450.0,24.7,141.0,0.02,1.41,9.37,0.2,3.02,193.5,2.12,0.02,25.2,0.541,0.613,4.26,80.0,2.8,41.2,69.3,134.5,1875522.48,10039.51975,17886.0,60.947277,34.641292,1.0,3.1224,178.0,0.0111,108.705275,30.233678,100.0,1.4756,6.0,0.0055,3.192997,29.00878,20.0,36.8781,29.0,1.2587,23.0,0.0,23.0,100.0,23.0,100.0
40430578.0,0.0,1.554691085,0.0,0.0,0.0,0.0,98.4453089,0.0,0.0,0.0,-109.4723568,32.7513985,0.121,7.16,3.95,730.0,2.04,0.236,2.74,0.183,84.4,16.65,94.3,4.71,48.8,4.36,17.85,0.18,4.74,0.064,2.31,40.0,46.6,1.03,721.0,1.22,1.555,18.9,40.2,990.0,20.6,99.3,0.02,0.63,10.7,0.4,2.34,473.0,1.21,0.02,12.3,0.616,0.433,2.26,120.0,1.525,29.7,97.5,171.5,4723456.617,16168.25642,45413.0,88.572347,27.238093,73.0,2.0873,30.0,0.0044,51.808372,19.695063,43.0,3.738,5.0,0.0022,150.875552,71.277635,107.0,21.2734,-36.0,0.1971,6.062247,0.998061,7.0,53.1124,5.0,46.8876
40426027.0,100.0,0.0,0.0,0.0,0.0,0.0,0.0,0.0,0.0,0.0,-109.5007944,32.62682108,0.099,6.65,3.78,710.0,1.82,0.245,2.42,0.153,98.0,18.95,166.0,4.75,39.4,5.49,17.3,0.26,4.76,0.074,2.28,48.3,40.4,0.89,858.0,1.43,1.7,22.3,42.5,900.0,19.55,103.0,0.01,0.59,9.99,0.6,2.66,434.0,1.51,0.02,12.75,0.864,0.412,2.57,186.5,1.89,32.8,111.0,170.5,3225325.748,14393.46816,31130.0,102.50893,27.04857,114.0,2.3875,17.0,0.0192,49.729859,24.973986,43.0,2.2201,169.0,0.0032,16.542404,29.650382,8.0,29.8807,-42.0,0.1099,12.423187,7.891746,7.0,55.8559,4.0,8.6309
40426001.0,34.099890645,0.0,0.0,14.2325184035,0.0,0.0,0.0,3.241920743,0.093261222,0.0,-109.4437811,32.71124838,0.114,6.61,4.33,690.0,2.12,0.278,3.53,0.214,84.6,13.15,79.1,4.61,37.5,3.74,16.25,0.21,4.78,0.058,2.25,41.4,64.0,1.13,639.0,1.23,1.535,20.7,29.3,1010.0,20.0,113.0,0.02,0.63,8.85,0.5,2.5,420.0,1.31,0.02,11.25,0.571,0.446,2.79,105.0,1.645,32.4,89.7,178.0,19254676.62,29679.77544,185726.0,125.436169,38.231013,115.0,1.4518,19.0,0.0032,61.783691,25.171027,51.0,1.9177,233.0,0.0005,-22.864679,114.300582,-102.0,5.9627,-202.0,0.1278,7.338385,5.256599,5.0,31.8607,14.0,0.9432
40426028.0,21.145251055,20.21089577,0.0,14.910959525,0.0,0.0,0.0,7.205058281,0.471624905,0.0,-109.5115285,32.62483138,0.099,7.05,4.1,750.0,1.94,0.271,2.87,0.155,87.2,17.25,150.0,4.71,38.2,4.95,17.8,0.26,4.87,0.062,2.39,43.7,44.9,0.92,779.0,1.35,1.865,21.3,40.8,960.0,19.3,105.0,0.01,0.64,10.2,0.7,2.62,473.0,1.35,0.05,12.45,0.813,0.417,2.61,159.5,1.95,33.3,97.0,175.5,7917068.712,28526.49246,76139.0,106.296392,27.298447,90.0,2.373,208.0,0.0052,49.823927,23.066408,40.0,2.2708,172.0,0.0013,12.152655,52.456032,17.0,22.6714,11.0,0.1444,16.011356,8.113611,23.0,50.0641,7.0,2.2896
40426031.0,0.0,100.0,0.0,0.0,0.0,0.0,0.0,0.0,0.0,0.0,-109.5105228,32.66153963,0.105,6.88,3.32,730.0,2.37,0.215,2.51,0.1,91.3,17.0,166.0,4.21,39.1,5.24,17.15,0.16,5.13,0.072,2.35,44.0,58.3,1.08,694.0,1.01,1.805,21.0,38.9,1040.0,19.25,101.0,0.005,0.62,11.25,0.5,2.68,454.0,1.2,0.05,12.45,0.816,0.385,2.63,161.5,1.575,29.3,101.5,162.0,8746007.401,25446.1724,84185.0,103.112526,30.919862,114.0,1.8061,198.0,0.0036,51.134973,26.84795,43.0,2.0729,201.0,0.0012,50.985898,50.566487,58.0,16.3474,18.0,0.022,19.901703,6.322444,23.0,80.6357,7.0,19.3644
40430580.0,73.47150761,7.998118411,0.0,5.161688465,0.0,0.0,0.0,5.370567411,0.0,0.0,-109.467285,32.72314209,0.092,6.81,4.55,660.0,2.6,0.253,2.34,0.164,96.7,13.1,98.5,4.67,31.6,4.5,17.95,0.22,5.15,0.059,2.41,47.8,39.8,0.83,712.0,1.42,1.7,29.5,28.0,940.0,20.7,117.0,0.01,0.68,9.28,0.4,2.99,364.0,1.85,0.04,13.65,0.765,0.445,2.54,123.5,1.665,36.5,104.5,192.0,468764.636,3905.613764,4525.0,87.55116,27.103344,72.0,3.3304,150.0,0.0441,38.438165,27.557229,1.0,4.0947,126.0,0.0221,16.66753,8.459596,12.0,76.6624,32.0,23.3377,16.0,0.0,16.0,100.0,16.0,100.0
40426003.0,13.7969006505,20.34146237,0.0,7.2216619505,0.0,0.0,1.254562916,8.773048032,0.0,0.0,-109.3946876,32.72931704,0.091,6.64,5.5,630.0,2.67,0.3,2.02,0.18,105.5,13.1,100.5,4.32,35.7,4.7,18.4,0.24,5.16,0.081,2.49,52.2,31.7,0.65,748.0,1.84,1.67,31.4,27.0,720.0,22.2,120.0,0.02,0.82,9.17,0.5,3.44,304.0,2.07,0.04,15.65,0.801,0.47,2.66,131.0,1.815,38.6,108.5,183.0,15344639.1,24097.11693,147799.0,111.454266,34.506962,114.0,1.9061,234.0,0.0034,61.427891,25.62552,48.0,2.18,200.0,0.0007,-79.882367,42.854036,0.0,8.9876,85.0,0.0878,4.192672,1.936635,5.0,36.5253,9.0,0.7884
40426004.0,42.97828195,57.02171865,0.0,0.0,0.0,0.0,0.0,0.0,0.0,0.0,-109.3611866,32.71378777,0.101,6.64,5.2,600.0,2.69,0.342,1.53,0.17,113.5,13.75,124.0,4.92,35.3,4.8,18.05,0.24,5.18,0.083,2.49,54.4,33.2,0.6,754.0,1.97,1.49,30.2,30.3,450.0,23.3,122.5,0.02,0.99,9.82,0.5,3.56,259.0,1.99,0.05,18.2,0.814,0.53,3.12,140.5,2.09,40.6,107.5,175.5,3081660.682,19360.34744,29541.0,107.243221,32.946539,101.0,2.2583,204.0,0.0067,49.108078,22.523224,39.0,2.7108,152.0,0.0034,-118.835024,62.982443,-131.0,22.5976,-94.0,0.2134,5.933856,3.133098,9.0,40.1589,7.0,22.4547
40426002.0,0.0,0.0,0.0,100.0,0.0,0.0,0.0,0.0,0.0,0.0,-109.4410123,32.72385011,0.101,6.49,5.07,630.0,2.52,0.325,2.66,0.206,110.5,16.4,131.5,4.55,41.2,5.59,18.9,0.24,5.4,0.074,2.23,49.6,38.3,0.8,859.0,1.98,1.665,35.9,32.3,980.0,20.9,112.0,0.02,0.75,9.85,0.6,3.56,377.0,2.08,0.04,14.95,0.983,0.426,2.85,168.0,1.94,39.0,124.5,204.0,13014627.39,26804.32613,125356.0,116.289089,38.348689,109.0,1.5006,7.0,0.0048,59.272943,27.75988,46.0,1.7416,195.0,0.0008,15.138067,52.784699,12.0,13.316,15.0,0.0086,5.519265,1.643989,7.0,50.1359,3.0,24.1726
40430579.0,94.64720724,0.0,0.0,2.6763964495,0.0,0.0,0.0,0.0,0.0,0.0,-109.4788709,32.73430243,0.083,6.61,5.3,680.0,2.14,0.342,2.39,0.198,108.0,18.35,167.5,3.72,48.3,6.11,18.6,0.24,5.48,0.091,2.25,53.0,32.2,0.8,871.0,1.88,1.665,30.1,37.6,930.0,22.6,101.0,0.02,0.79,11.2,0.5,3.41,381.0,1.91,0.05,17.35,1.055,0.385,2.77,194.5,1.75,39.1,125.0,197.5,6935255.878,18835.61351,66815.0,92.604804,26.214622,72.0,2.3063,184.0,0.003,49.4528,20.570896,45.0,3.0213,2.0,0.0015,168.465893,71.805719,158.0,16.3945,110.0,0.162,5.830363,0.985507,5.0,58.4819,7.0,41.5181
40430577.0,21.6214059125,0.0,0.0,28.37859412,0.0,0.0,0.0,0.0,0.0,0.0,-109.4957296,32.76019916,0.078,5.79,4.44,630.0,1.72,0.353,2.49,0.181,142.5,38.2,348.0,2.83,54.8,11.95,21.1,0.27,5.89,0.109,1.86,68.7,22.7,0.83,1480.0,2.73,1.495,32.3,69.1,940.0,24.2,74.2,0.01,0.74,12.55,0.9,4.09,387.0,1.86,0.05,22.6,1.705,0.312,3.33,437.0,1.67,38.2,211.0,210.0,7162762.551,26126.64512,68968.0,92.900302,34.207415,70.0,1.7429,219.0,0.0058,50.883315,22.112268,40.0,3.3611,168.0,0.0014,33.166867,47.933995,-36.0,14.4058,-94.0,0.0042,5.36326,1.288621,5.0,55.1875,3.0,13.3248
40430591.0,61.28227286,0.0,38.7177271,0.0,0.0,0.0,0.0,0.0,0.0,0.0,-109.9686647,31.99041205,0.117,3.93,4.45,302.0,1.12,0.369,8.91,0.367,66.3,6.04,35.1,4.5,21.8,1.91,9.88,0.08,1.26,0.04,1.31,31.6,20.9,1.1,361.0,1.69,0.621,11.25,13.55,500.0,18.05,69.8,0.02,0.86,6.07,0.5,1.55,183.5,0.78,0.09,10.3,0.313,0.375,2.42,49.6,2.57,14.8,50.2,44.0,6496202.382,16242.67415,46300.0,179.201253,51.101478,255.0,8.1328,6.0,0.0016,118.666818,35.903429,111.0,0.9647,2.0,0.0016,-274.741297,32.092079,-305.0,17.4456,-221.0,0.0093,33.822663,1.53835,35.0,48.5234,33.0,3.7489
40430589.0,26.09615731,73.90384268,0.0,0.0,0.0,0.0,0.0,0.0,0.0,0.0,-109.9512595,32.01303824,0.113,4.24,6.96,356.0,1.32,0.335,10.35,0.465,51.0,6.84,42.3,5.74,24.2,1.91,10.75,0.09,1.43,0.044,1.51,24.7,26.4,1.11,408.0,0.97,0.491,10.75,17.95,550.0,18.65,80.2,0.03,1.06,6.75,0.6,1.43,204.0,0.72,0.04,7.66,0.289,0.44,2.06,50.9,2.21,15.5,58.9,53.0,6606747.092,18443.06602,59209.0,152.175581,61.989371,255.0,7.1471,25.0,0.0032,107.615036,33.912169,104.0,1.3577,3.0,0.0016,-200.502321,35.125815,-207.0,17.4837,-276.0,0.3726,29.360657,9.255977,34.0,77.691,35.0,2.0489
40430592.0,35.923507709999996,0.0,0.0,0.0,0.0,0.0,28.15298463,0.0,0.0,0.0,-109.9537282,31.9726987,0.166,4.09,4.97,342.0,1.31,0.507,11.4,0.533,61.8,6.87,44.7,5.64,24.6,2.11,10.85,0.08,1.515,0.046,1.52,29.5,19.3,1.12,520.0,1.41,0.45,14.55,17.8,500.0,32.4,94.3,0.03,0.97,6.76,0.6,1.81,264.0,0.99,0.07,9.49,0.325,0.569,2.52,56.0,2.47,18.0,88.2,52.5,763831.5116,4460.552789,6742.0,184.647731,51.959801,255.0,13.0233,120.0,0.0409,111.476602,28.921446,106.0,1.658,28.0,0.0137,-223.419598,18.593793,-239.0,55.4219,-202.0,2.0497,13.891645,7.812674,11.0,87.9515,35.0,12.0485
40430593.0,50.000000035,0.0,0.0,0.0,0.0,0.0,0.0,0.0,0.0,0.0,-109.9418512,31.9954225,0.113,4.11,5.29,354.0,1.24,0.271,10.2,0.353,65.2,6.8,42.3,5.68,15.75,1.97,10.6,0.07,1.615,0.043,1.47,31.4,23.0,0.95,402.0,1.33,0.589,15.5,18.65,450.0,19.75,82.7,0.02,0.98,6.7,0.4,1.57,212.0,1.18,0.02,9.59,0.327,0.471,2.34,52.1,3.58,17.8,58.1,55.1,473905.865,6131.249723,4521.0,104.687016,36.44673,97.0,2.1711,163.0,0.0219,105.825981,36.446176,105.0,1.5135,36.0,0.0219,-228.904883,3.326449,-227.0,42.8025,-221.0,6.5817,11.0,0.0,11.0,100.0,11.0,100.0
40430588.0,41.639995175,0.0,0.0,7.716687395,0.0,0.0,1.286634822,0.0,0.0,0.0,-109.9814645,32.03817854,0.129,5.7,7.17,460.0,2.11,0.398,8.48,0.385,61.7,7.99,49.0,7.41,36.9,2.28,14.85,0.13,1.76,0.047,1.93,29.7,32.8,1.03,557.0,1.06,0.758,12.25,20.5,690.0,20.4,108.5,0.03,0.99,7.91,0.5,1.87,197.5,0.88,0.08,8.94,0.307,0.54,2.0,54.7,4.15,17.95,74.1,61.6,46716332.68,64725.28595,392727.0,112.549124,52.032817,255.0,1.3487,2.0,0.0152,177.169301,63.24574,255.0,22.1629,2.0,0.0025,-191.353199,45.734985,-181.0,4.8753,-161.0,0.0104,22.370971,11.038176,33.0,42.9111,2.0,1.7155
40429046.0,19.56514899,0.0,0.0,0.0,0.0,0.0,80.43485081,0.0,0.0,0.0,-109.8963998,31.8934499,0.199,5.73,7.05,490.0,3.26,0.97,3.5,0.336,78.8,7.09,32.7,7.98,21.6,2.4,14.95,0.18,2.32,0.092,2.49,39.6,30.0,0.66,773.0,1.28,0.955,20.1,14.5,420.0,29.1,174.5,0.01,1.22,9.25,0.3,3.36,155.5,1.59,0.04,12.85,0.337,0.926,3.2,58.8,5.76,32.0,85.2,67.6,3728544.667,12583.51216,34020.0,159.378189,50.676052,255.0,4.6001,19.0,0.0168,160.337645,42.261652,255.0,1.673,8.0,0.0028,-16.004059,24.342571,-41.0,25.0413,-50.0,0.1732,6.077799,1.025559,6.0,95.6974,16.0,0.0476
40429045.0,1.480312246,0.0,0.335607436,19.783686699500002,0.0,0.0,0.0,58.6167064,0.0,0.0,-109.8752804,31.85799939,0.177,4.81,4.86,430.0,2.13,0.425,3.16,0.276,61.1,5.35,33.7,12.35,19.65,1.89,12.2,0.13,2.67,0.054,1.95,30.0,31.3,0.44,476.0,0.84,0.633,19.4,11.75,270.0,23.6,122.0,0.01,1.14,6.87,0.3,1.88,104.5,1.39,0.04,12.85,0.339,0.73,2.96,49.0,3.2,24.2,61.7,83.3,4316254.455,18520.83693,27478.0,119.479693,47.099149,104.0,0.9603,198.0,0.0073,120.212658,39.260182,96.0,0.789,4.0,0.0024,58.8896,29.974179,51.0,24.3351,37.0,0.0444,27.770109,5.950372,33.0,56.4176,21.0,43.5824
40429043.0,100.0,0.0,0.0,0.0,0.0,0.0,0.0,0.0,0.0,0.0,-109.9353561,31.87378872,2.26,8.77,7.11,392.0,3.04,9.34,10.05,9.25,93.2,17.75,33.1,7.18,953.0,6.5,52.6,0.27,2.69,0.223,1.85,43.6,49.2,1.08,2510.0,16.8,0.496,25.2,13.85,900.0,115.0,124.5,0.26,2.35,13.15,1.5,5.0,745.0,2.19,0.25,15.0,0.442,0.891,6.46,118.5,20.1,42.0,1265.0,71.5,9228749.738,19371.07709,10158.0,180.666568,51.424931,255.0,1.7481,31.0,0.0011,131.404753,39.05519,110.0,0.1753,10.0,0.0011,61.626825,21.282673,45.0,12.4009,8.0,0.1082,10.148259,6.001338,5.0,56.1723,23.0,4.6744
40429044.0,26.78081043,1.642844611,0.0,35.788172965,0.0,0.0,0.0,0.0,0.0,0.0,-109.9111778,31.856184,0.35,5.52,6.62,460.0,2.39,1.24,0.6,0.361,71.4,6.29,38.1,18.95,32.3,2.02,14.6,0.18,3.19,0.065,2.2,35.2,36.3,0.35,428.0,2.05,0.512,21.9,12.35,190.0,37.7,156.5,0.005,1.09,8.08,0.4,2.32,79.8,1.57,0.07,14.55,0.352,0.908,3.6,51.6,4.51,31.4,89.9,94.2,3016086.52,10569.37637,8774.0,117.948712,39.492745,86.0,0.517,2.0,0.0035,157.859961,46.422738,255.0,0.4776,18.0,0.0035,123.410552,54.26872,167.0,35.5683,14.0,0.01,19.566601,2.824741,21.0,79.5229,14.0,20.4771
40426036.0,100.0,0.0,0.0,0.0,0.0,0.0,0.0,0.0,0.0,0.0,-109.4787444,32.71408184,0.105,6.0,3.14,650.0,1.9,0.196,4.62,0.159,77.3,11.95,96.7,4.97,28.9,3.71,14.25,0.16,4.03,0.054,2.17,37.7,128.5,1.5,641.0,0.8,1.515,15.85,26.5,850.0,16.3,108.0,0.01,0.58,8.22,0.8,2.14,444.0,0.99,0.04,10.55,0.56,0.351,3.53,120.5,1.375,24.7,76.5,131.0,1982662.89,9210.504026,19046.0,96.05744,30.034274,91.0,1.9409,21.0,0.0104,46.364468,38.121488,1.0,7.1496,176.0,0.0052,29.329778,61.054495,13.0,33.7229,32.0,0.1123,16.930682,2.37668,16.0,86.7045,23.0,13.2955
40426037.0,40.05426929,27.09182625,0.0,0.0,0.0,0.0,16.426952228,0.0,0.0,0.0,-109.4960328,32.70610022,0.25,6.53,5.95,740.0,1.95,0.178,2.75,0.115,69.2,11.65,109.5,6.26,28.6,3.52,14.85,0.13,4.21,0.049,2.28,34.3,63.0,0.85,481.0,3.02,1.77,15.15,25.8,820.0,16.6,113.0,0.01,0.59,8.27,0.7,1.89,484.0,0.95,0.02,9.35,0.579,0.388,5.59,123.5,1.515,22.7,71.3,139.0,2110240.891,9126.905194,20362.0,81.310775,30.869963,66.0,1.694,138.0,0.0295,34.132444,33.78139,1.0,19.505,155.0,0.0049,-1.119718,57.476912,-45.0,44.5921,-62.0,9.2091,16.210852,1.196454,16.0,96.9878,23.0,3.0122
40429042.0,20.4077734205,10.606599244333333,0.0,10.821516173500001,0.0,0.0,0.0,5.721623128,0.0,0.0,-109.8478982,31.84498862,0.116,3.86,5.07,339.0,1.29,0.342,1.43,0.096,100.5,6.55,73.2,12.75,17.65,3.49,10.6,0.21,4.26,0.051,1.38,50.4,35.5,0.4,486.0,0.87,0.578,22.9,10.3,220.0,19.75,78.4,0.01,1.42,7.43,0.8,2.25,79.5,1.6,0.05,23.6,0.61,0.456,4.05,88.9,2.96,27.2,51.3,153.5,3394545.437,11562.70323,32315.0,77.10868,34.797987,63.0,2.0184,184.0,0.0092,92.72696,36.718772,88.0,1.3336,2.0,0.0031,32.806202,4.683821,34.0,27.2025,3.0,0.0297,30.12295,7.442046,35.0,56.5229,31.0,9.7129
40426038.0,99.46365637,0.536343705,0.0,0.0,0.0,0.0,0.0,0.0,0.0,0.0,-109.5214319,32.68901275,0.149,6.88,2.97,760.0,2.0,0.214,2.82,0.15,76.4,15.8,136.0,6.94,38.4,4.68,16.55,0.14,4.45,0.06,2.41,38.2,79.2,1.11,703.0,0.82,1.78,16.95,35.0,910.0,18.9,120.0,0.005,0.59,9.88,0.5,2.36,480.0,1.05,0.02,10.55,0.684,0.416,3.2,154.5,1.475,26.3,92.4,143.5,3863411.372,14040.81191,37267.0,94.119248,28.546224,82.0,1.9153,189.0,0.0054,29.151941,21.316072,1.0,11.9199,110.0,0.0027,122.878011,42.230671,171.0,29.0637,164.0,0.0157,19.285764,7.26235,23.0,79.0183,3.0,0.4553
40426041.0,29.24433745,0.0,0.0,32.14030177,0.0,0.0,0.0,6.47505799,0.0,0.0,-109.4612723,32.60790731,0.098,6.92,4.05,750.0,2.15,0.22,2.8,0.125,84.2,16.15,144.0,4.5,33.0,5.12,16.5,0.16,4.46,0.065,2.38,42.2,49.6,0.93,791.0,0.96,1.86,19.55,34.3,900.0,18.15,104.0,0.005,0.61,10.1,0.4,2.49,472.0,1.11,0.02,12.05,0.776,0.377,2.33,162.0,1.825,28.1,92.8,146.5,7369140.191,15048.61101,70876.0,115.367162,30.141763,107.0,1.9684,44.0,0.0042,57.373477,24.096152,49.0,2.1345,180.0,0.0014,1.333663,22.249582,-17.0,28.469,17.0,0.0192,21.696644,2.72484,23.0,81.3806,16.0,18.6194
40426042.0,0.0,100.0,0.0,0.0,0.0,0.0,0.0,0.0,0.0,0.0,-109.4745185,32.59453964,0.09,6.56,3.65,700.0,2.2,0.281,2.67,0.178,102.0,18.1,185.0,4.06,36.3,5.77,17.5,0.19,4.72,0.073,2.26,51.5,45.6,0.93,849.0,1.53,1.72,23.3,38.1,860.0,19.45,111.0,0.005,0.65,11.95,0.5,3.0,442.0,1.3,0.04,18.05,0.902,0.394,2.71,193.0,2.51,33.7,109.5,152.5,11190833.43,25120.44697,107715.0,107.60843,29.890122,106.0,2.1275,1.0,0.0056,55.120909,28.313751,41.0,2.0654,203.0,0.0009,29.285161,32.523964,69.0,13.3766,32.0,0.0027,16.170514,6.632433,23.0,40.6722,16.0,29.5885
40426039.0,9.446487513000001,20.7911804,0.0,5.544221575,0.0,0.0,0.0,42.10321456,12.66840678,0.0,-109.4361059,32.60566318,0.098,7.29,3.99,700.0,2.2,0.358,2.0,0.224,90.5,13.7,96.9,5.08,44.5,4.59,17.55,0.15,4.86,0.075,2.45,46.5,30.7,0.74,722.0,1.77,1.74,21.1,30.2,760.0,21.6,127.0,0.01,0.78,10.35,0.6,2.83,379.0,1.28,0.05,13.25,0.698,0.433,2.51,127.5,1.595,28.4,99.8,165.5,2815094.242,12345.08071,26006.0,126.77859,41.497547,128.0,1.4574,247.0,0.0074,71.710999,32.005937,52.0,1.5121,191.0,0.0037,32.709452,33.518157,44.0,35.1418,-17.0,0.0072,18.707096,4.320724,16.0,54.136,2.0,2.3971
40426005.0,10.4644302915,11.08454764,13.63482276,11.4889156725,0.0,0.0,0.0,31.37393746,0.0,0.0,-109.5200053,32.75588495,0.124,6.9,3.81,760.0,1.94,0.241,3.11,0.202,93.3,19.55,172.0,3.79,54.4,5.61,18.7,0.25,4.88,0.07,2.2,45.6,36.4,0.97,842.0,1.46,1.72,21.8,45.9,1010.0,20.2,87.3,0.01,0.66,11.15,0.7,2.49,509.0,1.36,0.05,12.9,0.879,0.37,2.37,179.5,1.495,30.4,119.5,179.5,5683818.858,22534.63513,54760.0,88.02427,26.343303,86.0,2.0673,173.0,0.0054,48.5657,23.991562,41.0,2.6505,159.0,0.0018,138.438976,56.854795,185.0,18.0314,98.0,0.1138,4.204988,1.075568,5.0,51.5575,12.0,0.0418
40426043.0,0.0,100.0,0.0,0.0,0.0,0.0,0.0,0.0,0.0,0.0,-109.4961443,32.56806922,0.088,7.07,3.89,750.0,2.36,0.325,2.81,0.175,108.0,17.25,176.5,4.51,39.4,5.79,17.9,0.19,4.88,0.081,2.44,53.7,45.4,0.97,886.0,1.62,1.86,23.5,36.5,880.0,20.7,115.0,0.01,0.72,12.6,0.6,3.09,468.0,1.35,0.05,15.15,0.897,0.412,2.67,185.5,2.0,34.0,110.5,155.0,7342181.76,20230.82414,70733.0,107.829217,26.967097,101.0,1.8965,38.0,0.0014,47.453817,21.352818,43.0,2.6254,160.0,0.0014,-13.740081,33.562219,3.0,15.7776,-1.0,0.1061,7.308641,4.830739,7.0,68.2311,4.0,3.1815
40426011.0,100.0000004,0.0,0.0,0.0,0.0,0.0,0.0,0.0,0.0,0.0,-109.3820174,32.66892002,0.093,7.28,4.05,790.0,1.91,0.314,1.95,0.229,90.1,17.15,99.3,3.83,49.3,4.78,18.5,0.25,4.88,0.078,2.22,44.2,25.8,0.78,735.0,1.59,1.61,19.3,45.6,1180.0,20.4,94.9,0.02,0.67,11.25,0.5,2.31,385.0,1.24,0.02,11.35,0.759,0.424,1.99,135.0,1.48,30.2,100.5,193.5,4329086.732,14148.30406,41330.0,154.989427,50.14424,255.0,5.138,31.0,0.0143,69.009361,24.510538,63.0,1.9046,185.0,0.0024,104.73432,188.24702,203.0,19.7466,-56.0,1.5967,9.586855,6.421343,15.0,48.3132,5.0,0.5192
40426007.0,8.754080497,45.62295981,0.0,0.0,0.0,0.0,0.0,0.0,0.0,0.0,-109.4206353,32.69202914,0.118,7.98,5.48,830.0,2.24,0.401,2.08,0.294,95.5,16.55,79.7,5.59,58.0,4.31,19.55,0.22,5.1,0.075,2.5,47.7,36.9,0.98,776.0,1.35,1.525,18.9,46.5,1120.0,24.5,115.5,0.02,0.88,11.75,0.4,2.43,368.0,1.19,0.07,13.25,0.62,0.489,2.3,105.5,1.79,32.5,103.5,201.0,4664427.523,11803.81632,44562.0,161.786971,44.593613,255.0,3.8421,25.0,0.0089,65.564164,27.213002,57.0,1.8744,193.0,0.0022,95.820433,101.983883,90.0,24.6121,226.0,0.7031,9.461352,4.97122,5.0,55.3894,16.0,0.0288
40426006.0,100.0,0.0,0.0,0.0,0.0,0.0,0.0,0.0,0.0,0.0,-109.4351877,32.69581474,0.103,7.73,5.3,790.0,2.24,0.346,3.22,0.232,98.7,17.35,103.0,5.3,49.2,4.84,19.7,0.26,5.45,0.083,2.4,47.9,45.4,1.18,748.0,1.55,1.58,20.2,48.9,1180.0,21.6,110.0,0.02,0.79,12.45,0.7,2.52,432.0,1.39,0.05,15.05,0.725,0.479,2.46,133.0,1.77,33.3,107.5,207.0,2618384.702,11316.95797,25155.0,150.097158,44.813469,255.0,3.2611,72.0,0.0119,56.240545,25.423171,49.0,1.8007,146.0,0.004,111.030953,61.037538,73.0,37.4797,140.0,0.2087,5.0,0.0,5.0,100.0,5.0,100.0
40426008.0,99.99999926,0.0,0.0,0.0,0.0,0.0,0.0,0.0,0.0,0.0,-109.4005093,32.70401036,0.084,7.82,4.63,950.0,2.4,0.294,3.21,0.247,107.5,12.65,46.4,3.68,38.9,4.62,19.5,0.26,6.3,0.075,2.41,51.2,30.2,0.74,992.0,1.92,2.14,28.6,20.2,2410.0,20.3,93.7,0.02,0.58,9.48,0.5,2.51,427.0,1.72,0.05,8.68,0.738,0.348,1.8,74.7,1.515,35.1,105.5,263.0,499040.2183,3819.027795,4805.0,104.673673,30.913206,74.0,2.4136,59.0,0.0832,101.807477,32.051485,76.0,1.4953,17.0,0.0208,-67.920284,12.575481,-63.0,50.2231,-97.0,10.3043,3.0,0.0,3.0,100.0,3.0,100.0
40430596.0,25.099367835,10.125943784,0.0,13.59329163,0.0,0.0,0.0,12.30232459,3.653760472,0.0,-110.0311056,31.60924039,0.087,3.71,7.11,343.0,1.04,0.357,15.1,0.407,49.6,6.08,33.9,5.62,32.4,1.97,9.46,0.07,2.17,0.036,1.36,22.9,19.6,0.55,357.0,1.08,0.471,10.75,14.3,430.0,17.75,69.5,0.04,1.28,5.87,0.7,1.49,146.0,0.75,0.07,9.11,0.297,0.412,2.11,48.8,2.08,14.3,51.1,79.1,2646486.393,8503.919548,24333.0,246.94752,20.628895,255.0,74.3417,96.0,0.0198,142.51738,33.430883,138.0,1.4126,8.0,0.004,-19.548977,15.514706,-16.0,34.7773,-46.0,0.2476,28.378307,2.930873,28.0,51.2078,21.0,10.8546
40430595.0,92.52654716,0.0,0.0,2.0602833475,3.296911443,0.0,0.0,0.055974539,0.0,0.0,-109.987621,32.07349259,0.115,4.41,8.42,407.0,1.45,0.264,8.06,0.327,61.8,6.44,45.6,6.32,25.2,2.04,11.4,0.11,2.29,0.037,1.7,29.7,23.9,0.57,363.0,1.48,0.668,13.5,18.8,460.0,16.7,86.4,0.02,1.42,6.91,0.5,1.58,182.5,0.96,0.04,10.6,0.35,0.472,2.51,54.1,2.69,18.05,61.6,76.3,819251.0726,5577.473885,7771.0,163.348732,42.406452,172.0,2.018,58.0,0.0381,91.537976,40.176994,85.0,1.6872,15.0,0.0127,-161.995066,1.39081,-161.0,64.8082,-162.0,3.0344,18.040583,1.968909,19.0,80.8117,14.0,19.1883
40429047.0,100.0,0.0,0.0,0.0,0.0,0.0,0.0,0.0,0.0,0.0,-109.9595348,31.93666259,0.079,6.56,4.1,323.0,6.75,1.095,2.17,0.18,248.0,6.94,19.1,4.99,26.1,2.72,18.8,0.28,2.4,0.127,3.03,117.0,20.1,0.93,884.0,2.32,1.995,56.7,9.15,410.0,29.6,214.0,0.02,0.91,10.85,0.7,5.58,121.0,4.07,0.07,58.0,0.351,0.912,7.96,56.9,5.96,69.3,84.5,49.8,12796674.41,19497.71541,8268.0,76.753266,50.898396,1.0,0.5219,182.0,0.0008,74.673316,45.609277,1.0,0.3018,197.0,0.0008,-68.591671,70.957703,-140.0,8.9427,65.0,0.0016,15.058343,6.207678,16.0,57.3966,7.0,7.8079
40430594.0,3.175704967,43.3334661555,0.35127673,4.669389371,0.0,0.0,0.0,1.960991999,0.0,0.0,-109.9666063,32.21151173,0.108,7.13,9.72,650.0,2.17,0.271,1.66,0.173,82.0,11.15,41.9,13.5,29.4,2.9,18.3,0.17,3.22,0.053,2.54,39.4,36.7,0.69,663.0,0.89,1.11,15.8,23.3,660.0,21.1,134.5,0.02,1.71,9.87,0.3,1.97,211.0,1.09,0.02,12.55,0.399,0.692,2.38,67.7,2.27,26.6,73.7,112.0,4106127.484,17354.09499,37549.0,53.261924,35.000767,1.0,6.0833,166.0,0.0076,120.262903,50.442005,255.0,2.2019,11.0,0.0025,61.924245,20.072083,63.0,24.5207,10.0,0.0025,14.4885,7.983631,7.0,53.1969,23.0,46.8031
40429049.0,40.72989281,0.0,0.0,0.0,0.0,0.0,18.54021448,0.0,0.0,0.0,-109.9264114,31.89917574,0.1,6.91,5.12,343.0,8.46,0.661,2.48,0.194,376.0,5.04,20.0,6.21,12.55,2.37,21.7,0.39,3.99,0.13,2.75,170.0,24.5,0.59,1355.0,2.05,2.07,86.4,8.67,360.0,39.4,209.0,0.01,0.79,9.21,0.8,6.69,130.0,6.61,0.05,102.5,0.392,0.934,9.58,35.5,6.61,94.1,88.4,82.3,4921052.978,12272.73706,12773.0,136.82557,62.729328,255.0,2.2765,30.0,0.0021,123.463949,47.277438,91.0,0.2905,9.0,0.0021,-19.963454,39.872386,8.0,22.8158,-102.0,0.1579,17.2045,8.08354,23.0,63.6362,6.0,1.3763
40429051.0,10.023292699999999,0.0,14.66673648,14.2088101325,0.0,0.0,0.0,36.86905732,0.0,0.0,-109.99725,31.85018746,0.136,6.14,6.79,338.0,6.65,1.13,7.04,0.335,284.0,4.3,26.3,7.15,14.95,1.91,18.0,0.31,4.17,0.09,2.13,127.0,21.3,0.9,665.0,1.88,2.02,77.2,10.55,430.0,29.3,177.5,0.02,1.08,7.52,0.8,6.0,137.5,5.82,0.07,92.1,0.367,0.731,9.76,36.9,11.25,78.5,80.8,106.0,9496069.014,19125.6288,36365.0,147.610752,66.266923,255.0,2.8923,10.0,0.011,134.69846,60.426654,255.0,1.7887,3.0,0.0187,135.567976,36.243415,160.0,12.0476,142.0,0.0032,13.556083,5.148868,16.0,63.1171,7.0,4.1636
40426053.0,100.0,0.0,0.0,0.0,0.0,0.0,0.0,0.0,0.0,0.0,-109.3296059,32.73034475,0.105,7.12,4.64,590.0,4.07,0.332,1.52,0.261,87.6,8.82,64.0,5.26,41.8,3.57,18.15,0.16,4.35,0.069,2.88,41.4,38.3,0.66,657.0,1.63,1.765,27.0,19.8,470.0,23.5,151.5,0.01,0.78,8.55,0.6,3.32,255.0,1.68,0.05,16.7,0.509,0.478,2.49,80.2,1.685,38.7,95.2,127.0,5677350.574,23193.8533,54053.0,105.528278,35.987602,98.0,1.6668,18.0,0.0109,77.600853,30.039432,74.0,1.486,8.0,0.0018,-146.619439,61.316775,-178.0,18.6668,-154.0,0.0892,13.503665,5.117283,16.0,80.1608,7.0,5.6231
40426054.0,30.707495751499998,36.03628493,0.0,0.2554027895,0.0,0.0,0.0,2.037918049,0.0,0.0,-109.3462754,32.72620333,0.094,6.4,4.48,570.0,3.38,0.335,2.34,0.195,94.2,10.75,89.1,4.32,34.6,4.32,17.35,0.18,4.37,0.074,2.53,47.0,35.5,0.68,689.0,1.7,1.605,30.1,22.9,460.0,22.2,129.5,0.01,0.78,9.2,0.6,3.67,280.0,1.83,0.05,18.6,0.671,0.44,2.9,119.0,1.72,38.8,95.9,131.5,5366279.85,12594.65611,51540.0,103.736962,25.471456,102.0,2.2042,186.0,0.0019,59.738786,21.52502,54.0,2.2901,1.0,0.0019,-154.83128,65.060628,-187.0,21.4004,-300.0,0.4528,7.711632,2.428635,7.0,92.093,16.0,7.907
40426044.0,99.99999939,0.0,0.0,0.0,0.0,0.0,0.0,0.0,0.0,0.0,-109.4798192,32.66514456,0.111,6.76,4.15,700.0,2.06,0.245,2.42,0.143,86.6,15.75,140.5,5.74,34.2,4.91,16.45,0.15,4.41,0.072,2.42,43.0,37.3,0.8,742.0,1.19,1.85,20.9,33.2,830.0,18.85,125.0,0.005,0.7,9.08,0.5,2.68,433.0,1.2,0.04,12.85,0.744,0.405,2.54,156.0,1.755,31.1,95.2,143.5,2405410.26,10714.22392,23189.0,110.708741,39.18978,101.0,1.7232,249.0,0.0172,53.317856,29.064854,40.0,1.988,153.0,0.0043,96.766869,49.1179,74.0,32.1387,40.0,0.4417,23.0,0.0,23.0,100.0,23.0,100.0
40426048.0,0.0,100.0,0.0,0.0,0.0,0.0,0.0,0.0,0.0,0.0,-109.4705587,32.62542662,0.089,7.12,4.51,760.0,2.23,0.194,3.03,0.124,77.2,14.35,106.0,4.4,33.1,4.03,17.05,0.17,4.49,0.058,2.45,39.4,54.0,0.98,703.0,0.95,1.985,17.45,33.3,920.0,18.05,115.0,0.005,0.51,9.28,0.5,2.26,480.0,1.04,0.02,11.25,0.591,0.391,2.45,120.5,1.83,28.8,82.5,141.5,4965925.141,19226.51191,46428.0,123.081481,41.222553,110.0,1.7795,207.0,0.0021,72.455333,34.439036,66.0,1.458,213.0,0.0021,26.386385,68.09638,11.0,20.3411,-47.0,0.2364,14.508051,6.124564,16.0,70.1096,23.0,12.8224
40426055.0,38.51686277,2.8813216759999998,0.0,17.20363137,0.0,0.0,0.0,0.0,0.0,0.0,-109.3423205,32.7054308,0.099,7.08,4.64,640.0,2.81,0.312,1.51,0.199,99.5,13.35,123.5,5.04,29.7,5.16,17.8,0.18,4.52,0.076,2.7,48.1,32.7,0.71,861.0,1.32,1.525,28.5,28.8,480.0,23.3,132.5,0.01,0.85,10.45,0.6,3.39,260.0,1.68,0.04,17.4,0.801,0.487,2.57,138.5,1.81,38.3,106.5,144.0,563178.2564,7987.813684,5446.0,101.122842,22.978853,99.0,5.8511,55.0,0.0367,43.515419,13.654435,38.0,4.3088,14.0,0.0183,-180.220646,76.64648,-224.0,34.1831,-300.0,0.0539,8.455915,0.890023,9.0,72.7957,7.0,27.2043
40426052.0,87.10576765,6.087502264,0.0,0.719228634,0.0,0.0,0.0,0.0,0.0,0.0,-109.3745612,32.74102547,0.094,6.76,4.29,630.0,2.67,0.335,2.13,0.206,86.6,11.25,92.9,4.02,44.9,4.5,16.6,0.16,4.54,0.07,2.46,43.4,33.5,0.81,700.0,1.7,1.72,26.8,21.8,740.0,20.9,110.0,0.01,0.67,8.86,0.6,3.22,355.0,1.54,0.06,12.45,0.744,0.411,2.26,119.5,1.465,29.8,99.1,146.0,2187835.359,9523.271642,21171.0,113.228615,23.819273,101.0,2.6816,182.0,0.0047,63.850184,19.923975,57.0,2.4771,4.0,0.0047,10.572288,50.281181,-10.0,43.4841,-108.0,0.3565,5.382168,0.78631,5.0,80.8916,7.0,19.1084
40426045.0,65.56113098,0.0,0.0,0.0,0.0,0.0,0.0,0.0,0.0,0.0,-109.4627306,32.63852309,0.104,7.05,4.68,740.0,2.28,0.231,2.64,0.165,77.4,14.35,95.1,5.49,35.8,3.99,17.3,0.15,4.69,0.06,2.46,39.2,59.3,0.99,700.0,1.03,1.815,17.25,33.1,920.0,18.9,127.0,0.005,0.58,9.91,0.6,2.37,449.0,1.09,0.02,11.2,0.593,0.428,2.3,115.5,1.945,27.3,83.8,149.5,2317282.396,8776.040571,22265.0,120.117404,32.574486,116.0,2.1171,28.0,0.0134,58.300987,25.919889,49.0,2.0132,158.0,0.0045,-78.921027,38.178034,-47.0,38.0449,-2.0,3.3502,18.392413,3.320128,16.0,65.8227,23.0,34.1773
40426046.0,0.0,100.0,0.0,0.0,0.0,0.0,0.0,0.0,0.0,0.0,-109.4473955,32.65230625,0.121,7.28,4.44,690.0,2.3,0.42,2.14,0.254,89.2,14.25,106.0,5.33,51.0,4.65,17.95,0.16,4.93,0.072,2.52,45.3,33.2,0.88,715.0,2.04,1.61,20.7,36.9,910.0,22.7,132.0,0.01,0.76,11.75,0.6,2.7,362.0,1.22,0.05,15.9,0.682,0.467,2.48,128.0,1.65,27.5,101.0,167.0,5449484.646,12962.91408,52140.0,147.443671,39.983662,144.0,1.6604,39.0,0.0038,63.021422,28.363082,58.0,1.8748,186.0,0.0019,113.266061,134.801571,194.0,21.0657,201.0,0.5739,13.525463,4.65549,16.0,76.7548,23.0,0.4579
40426056.0,100.0,0.0,0.0,0.0,0.0,0.0,0.0,0.0,0.0,0.0,-109.3060523,32.68125865,0.1,7.16,4.87,620.0,2.86,0.307,1.7,0.191,100.5,14.85,114.0,5.17,32.5,5.13,18.65,0.18,4.94,0.073,2.5,50.1,33.1,0.86,788.0,1.22,1.48,28.8,31.7,620.0,20.9,129.0,0.005,0.75,11.95,0.6,3.18,287.0,1.62,0.06,18.55,0.768,0.453,2.61,142.0,1.675,37.1,106.5,159.0,485587.5248,4744.13348,4627.0,128.766155,46.038118,159.0,2.3072,33.0,0.0214,71.30462,24.186386,72.0,2.4375,10.0,0.0214,268.542196,60.058475,234.0,56.1784,52.0,2.8548,11.229917,5.898945,15.0,70.9994,2.0,29.0006
40426051.0,50.000000825,0.0,0.0,0.0,0.0,0.0,0.0,0.0,0.0,0.0,-109.4364978,32.74522074,0.078,6.58,4.1,670.0,2.72,0.29,2.21,0.177,86.4,10.75,81.7,3.51,43.5,4.55,16.65,0.16,5.04,0.069,2.48,43.5,29.4,0.69,690.0,1.92,1.765,28.8,19.25,910.0,19.15,110.0,0.01,0.65,8.75,0.6,2.96,335.0,1.63,0.06,11.85,0.76,0.354,2.21,115.0,1.425,31.3,94.9,165.0,12380539.15,26446.8639,119393.0,115.46821,34.847623,114.0,1.7238,14.0,0.0017,52.638773,22.604144,43.0,2.225,171.0,0.0008,108.532955,66.78839,22.0,9.2737,-10.0,0.224,5.885068,1.06295,5.0,48.593,4.0,4.7691
40426047.0,22.536654054,27.463345904500002,0.0,0.0,0.0,0.0,0.0,0.0,0.0,0.0,-109.4649836,32.65191172,0.097,6.92,4.44,740.0,2.3,0.254,2.45,0.14,91.1,17.8,143.0,5.21,34.2,5.13,17.35,0.17,5.13,0.068,2.45,44.5,44.7,0.93,865.0,1.07,1.82,22.0,36.5,930.0,19.55,123.5,0.005,0.96,10.5,0.5,2.84,430.0,1.25,0.04,12.85,0.777,0.409,2.69,156.5,2.41,34.1,99.6,158.0,4289566.439,18015.46653,41004.0,131.422032,41.081973,128.0,1.5087,26.0,0.0145,68.155997,28.703274,61.0,1.6438,190.0,0.0024,-26.695621,136.03258,-134.0,23.1575,40.0,0.0495,18.274903,4.444073,16.0,58.3171,2.0,3.0614
40426057.0,0.0,100.0,0.0,0.0,0.0,0.0,0.0,0.0,0.0,0.0,-109.3152454,32.67676708,0.088,6.55,4.75,650.0,2.11,0.262,2.01,0.149,115.0,17.25,154.5,4.06,30.4,5.83,17.45,0.2,5.32,0.073,2.18,57.3,29.2,0.81,850.0,1.23,1.39,25.8,36.4,680.0,18.45,108.5,0.01,0.81,12.35,0.7,3.08,302.0,1.47,0.04,18.65,0.955,0.397,2.74,175.0,1.82,35.5,110.0,176.5,3041068.225,10314.3856,29400.0,128.560748,39.586782,138.0,1.632,24.0,0.0102,67.185056,27.810483,68.0,1.7411,160.0,0.0034,212.926206,112.848631,330.0,27.6504,159.0,1.2416,9.114003,6.481336,15.0,54.2049,17.0,0.4491
40429048.0,100.0,0.0,0.0,0.0,0.0,0.0,0.0,0.0,0.0,0.0,-109.9279175,31.91722139,0.085,6.72,5.04,319.0,9.75,0.594,0.63,0.204,500.1,3.35,17.8,6.42,17.2,2.1,23.6,0.69,6.34,0.09,2.87,300.0,25.1,0.22,1225.0,2.02,2.42,135.0,6.65,520.0,37.3,253.0,0.02,0.72,8.64,1.0,7.78,103.5,12.15,0.07,180.0,0.424,1.005,15.15,30.9,5.72,115.5,66.8,123.0,1909937.563,7660.139046,7632.0,101.429376,36.1324,101.0,0.9664,9.0,0.0055,116.080115,35.590044,106.0,0.5463,5.0,0.0055,-135.26412,12.305031,-141.0,46.859,-131.0,0.6076,22.197509,2.316641,23.0,88.8871,7.0,0.2732
40429052.0,19.96024660233333,7.907881143333333,0.0,6.3645796495,0.0,0.0,0.0,3.666457432,0.0,0.0,-109.9616007,31.82990945,0.748,3.8,6.3,318.0,1.29,0.57,12.7,0.753,50.6,4.96,29.4,8.09,25.0,1.69,8.86,0.1,1.61,0.045,1.43,25.5,22.2,2.25,556.0,1.04,0.339,10.1,12.1,540.0,44.6,82.3,0.03,2.01,5.42,0.7,1.48,100.5,0.73,0.07,7.74,0.214,0.489,1.83,34.9,4.48,18.6,93.8,52.9,2275621.22,11014.03596,8349.0,189.266619,49.358603,255.0,4.6438,36.0,0.0046,140.416746,50.097904,255.0,1.3035,4.0,0.0046,157.357412,16.600932,150.0,36.7478,129.0,5.8179,14.0,0.0,14.0,100.0,14.0,100.0
40430599.0,20.491914533,12.20492541,0.0,11.384939426,0.0,0.0,3.549452147,0.0,0.0,0.0,-110.0156423,31.61141792,0.097,3.41,6.93,312.0,0.95,0.423,15.9,0.415,44.0,5.1,32.1,6.14,32.2,1.78,8.6,0.07,1.96,0.042,1.31,20.8,20.4,0.6,369.0,1.43,0.494,9.9,11.65,430.0,19.45,65.6,0.04,1.3,5.33,0.6,1.32,199.0,0.7,0.09,7.35,0.276,0.38,2.21,44.1,2.16,12.65,49.5,69.2,3790712.87,11308.91887,34372.0,249.798237,15.454962,255.0,78.4631,163.0,0.0028,151.521792,32.828317,143.0,1.3854,26.0,0.0028,5.313197,10.202369,5.0,29.6092,-16.0,0.149,28.135034,1.32618,28.0,72.6341,31.0,13.647
40429053.0,100.0,0.0,0.0,0.0,0.0,0.0,0.0,0.0,0.0,0.0,-109.9657859,31.80573621,0.213,4.74,4.92,510.0,1.4,0.267,7.9,0.489,58.7,6.6,43.7,9.06,21.8,2.05,11.75,0.09,2.03,0.042,2.03,29.5,29.1,1.0,488.0,0.91,0.582,12.15,18.05,600.0,26.2,99.5,0.02,1.22,7.09,0.3,1.62,200.0,0.86,0.02,9.02,0.297,0.536,2.19,47.6,2.92,20.8,71.8,69.6,3375545.615,14426.42453,23267.0,160.556883,46.723958,255.0,2.932,44.0,0.0155,167.37371,43.358996,255.0,3.2434,32.0,0.0031,148.382155,9.290199,142.0,26.0948,141.0,0.0359,23.005569,9.416833,14.0,52.2137,32.0,7.3822
40430597.0,65.82703044,0.0,0.0,0.39619943,0.0,0.0,0.0,0.0,0.0,0.0,-109.9866311,31.54843115,0.398,4.59,8.24,345.0,1.14,0.209,0.69,0.552,49.1,4.64,20.7,18.75,24.1,1.81,11.2,0.11,2.3,0.033,1.6,22.8,33.1,0.44,402.0,0.59,0.716,10.8,8.02,150.0,61.4,94.6,0.03,2.06,6.2,0.6,1.47,63.9,0.76,1.13,7.32,0.311,0.647,1.79,43.0,1.725,16.65,107.5,81.2,17804854.22,29523.66665,90074.0,103.041222,51.04412,1.0,1.0673,247.0,0.0012,92.15226,35.287355,88.0,0.679,253.0,0.0006,26.491232,34.791454,60.0,9.4677,-33.0,0.0113,27.912349,7.421123,34.0,30.7076,28.0,1.2438
40429054.0,4.778020526,95.22197943,0.0,0.0,0.0,0.0,0.0,0.0,0.0,0.0,-109.9482328,31.78990523,0.168,5.33,4.87,419.0,1.45,0.659,4.32,0.245,84.5,8.99,52.8,12.55,24.4,4.34,13.2,0.15,2.56,0.053,2.02,41.1,32.7,0.74,598.0,1.45,0.838,16.0,16.55,490.0,27.5,110.5,0.01,1.71,9.03,0.4,2.16,116.0,1.23,0.06,17.0,0.476,0.634,2.95,104.5,6.03,23.7,70.8,78.8,10015805.35,19467.69266,78906.0,123.140547,40.95015,121.0,1.1922,15.0,0.0063,155.796774,44.595578,255.0,2.1408,16.0,0.001,140.226939,27.267492,157.0,11.8839,82.0,0.0071,30.722568,3.608946,33.0,71.4805,31.0,0.0689
40430598.0,4.4935708935,41.008496068,0.0,7.004476477,0.0,0.0,0.0,1.964514284,0.026875615,0.0,-110.0050788,31.5765487,0.112,5.16,6.14,429.0,1.35,0.264,3.92,0.238,54.1,5.74,26.0,23.1,21.9,2.13,12.9,0.13,2.77,0.046,1.82,25.9,35.0,0.69,497.0,0.66,0.694,11.45,11.45,340.0,17.45,99.4,0.02,1.15,7.84,0.4,1.58,92.7,0.8,0.08,8.19,0.327,0.65,2.04,48.0,1.71,21.1,56.2,97.8,6599742.554,16990.45517,62043.0,169.290395,80.746339,255.0,33.1826,3.0,0.0143,124.529959,47.900221,255.0,0.9122,7.0,0.0016,-26.771596,28.722579,-60.0,17.24,-17.0,0.0107,26.193631,1.570413,26.0,63.8631,22.0,8.8184
40429055.0,28.1880593,0.0,21.37221737,0.395601422,11.97612851,0.0,0.0,0.0,0.0,0.0,-109.9658506,31.76874126,0.169,6.06,5.27,700.0,1.69,0.582,3.48,0.212,78.2,11.25,57.5,12.65,30.3,4.12,14.95,0.14,3.04,0.059,2.19,38.5,39.9,0.73,800.0,1.27,0.988,16.95,19.95,580.0,27.9,121.5,0.01,1.53,9.47,0.4,2.18,208.0,1.19,0.08,12.55,0.472,0.654,2.61,96.0,3.5,26.2,83.9,103.0,9408092.874,24335.36881,86676.0,103.852647,36.131994,105.0,1.6882,236.0,0.0022,129.908962,42.733754,113.0,0.9529,1.0,0.0011,77.138375,36.191209,38.0,12.1654,60.0,0.0011,25.479904,2.248242,25.0,86.7122,31.0,2.099
40430625.0,0.0,100.0,0.0,0.0,0.0,0.0,0.0,0.0,0.0,0.0,-109.8980498,31.6498057,0.148,7.2,8.15,690.0,2.59,0.717,1.65,0.321,83.0,10.65,40.1,15.4,45.2,2.93,19.75,0.18,3.45,0.071,2.55,40.5,43.8,0.66,699.0,1.31,1.37,17.85,22.5,760.0,27.5,152.0,0.03,1.4,10.25,0.4,2.22,327.0,1.33,0.19,12.7,0.388,0.729,2.53,68.0,4.11,27.0,95.6,113.5,574037.5188,6184.07107,5486.0,85.551768,43.614765,78.0,2.8951,154.0,0.0364,187.403067,41.894986,255.0,8.2801,47.0,0.0182,61.439895,31.620898,85.0,59.6485,34.0,0.1054,4.220432,2.415189,3.0,79.6595,9.0,20.3405
40429056.0,100.0,0.0,0.0,0.0,0.0,0.0,0.0,0.0,0.0,0.0,-109.9851329,31.76485436,0.167,5.33,6.88,580.0,1.63,0.66,4.42,0.221,94.1,13.2,75.6,10.15,31.3,5.42,14.65,0.18,3.64,0.065,1.98,47.7,36.2,0.65,758.0,1.41,0.94,19.65,22.4,630.0,28.6,109.0,0.01,1.87,9.11,0.6,2.5,187.5,1.39,0.06,21.1,0.62,0.615,3.53,137.0,5.04,27.2,93.7,119.5,10525659.6,28622.52958,99683.0,100.731178,41.411273,72.0,1.3531,220.0,0.004,126.083053,41.692301,99.0,1.0158,12.0,0.001,35.504415,45.040966,60.0,10.7713,107.0,0.5954,22.810712,7.13451,25.0,48.5217,9.0,4.6637
40426012.0,25.11541037,31.15993826,0.0,18.60924122,0.0,0.0,0.0,0.0,0.0,0.0,-109.3945782,32.55415375,0.104,7.12,5.05,750.0,2.29,0.381,2.27,0.2,96.5,14.95,119.0,9.84,43.8,4.54,17.7,0.22,4.66,0.076,2.42,46.4,48.6,0.9,968.0,1.66,1.64,21.8,33.4,820.0,22.1,119.5,0.02,0.8,10.5,0.4,2.78,451.0,1.41,0.07,15.4,0.743,0.72,2.85,136.0,3.74,31.8,99.1,171.5,512713.1064,4014.504533,4950.0,108.373333,33.584629,106.0,2.275,36.0,0.0604,79.117097,27.869386,69.0,2.5745,2.0,0.0203,105.578137,26.816972,99.0,94.2778,196.0,1.4404,16.0,0.0,16.0,100.0,16.0,100.0
40426009.0,49.999999836,0.0,0.0,0.0,0.0,0.0,0.0,0.0,0.0,0.0,-109.3850118,32.53494473,0.089,6.61,4.57,710.0,1.96,0.31,3.28,0.164,115.5,19.05,189.5,6.95,36.2,5.67,18.05,0.28,4.8,0.085,2.25,57.2,46.2,0.89,821.0,1.17,1.755,24.9,40.6,830.0,21.0,106.0,0.02,0.73,11.65,0.7,3.04,494.0,1.56,0.02,16.2,0.976,0.479,2.76,194.5,2.19,38.0,111.0,172.5,3265592.755,11454.65314,31262.0,103.27116,27.261966,114.0,2.1851,27.0,0.0096,63.676742,22.880731,59.0,2.1694,147.0,0.0032,167.440976,56.833162,220.0,17.4904,4.0,1.3904,15.755748,1.462399,16.0,97.2861,7.0,2.7139
40426016.0,2.331835352,0.0,0.0,3.981905976,0.0,0.0,0.0,0.0,0.0,0.0,-109.3451477,32.59389583,0.096,7.33,5.5,710.0,2.14,0.361,2.16,0.187,115.5,16.35,141.5,5.68,40.8,5.14,18.65,0.26,4.91,0.072,2.5,57.9,40.6,0.8,781.0,1.63,1.645,23.5,42.4,660.0,22.6,121.0,0.02,0.85,11.3,0.6,2.94,375.0,1.55,0.04,17.0,0.847,0.503,2.64,156.0,2.12,34.9,107.5,182.0,3843159.368,13643.6704,37070.0,103.494011,33.682913,62.0,1.9791,188.0,0.0054,52.291407,19.969487,44.0,3.0878,2.0,0.0027,176.715241,58.845963,203.0,28.4469,138.0,0.482,3.984188,3.460467,3.0,43.6672,12.0,15.4752
40426014.0,0.0,0.0,0.0,32.00572218,0.0,0.0,0.0,0.0,0.0,0.0,-109.3603568,32.58912724,0.104,7.89,5.16,780.0,2.18,0.364,2.34,0.242,95.0,17.05,99.1,5.79,49.8,4.75,19.55,0.23,5.06,0.083,2.44,46.8,42.2,1.01,771.0,1.77,1.6,18.7,46.5,1040.0,22.4,113.5,0.02,0.74,11.85,0.5,2.43,409.0,1.22,0.05,13.65,0.697,0.496,2.1,125.5,2.09,31.9,102.0,190.0,3535711.537,10549.22737,33892.0,132.191845,38.972052,127.0,1.4997,250.0,0.0029,55.053466,23.073972,44.0,2.3609,138.0,0.0029,91.801815,87.45088200000001,33.0,32.1746,167.0,0.2062,3.143158,3.697741,2.0,84.5195,16.0,7.6027
40426023.0,100.0,0.0,0.0,0.0,0.0,0.0,0.0,0.0,0.0,0.0,-109.1886154,32.72625673,0.087,7.12,6.56,730.0,2.11,0.269,2.94,0.187,93.3,16.85,110.5,9.36,41.5,4.95,18.2,0.26,5.21,0.062,2.14,46.2,50.0,0.93,767.0,1.41,1.57,20.2,39.2,980.0,20.2,99.6,0.02,0.73,11.3,0.6,2.38,424.0,1.26,0.04,12.35,0.783,0.449,2.06,143.0,1.85,31.8,98.3,197.5,7673412.961,17209.34205,73966.0,110.8525,31.62099,110.0,1.6063,25.0,0.0081,69.259703,29.606089,58.0,1.6116,204.0,0.0013,-1.680189,119.462504,9.0,14.8371,8.0,0.0145,4.458247,1.2729,4.0,69.541,3.0,11.3881
40426015.0,95.52290655,0.0,0.0,0.0,0.0,0.0,2.2385440485,0.0,0.0,0.0,-109.3357997,32.593408,0.079,6.99,5.19,680.0,2.02,0.308,2.2,0.159,145.5,24.3,235.0,5.16,35.6,7.56,20.3,0.33,5.27,0.091,2.29,72.6,41.9,0.88,1090.0,1.45,1.545,30.3,53.6,800.0,21.5,108.5,0.01,0.89,13.5,0.8,3.42,357.0,1.93,0.02,21.4,1.29,0.442,2.82,256.0,2.38,44.8,140.0,192.5,871725.1578,5747.875941,8400.0,135.749286,41.494552,141.0,2.7606,68.0,0.0476,79.112735,29.32412,73.0,1.9354,170.0,0.0119,228.21049,78.116874,228.0,57.1826,157.0,0.0232,12.0,0.0,12.0,100.0,12.0,100.0
40426022.0,99.99999999,0.0,0.0,0.0,0.0,0.0,0.0,0.0,0.0,0.0,-109.387657,32.79201137,0.101,7.2,5.4,710.0,2.34,0.453,3.3,0.221,90.6,11.15,62.8,4.76,54.4,4.04,18.15,0.24,5.34,0.074,2.45,42.7,35.8,1.0,624.0,1.75,1.54,23.0,23.6,980.0,20.4,109.0,0.03,0.73,9.87,0.5,2.67,361.0,1.5,0.07,11.75,0.613,0.469,2.2,92.5,1.55,31.6,96.3,207.0,1079345.928,6201.689663,10384.0,132.445204,31.116485,118.0,3.4463,192.0,0.0096,80.125553,23.146263,75.0,1.9164,8.0,0.0096,23.408041,66.141044,65.0,43.7629,-72.0,2.987,5.141828,0.513362,5.0,92.9086,7.0,7.0914
40426021.0,100.0,0.0,0.0,0.0,0.0,0.0,0.0,0.0,0.0,0.0,-109.4092655,32.79711486,0.107,6.9,4.14,690.0,2.47,0.315,2.16,0.219,100.5,12.75,111.5,4.19,45.8,4.8,18.45,0.25,5.45,0.087,2.53,48.0,30.7,0.74,784.0,1.99,1.73,29.2,27.3,790.0,21.6,106.5,0.02,0.74,9.84,0.6,3.09,342.0,1.8,0.05,13.8,0.753,0.432,2.43,129.0,1.64,36.8,112.0,193.5,2849359.844,9766.390326,27333.0,133.073318,31.721032,132.0,1.8532,41.0,0.0036,81.567327,33.26845,61.0,1.9306,1.0,0.0036,-10.762575,37.014247,-30.0,39.1233,-103.0,1.8151,7.0,0.0,7.0,100.0,7.0,100.0
40430629.0,0.0,100.0,0.0,0.0,0.0,0.0,0.0,0.0,0.0,0.0,-109.9170549,31.75792383,0.159,6.96,8.86,630.0,2.61,0.956,1.04,0.257,114.5,10.95,45.7,13.25,42.0,4.24,18.35,0.21,2.71,0.07,2.79,57.0,44.4,0.63,791.0,2.54,1.62,24.5,22.7,1170.0,31.2,176.5,0.02,1.53,9.92,0.5,2.95,206.0,1.93,0.12,43.6,0.556,0.967,5.5,102.5,6.6,29.6,92.3,83.0,2551292.164,13077.80524,20626.0,127.747067,43.341588,112.0,1.4826,251.0,0.0041,146.236933,40.227243,144.0,0.9327,2.0,0.0041,124.48633,20.786136,118.0,24.2651,170.0,3.1137,17.115084,7.082621,9.0,39.4152,2.0,1.1713
40430628.0,8.40525e-06,49.99999573,0.0,0.0,0.0,0.0,0.0,0.0,0.0,0.0,-109.9075193,31.7399078,0.18,7.02,8.63,610.0,2.66,1.125,1.32,0.343,103.5,10.85,46.2,15.35,47.3,3.61,19.25,0.22,2.72,0.083,2.67,50.7,37.8,0.6,792.0,1.82,1.71,22.8,24.9,940.0,38.3,171.0,0.02,1.35,9.52,0.5,2.48,232.0,1.86,0.31,28.6,0.49,0.888,4.42,88.2,6.32,28.0,102.0,82.7,5097841.964,13414.523,43220.0,121.56187,42.428877,136.0,1.0972,6.0,0.0041,158.002147,43.13251,255.0,2.6928,2.0,0.0021,171.753558,22.048045,180.0,22.451,118.0,0.1821,5.989166,5.811583,2.0,59.1989,25.0,0.3673
40429057.0,10.067461616500001,0.0,0.0,0.0,0.0,0.0,79.8650765,0.0,0.0,0.0,-109.9141534,31.55404484,0.14,5.66,6.86,396.0,1.25,0.45,0.44,0.269,50.9,6.1,26.0,27.7,50.1,2.62,12.8,0.11,2.74,0.061,1.83,24.7,34.9,0.72,602.0,2.34,0.822,9.57,9.6,260.0,21.8,108.0,0.03,1.47,9.53,0.4,2.04,60.5,0.69,0.09,8.58,0.348,0.748,2.05,56.8,1.645,22.3,61.6,97.3,2917843.336,9828.293453,16783.0,120.783114,46.094739,92.0,1.0584,239.0,0.0036,118.570357,36.918518,109.0,0.7297,4.0,0.0036,-43.765965,5.585415,-41.0,36.1927,-31.0,2.1955,30.290629,1.275224,30.0,80.9608,34.0,4.628
40430631.0,0.0,100.0000165,0.0,0.0,0.0,0.0,0.0,0.0,0.0,0.0,-109.9477523,31.74728216,0.196,5.79,9.0,630.0,2.15,0.714,3.51,0.253,96.1,13.1,61.7,10.55,38.7,4.79,16.45,0.23,3.52,0.058,2.15,47.9,45.6,0.65,757.0,1.59,1.075,21.6,24.2,790.0,29.8,133.5,0.02,1.85,9.38,0.5,2.53,231.0,1.5,0.09,24.0,0.584,0.706,3.86,127.0,4.62,26.5,98.8,112.0,5808572.92,17560.69496,55206.0,128.578868,37.223373,127.0,1.7469,18.0,0.0054,163.156426,41.974803,255.0,1.5216,26.0,0.0018,52.890825,45.820692,48.0,16.1565,91.0,0.4569,10.250733,1.479144,9.0,58.3089,12.0,41.6911
40430626.0,23.83594325,27.95452281,0.0,0.0,0.0,0.0,48.20953394,0.0,0.0,0.0,-109.9895927,31.7205133,0.092,4.48,10.05,590.0,1.39,0.487,6.98,0.219,90.2,15.65,63.1,5.87,31.5,6.48,14.05,0.21,4.07,0.053,1.58,44.8,29.1,0.63,814.0,1.44,0.78,20.8,22.6,510.0,23.9,83.8,0.02,1.4,8.88,0.7,2.84,213.0,1.32,0.09,18.2,0.76,0.452,2.95,176.0,2.65,26.9,111.5,143.0,4536015.397,16760.05226,43263.0,123.910408,40.32408,125.0,1.4649,18.0,0.0069,122.176906,40.164448,93.0,1.1887,4.0,0.0023,-32.47483,28.508,-64.0,25.2235,8.0,1.4453,24.040795,9.873705,33.0,52.0213,21.0,4.0426
40430627.0,0.0,49.999999953,0.0,0.0,0.0,0.0,0.0,0.0,0.0,0.0,-109.9479648,31.7193594,0.191,5.66,12.1,830.0,1.68,0.682,4.1,0.319,83.3,14.1,57.2,8.42,37.8,5.05,15.6,0.16,4.41,0.07,1.85,40.6,30.4,0.69,825.0,1.82,0.95,19.5,21.4,760.0,33.6,101.0,0.02,1.86,8.96,0.6,2.54,530.0,1.25,0.34,11.9,0.624,0.523,2.96,146.5,2.84,27.9,110.0,153.0,4131188.634,14781.63455,39333.0,111.791473,42.347362,95.0,1.8462,16.0,0.0101,137.854552,38.290146,134.0,1.0802,7.0,0.0025,33.491428,25.389172,25.0,23.7936,32.0,0.2198,19.551009,7.31603,25.0,62.9084,12.0,0.5517
40426058.0,48.84674912,2.306501671,0.0,0.0,0.0,0.0,0.0,0.0,0.0,0.0,-109.3730315,32.54113502,0.091,6.75,4.73,680.0,2.17,0.366,2.58,0.221,94.5,14.5,132.0,6.56,37.2,4.96,16.9,0.17,4.52,0.07,2.36,48.5,40.1,0.9,715.0,1.68,1.61,21.4,34.8,860.0,21.8,123.5,0.01,0.73,11.7,0.7,2.79,402.0,1.25,0.06,15.15,0.75,0.492,2.56,143.5,1.945,30.3,99.2,152.0,2549931.853,11463.62669,24599.0,127.877231,32.452439,128.0,2.424,28.0,0.0081,74.208633,30.284768,53.0,1.789,1.0,0.0041,194.834869,47.74574,215.0,37.1317,94.0,0.2859,4.689999,2.49277,7.0,53.8,2.0,46.2
40426019.0,33.6946869505,7.4429646955,0.0,9.372153543,0.0,0.0,0.0,8.352543272,0.0,0.0,-109.3309083,32.55671082,0.089,7.05,5.1,690.0,2.11,0.264,2.52,0.173,95.9,13.95,101.0,6.49,31.8,4.37,17.65,0.27,4.52,0.064,2.53,48.8,64.6,0.9,679.0,1.16,1.555,20.4,34.8,840.0,19.15,125.5,0.01,0.74,10.5,0.7,2.51,392.0,1.32,0.02,14.75,0.693,0.501,2.27,123.0,2.09,33.0,94.4,166.0,,,,,,,,,,,,,,,,,,,,,,,,,,,
40426069.0,87.18291109,12.81708887,0.0,0.0,0.0,0.0,0.0,0.0,0.0,0.0,-109.4552032,32.84271916,0.107,6.9,4.83,740.0,2.2,0.344,2.68,0.308,92.2,18.8,163.5,4.23,80.9,5.26,18.15,0.16,4.57,0.087,2.15,45.6,29.1,1.1,777.0,2.38,1.52,19.95,46.7,940.0,20.9,94.8,0.02,0.69,12.1,0.6,2.62,463.0,1.18,0.07,12.2,0.746,0.379,2.24,157.5,1.77,28.9,112.5,165.0,2019143.703,10422.73218,19522.0,137.624219,27.197108,125.0,2.6936,184.0,0.0102,42.681844,14.300738,37.0,3.355,100.0,0.0051,222.207149,36.458404,252.0,40.5424,141.0,2.256,7.478615,2.54117,9.0,73.4564,4.0,7.1231
40426065.0,3.493189709,89.10940496,0.0,2.745574083,4.651831043,0.0,0.0,0.0,0.0,0.0,-109.5461601,32.80416425,0.128,7.35,4.81,710.0,2.29,0.331,2.02,0.284,94.2,13.5,84.5,5.9,70.9,4.07,18.9,0.14,4.6,0.082,2.46,46.1,31.2,1.02,701.0,2.5,1.475,23.1,33.1,1040.0,23.1,112.0,0.02,0.82,11.7,0.4,2.64,334.0,1.46,0.05,13.3,0.573,0.507,2.48,96.5,1.64,30.7,102.5,174.0,5231388.09,17805.55229,50147.0,97.784454,34.419857,72.0,2.2873,227.0,0.002,37.876518,22.770898,29.0,2.742,152.0,0.002,152.522436,80.481761,182.0,18.6298,-7.0,0.9864,9.253191,4.454615,12.0,72.3728,7.0,0.3181
40426074.0,0.275192719,80.18526071,0.0,6.491120183,0.0,0.0,0.0,6.55730589,0.0,0.0,-109.5127865,32.7988899,0.132,7.93,5.6,720.0,2.84,0.418,1.88,0.408,91.9,13.95,83.0,6.8,79.4,4.19,20.3,0.18,4.68,0.09,2.66,44.9,39.5,1.03,749.0,2.65,1.5,25.0,33.0,1140.0,25.9,131.5,0.03,0.85,13.35,0.7,2.95,334.0,1.54,0.08,12.95,0.609,0.55,2.29,104.0,1.735,34.5,114.0,173.0,7715771.884,21083.68816,74619.0,75.407671,25.904908,69.0,3.2666,161.0,0.004,40.045339,19.030446,34.0,3.6565,163.0,0.0013,179.714799,66.023108,173.0,13.7604,180.0,0.7987,2.839019,1.982186,2.0,68.4497,11.0,4.6322
40426018.0,95.76268775,0.0,4.237312542,0.0,0.0,0.0,0.0,0.0,0.0,0.0,-109.377577,32.63841342,0.113,7.78,3.83,740.0,2.02,0.338,1.86,0.235,82.4,14.3,87.9,5.37,48.4,3.84,18.35,0.22,4.84,0.06,2.41,39.5,32.5,0.85,707.0,1.46,1.59,16.65,45.7,830.0,21.3,112.0,0.02,0.7,9.92,0.4,2.16,396.0,1.1,0.04,11.9,0.549,0.477,2.02,90.9,1.595,25.5,90.2,183.5,1545177.79,8863.602867,14811.0,133.111809,35.521445,119.0,2.2321,7.0,0.0067,58.518932,26.673723,47.0,1.8146,3.0,0.0067,25.924719,76.719165,-14.0,39.6373,50.0,0.5368,2.0,0.0,2.0,100.0,2.0,100.0
40426017.0,67.16166975,32.83832943,0.0,0.0,0.0,0.0,0.0,0.0,0.0,0.0,-109.3706494,32.65515753,0.101,7.34,5.08,750.0,2.07,0.36,2.49,0.242,94.7,15.1,87.4,5.05,49.4,4.47,17.65,0.25,4.86,0.082,2.3,46.8,32.7,0.96,675.0,1.56,1.43,18.3,42.5,1100.0,21.3,102.0,0.02,0.81,11.15,0.5,2.25,354.0,1.21,0.06,13.15,0.677,0.452,2.29,116.5,1.78,30.3,100.0,195.5,5090239.65,17500.29406,48259.0,153.663959,45.603564,255.0,3.9111,40.0,0.0122,69.39905,24.434408,59.0,2.0703,4.0,0.002,51.861994,141.835077,-56.0,21.0013,-14.0,0.0199,3.873815,4.45663,2.0,84.9534,15.0,6.8227
40426068.0,1.2825197065,39.221955219,0.002816866,0.534072498,0.0,0.0,0.0,18.45416101,0.0,0.0,-109.5683492,32.8108637,0.114,6.89,4.47,670.0,2.36,0.386,2.29,0.3,104.0,15.95,133.0,5.67,70.5,4.87,17.95,0.16,4.97,0.083,2.26,51.6,35.5,1.01,713.0,1.99,1.485,24.9,38.1,980.0,23.6,106.0,0.02,0.83,12.3,0.6,3.01,357.0,1.47,0.05,14.45,0.739,0.44,2.78,135.5,1.775,32.7,110.5,178.5,1809763.743,8210.461076,17496.0,96.591564,24.892349,86.0,2.6302,25.0,0.0114,34.516076,19.82625,27.0,3.2777,135.0,0.0057,-35.132517,26.791503,-58.0,46.4845,-72.0,0.0391,7.192275,0.961459,7.0,96.1545,12.0,3.8455
40426024.0,81.20289561,0.0,0.0,0.0,0.0,0.0,18.79710554,0.0,0.0,0.0,-109.3466546,32.55024279,0.12,8.1,5.1,840.0,2.19,0.415,3.48,0.257,106.5,17.35,118.0,7.58,48.9,5.19,20.7,0.29,4.98,0.073,2.64,52.3,50.6,1.13,800.0,1.39,1.85,21.7,41.2,1180.0,24.5,127.0,0.02,0.82,12.65,0.6,2.82,507.0,1.41,0.08,14.05,0.806,0.557,2.47,148.0,2.16,35.9,111.0,185.5,5448258.608,16450.48839,52488.0,141.507049,37.316567,162.0,1.6359,31.0,0.0076,61.764039,22.523403,55.0,1.9254,154.0,0.0019,296.362978,106.450943,268.0,20.2073,170.0,0.1969,5.427257,3.799335,2.0,51.173,16.0,0.0095
40426072.0,1.884390964,32.70520300533333,0.0,0.0,0.0,0.0,0.0,0.0,0.0,0.0,-109.4667961,32.83815614,0.076,7.04,4.16,730.0,2.22,0.239,2.66,0.16,99.1,16.15,117.5,3.8,39.0,4.86,18.15,0.18,5.02,0.084,2.33,48.8,26.9,0.89,769.0,1.91,1.79,25.7,32.4,980.0,19.2,95.4,0.02,0.6,11.0,0.7,2.69,421.0,1.5,0.04,11.7,0.796,0.399,2.22,141.0,1.33,32.8,102.5,190.5,4933793.928,17811.85114,47313.0,116.800816,30.152658,125.0,2.0491,214.0,0.0021,46.639167,21.51178,40.0,2.3135,148.0,0.0021,156.371484,37.492834,141.0,38.8594,108.0,0.2831,5.214341,2.255366,3.0,48.6561,4.0,1.1275
40426025.0,45.56973454,0.0,2.888533469,35.42133869,0.0,0.0,0.0,0.0,0.0,0.0,-109.3509907,32.52894279,0.08,6.7,4.47,690.0,1.79,0.297,3.5,0.138,121.0,20.2,222.0,7.5,36.4,6.27,16.9,0.28,5.11,0.085,2.41,58.4,54.9,1.08,887.0,1.15,1.68,26.7,45.8,990.0,21.4,114.5,0.02,0.74,11.7,0.6,3.23,453.0,1.71,0.04,18.3,1.075,0.535,3.01,213.0,2.25,40.9,120.5,182.5,9845331.627,22665.70037,94534.0,113.274917,37.536136,100.0,2.0077,247.0,0.0021,51.621139,25.872499,45.0,1.9968,196.0,0.0011,134.385423,123.963506,227.0,11.6628,52.0,0.3733,10.054291,1.750308,11.0,71.9796,12.0,3.5022
40426073.0,0.0,43.58879481,0.0,0.0,0.0,0.0,56.4112056,0.0,0.0,0.0,-109.4604279,32.83202277,0.12,7.56,5.6,650.0,3.99,0.395,1.92,0.251,89.1,12.7,68.0,6.79,68.2,3.66,19.25,0.15,5.34,0.084,2.68,43.7,37.0,0.9,679.0,2.54,1.52,34.3,29.9,810.0,26.9,157.0,0.03,0.84,9.86,0.3,3.76,313.0,2.34,0.06,15.05,0.522,0.59,2.83,88.7,1.865,45.9,108.0,179.5,2254178.885,11912.89178,21592.0,113.133938,34.127126,118.0,1.7832,192.0,0.0046,55.02297,22.085796,46.0,2.7101,1.0,0.0046,75.30706,45.199481,66.0,34.1936,180.0,0.1347,6.375384,1.452005,7.0,84.3846,3.0,15.6154
40426064.0,20.92179086533333,15.06008037,0.0,3.5572332820000003,0.0,0.0,0.0,0.0,0.0,0.0,-109.5460494,32.79594949,0.125,7.09,4.61,740.0,2.72,0.321,2.28,0.235,89.3,12.15,107.5,4.44,58.9,4.66,17.4,0.17,5.35,0.075,2.58,45.7,33.4,0.81,705.0,1.77,1.795,27.0,26.5,880.0,21.3,116.0,0.01,0.74,10.25,0.7,2.94,367.0,1.55,0.06,13.95,0.721,0.411,2.56,125.0,1.56,31.0,101.0,177.5,3480085.49,12207.14596,33427.0,98.72938,30.188007,86.0,2.5406,35.0,0.0059,46.332895,25.751672,31.0,3.0759,174.0,0.003,34.627775,30.079697,21.0,31.1606,102.0,0.9444,9.063799,2.981576,12.0,50.7095,7.0,2.1227
40426049.0,100.0,0.0,0.0,0.0,0.0,0.0,0.0,0.0,0.0,0.0,-109.585703,32.81182586,0.097,6.6,4.83,680.0,2.39,0.417,2.37,0.227,107.0,18.1,225.0,3.94,65.9,6.81,17.95,0.19,5.51,0.088,2.33,53.2,31.1,0.89,895.0,2.26,1.72,30.6,38.9,890.0,22.2,103.5,0.01,0.78,12.45,0.7,3.32,373.0,1.75,0.05,17.8,1.065,0.348,2.77,211.0,1.62,36.5,133.0,180.0,7312811.046,18530.81333,70115.0,101.784682,28.290945,95.0,2.1205,238.0,0.0014,37.213071,28.932474,26.0,2.9956,214.0,0.0014,-48.564843,42.306461,-89.0,23.5585,-7.0,0.0401,9.272551,5.691208,7.0,78.0424,12.0,2.0099
40426066.0,32.268548221,35.46290354,0.0,0.0,0.0,0.0,0.0,0.0,0.0,0.0,-109.4992166,32.82819089,0.091,6.68,3.88,700.0,2.35,0.26,2.38,0.179,99.6,14.05,101.5,4.02,50.5,4.3,17.3,0.15,5.66,0.079,2.3,49.1,28.2,0.83,680.0,2.81,1.7,25.7,30.9,1010.0,20.9,102.0,0.01,0.65,10.35,0.6,3.79,378.0,1.57,0.05,12.4,0.663,0.428,2.62,111.5,1.59,31.8,98.1,192.0,3558535.263,15496.14782,34331.0,104.351199,28.615111,115.0,2.1523,182.0,0.0116,55.136223,23.281754,39.0,1.9172,146.0,0.0029,98.512582,49.24249,108.0,27.6238,-63.0,0.0028,5.89188,3.843785,3.0,63.8189,2.0,0.029
40426071.0,14.574712483999999,0.0,0.0,70.85057539,0.0,0.0,0.0,0.0,0.0,0.0,-109.4471643,32.85016011,0.081,7.19,4.8,740.0,2.5,0.268,2.79,0.182,117.0,20.6,164.0,3.98,47.5,6.46,20.3,0.19,5.82,0.087,2.42,58.7,28.7,0.97,937.0,1.93,1.85,30.9,41.5,1040.0,21.4,103.0,0.01,0.66,12.25,0.5,3.36,425.0,1.79,0.06,16.15,0.979,0.413,2.67,190.5,1.545,38.4,133.0,205.0,11489321.13,21612.32607,110831.0,132.866689,29.516905,125.0,1.8992,231.0,0.0054,48.76579,18.838486,44.0,2.4333,150.0,0.0009,309.03769,99.833139,362.0,10.0868,108.0,0.0018,4.548438,1.173307,4.0,81.9329,9.0,0.3212
40426067.0,100.0,0.0,0.0,0.0,0.0,0.0,0.0,0.0,0.0,0.0,-109.5441954,32.82810188,0.11,7.87,5.71,840.0,3.01,0.367,2.18,0.316,123.0,14.5,84.3,5.13,65.3,5.24,22.0,0.19,7.51,0.104,2.72,60.0,33.1,1.02,944.0,2.6,1.985,40.2,30.8,2020.0,24.3,108.0,0.02,0.79,14.8,0.6,3.01,366.0,2.35,0.06,12.2,0.786,0.422,2.52,107.5,2.01,41.3,127.5,278.0,4575111.212,17714.54543,44175.0,99.381686,31.634023,86.0,2.0033,213.0,0.0023,44.682461,26.369756,27.0,2.5599,162.0,0.0023,-13.129155,115.874155,9.0,21.096,75.0,0.261,7.904468,3.537412,9.0,52.1662,11.0,7.9305
40430633.0,0.0,100.0000003,0.0,0.0,0.0,0.0,0.0,0.0,0.0,0.0,-109.9120167,31.77637692,0.25,6.35,7.08,530.0,2.31,1.085,1.85,0.271,89.4,10.8,57.6,13.85,35.1,3.94,16.65,0.21,2.39,0.074,2.41,43.7,42.9,0.74,797.0,1.53,1.01,18.6,23.1,670.0,32.9,149.5,0.02,1.56,10.5,0.4,2.24,122.0,1.38,0.06,22.6,0.488,0.785,3.03,93.1,5.68,22.8,95.7,77.1,3157758.723,11264.32104,27444.0,119.298863,42.694124,105.0,1.662,12.0,0.0033,155.325159,41.052652,255.0,1.6557,27.0,0.0033,118.951147,12.065547,107.0,34.2546,134.0,0.2876,23.843665,1.813347,25.0,71.0916,21.0,28.9084
40429061.0,25.569358276,10.305585134333333,0.0,7.244082617,0.0,0.0,4.5742917715,1.551861788,0.0,0.0,-109.9375471,31.57200609,0.128,5.17,5.98,480.0,1.33,0.35,0.74,0.202,53.0,4.96,25.6,27.3,28.8,2.24,12.2,0.12,2.77,0.058,1.78,26.1,35.7,0.57,455.0,1.01,0.744,10.5,8.09,250.0,27.7,123.5,0.02,1.4,8.59,0.4,1.77,63.1,0.77,0.07,8.96,0.332,0.764,2.26,50.8,1.625,22.4,54.2,102.5,4598208.632,14289.44275,42428.0,100.852362,50.572519,68.0,1.3777,238.0,0.0046,106.371747,32.130215,100.0,1.3194,2.0,0.0023,-49.433291,8.947275,-45.0,22.5969,-42.0,0.0921,26.362539,3.106324,28.0,77.9293,22.0,6.4097
40429058.0,100.0,0.0,0.0,0.0,0.0,0.0,0.0,0.0,0.0,0.0,-109.9556808,31.55822385,0.108,5.84,6.68,387.0,1.34,0.398,1.5,0.248,52.0,5.17,25.4,30.9,34.3,2.33,13.35,0.13,3.07,0.063,1.85,25.6,42.2,0.69,434.0,1.28,0.9,10.35,8.85,300.0,20.1,116.5,0.03,1.36,9.17,0.3,1.88,71.1,0.76,0.1,8.56,0.317,0.79,2.28,50.1,1.42,24.4,60.1,110.0,3222711.004,12183.65386,27855.0,111.481314,49.293347,103.0,1.3145,247.0,0.0033,107.100815,30.916296,98.0,1.3606,2.0,0.0032,-22.582183,9.394061,-20.0,32.3852,-17.0,0.0407,28.265333,3.137479,28.0,66.0683,22.0,13.0114
40429059.0,100.0,0.0,0.0,0.0,0.0,0.0,0.0,0.0,0.0,0.0,-109.9448107,31.56289299,0.124,6.08,7.73,388.0,1.48,0.445,0.51,0.293,53.5,5.82,25.9,36.6,36.6,2.46,14.25,0.14,3.15,0.065,2.03,26.0,38.2,0.63,520.0,1.25,0.705,10.15,9.5,290.0,20.9,126.5,0.02,1.32,10.45,0.3,2.0,63.1,0.74,0.09,9.4,0.321,0.859,2.23,53.1,1.49,26.7,58.0,108.0,3774490.317,10264.19096,25260.0,122.085273,51.810814,255.0,1.2296,229.0,0.0028,109.833958,35.454208,106.0,0.9591,15.0,0.0028,-34.070699,7.972421,-31.0,28.6192,-47.0,1.3017,28.632194,1.661265,28.0,87.3411,30.0,0.025
40426062.0,100.0,0.0,0.0,0.0,0.0,0.0,0.0,0.0,0.0,0.0,-109.3786447,32.61873937,0.116,7.08,3.8,720.0,2.38,0.377,1.63,0.299,70.1,10.15,54.0,4.71,47.9,3.19,16.35,0.13,3.8,0.057,2.43,33.8,33.2,0.64,715.0,1.65,1.635,13.95,20.8,640.0,20.7,113.0,0.01,0.72,8.41,0.5,2.09,343.0,0.91,0.04,11.0,0.462,0.432,2.03,71.6,1.525,19.65,83.0,128.5,3671848.956,11549.18435,34780.0,108.682059,41.408709,97.0,1.4826,228.0,0.0056,90.447291,34.041767,80.0,1.3209,207.0,0.0028,-32.695573,71.630433,50.0,28.7667,134.0,0.3611,10.625871,6.626561,16.0,60.2698,3.0,18.8095
40430632.0,28.04659984,71.95339814,0.0,0.0,0.0,0.0,0.0,0.0,0.0,0.0,-109.9531897,31.6766368,0.119,5.57,10.85,640.0,1.55,0.352,1.96,0.125,73.8,10.45,44.7,9.49,40.4,3.58,14.3,0.19,3.93,0.042,2.02,35.4,33.2,0.54,576.0,0.83,1.075,15.15,20.4,420.0,18.75,95.7,0.02,0.81,7.28,0.2,2.0,244.0,1.03,0.06,11.75,0.463,0.485,2.28,86.4,2.19,21.8,69.6,136.5,8151295.65,15653.84507,77845.0,89.403905,39.094841,72.0,1.6523,227.0,0.0077,107.71252,31.313813,91.0,1.473,8.0,0.0013,-47.901938,40.550336,-7.0,14.0378,-18.0,0.1201,25.219443,1.309893,25.0,97.2687,34.0,0.0937
40426063.0,99.83681066,0.163189363,0.0,0.0,0.0,0.0,0.0,0.0,0.0,0.0,-109.3605992,32.60827985,0.102,7.05,4.33,650.0,2.32,0.377,1.67,0.231,74.0,10.9,85.4,5.39,41.6,3.48,16.45,0.15,4.0,0.055,2.41,36.6,41.2,0.77,609.0,1.98,1.46,15.25,31.4,610.0,21.4,122.0,0.01,0.77,9.2,0.6,2.29,321.0,1.02,0.04,13.3,0.496,0.473,2.28,88.5,1.665,22.0,81.3,130.0,4740437.248,13775.9782,45710.0,101.309276,36.876923,106.0,1.5499,229.0,0.0131,72.185107,27.994477,55.0,1.9063,2.0,0.0022,3.348558,87.064954,-42.0,22.4286,-85.0,0.0149,8.806121,6.462858,3.0,55.3375,16.0,44.6625
40426076.0,0.0,17.854275042,0.0,32.1457247065,0.0,0.0,0.0,0.0,0.0,0.0,-109.4414881,32.56817244,0.077,6.72,4.05,720.0,2.16,0.231,3.53,0.145,105.0,18.25,147.0,5.75,29.4,5.22,17.5,0.22,4.08,0.078,2.27,52.3,60.5,1.07,815.0,1.04,1.685,21.1,36.1,960.0,18.7,100.0,0.02,0.64,12.2,0.7,2.64,498.0,1.39,0.02,13.3,0.879,0.416,2.56,174.5,1.89,33.4,99.7,152.5,3529964.591,14417.67182,32828.0,118.727062,32.747017,111.0,1.9485,5.0,0.0059,66.309158,36.278075,47.0,1.6898,183.0,0.0029,147.587251,39.14392,152.0,26.0433,126.0,0.3526,20.119025,3.444823,23.0,58.8432,16.0,41.1568
40426075.0,49.81425509,50.18574514,0.0,0.0,0.0,0.0,0.0,0.0,0.0,0.0,-109.4480407,32.57707088,0.088,6.97,4.43,690.0,2.27,0.382,2.75,0.225,101.5,14.8,109.5,6.35,36.6,4.44,17.75,0.21,4.28,0.084,2.45,50.0,47.2,0.88,734.0,1.32,1.565,23.3,30.4,770.0,22.8,129.0,0.02,0.82,11.75,0.7,2.75,394.0,1.5,0.06,15.5,0.749,0.503,2.88,133.0,1.97,33.8,98.0,156.0,6012008.584,20081.73265,56367.0,115.075275,37.364774,111.0,1.7016,31.0,0.0017,76.427908,34.301164,45.0,1.7672,4.0,0.0017,122.442886,41.729685,152.0,20.2478,149.0,0.3367,19.428377,3.499267,16.0,51.0232,23.0,48.9768
40426077.0,22.545878068500002,16.495936845,2.71985914,6.171985076,0.012684503,0.0,0.002582003,6.837274395,0.0,0.0,-109.4247823,32.54108175,0.088,6.76,4.91,770.0,1.95,0.228,2.85,0.108,121.0,25.8,232.0,7.77,29.7,6.96,18.65,0.22,4.69,0.086,2.3,59.0,40.6,0.82,1025.0,1.09,2.04,26.5,45.6,930.0,20.6,104.0,0.01,0.63,12.05,0.7,3.15,538.0,1.48,0.04,13.9,1.2,0.533,2.89,262.0,2.26,39.3,127.5,169.5,1170769.495,7878.758236,11286.0,90.807461,29.758257,65.0,2.5035,8.0,0.0531,30.334726,27.194842,1.0,11.8091,99.0,0.0089,53.844564,104.897817,182.0,37.2546,0.0,0.5622,16.0,0.0,16.0,100.0,16.0,100.0
40426061.0,18.62637989,0.0,0.0,53.11299562,0.0,0.0,0.0,0.0,0.0,0.0,-109.3786701,32.60031268,0.125,7.37,4.34,690.0,2.46,0.378,1.79,0.229,85.1,13.15,74.9,6.42,48.4,3.95,16.6,0.16,5.02,0.062,2.54,41.5,36.9,0.88,713.0,1.31,1.545,16.75,34.7,890.0,21.8,132.5,0.01,0.72,10.5,0.5,2.49,339.0,1.06,0.04,12.3,0.57,0.468,2.51,92.4,1.755,25.4,89.1,170.0,2474012.849,9876.92875,22757.0,131.3366,47.642669,128.0,1.3564,14.0,0.0251,83.663292,32.824634,77.0,1.4459,6.0,0.0042,61.6971,52.631742,32.0,41.9642,142.0,0.5195,14.476179,4.189462,16.0,88.3134,2.0,0.4567
40426059.0,100.0,0.0,0.0,0.0,0.0,0.0,0.0,0.0,0.0,0.0,-109.4533931,32.55206661,0.082,6.23,4.18,690.0,1.89,0.26,3.03,0.133,115.0,21.0,247.0,5.86,33.6,6.88,16.65,0.19,5.06,0.079,2.19,57.0,40.8,0.93,971.0,1.09,1.73,24.3,41.9,920.0,18.95,104.5,0.005,0.58,11.85,0.6,3.1,471.0,1.39,0.02,19.5,1.08,0.386,2.74,242.0,2.11,36.4,121.5,155.0,10136942.05,24912.81383,96070.0,108.520131,29.732147,106.0,1.9313,234.0,0.001,49.295521,32.698193,1.0,2.5294,235.0,0.001,53.832195,91.416314,-54.0,11.2183,-111.0,0.7139,17.740071,4.020615,16.0,67.3032,7.0,0.1882
40426081.0,35.08733774,0.0,0.0,64.91266152,0.0,0.0,0.0,0.0,0.0,0.0,-109.8163462,31.68045543,0.158,6.9,10.8,610.0,2.02,0.904,2.87,0.267,83.0,10.55,45.0,19.0,38.4,4.01,16.55,0.15,3.04,0.07,2.38,42.2,37.6,0.61,664.0,2.25,1.255,16.05,19.5,920.0,23.9,133.0,0.02,1.1,9.06,0.5,2.67,234.0,1.09,0.1,32.8,0.453,0.686,3.85,97.9,4.36,26.8,75.1,89.0,2930257.742,14129.6854,27907.0,98.162683,37.016207,116.0,2.1037,213.0,0.0071,123.584198,50.607689,255.0,1.495,4.0,0.0036,144.840369,38.755613,150.0,29.2163,177.0,0.73,6.0,0.0,6.0,100.0,6.0,100.0
40426078.0,23.12043574,76.87956409,0.0,0.0,0.0,0.0,0.0,0.0,0.0,0.0,-109.7985759,31.71449429,0.346,7.05,8.04,570.0,2.25,1.3,2.16,0.278,98.3,8.56,28.3,16.3,36.9,4.18,16.45,0.15,3.33,0.082,2.69,48.4,49.4,0.45,773.0,2.68,1.365,19.1,11.55,1020.0,36.2,162.5,0.02,1.61,8.2,0.5,3.15,217.0,1.3,0.24,48.6,0.435,1.04,5.94,95.2,8.97,30.9,78.6,88.7,1187804.285,8931.198822,11283.0,113.515111,51.14989,255.0,1.8256,227.0,0.0176,118.924415,48.491054,255.0,1.2128,6.0,0.0088,75.236768,17.449553,65.0,37.0062,42.0,1.852,6.361833,1.29547,6.0,92.7633,11.0,7.2367
40426079.0,0.0,47.01022341,0.0,0.0,0.0,0.0,26.494888302499998,0.0,0.0,0.0,-109.803064,31.69092153,0.195,6.94,6.16,630.0,2.61,1.69,0.91,0.346,110.5,10.35,49.2,12.75,53.2,4.07,16.55,0.16,3.67,0.092,2.88,56.1,37.5,0.47,809.0,7.17,1.63,21.9,21.4,1270.0,33.7,184.5,0.01,1.36,9.31,0.4,3.0,204.0,1.61,0.21,70.2,0.497,1.09,6.92,100.0,11.0,34.7,87.1,103.0,3518950.442,16886.71365,33554.0,102.536955,32.850412,116.0,1.9158,203.0,0.0059,150.15079,49.39757,255.0,2.0971,16.0,0.003,145.528276,38.699991,158.0,27.528,72.0,1.6977,6.0,0.0,6.0,100.0,6.0,100.0
40430493.0,87.12065908,1.296361755,0.0,0.0,0.0,0.0,11.58297907,0.0,0.0,0.0,-109.8141648,31.4330346,0.252,5.54,10.3,510.0,1.48,0.794,2.82,0.464,61.7,6.67,29.5,5.39,91.1,2.45,13.5,0.24,1.725,0.083,1.91,30.5,29.9,0.57,419.0,3.83,0.611,11.55,13.4,400.0,31.7,102.5,0.06,1.54,8.51,0.6,2.15,94.6,0.8,0.15,8.31,0.352,0.615,1.95,59.5,2.59,16.65,71.6,65.4,743040.3715,4874.529639,6705.0,172.704549,48.201816,255.0,7.3606,119.0,0.014,127.631152,35.178723,122.0,1.4814,19.0,0.0141,-122.680266,1.312345,-123.0,90.3632,-133.0,0.2033,19.0,0.0,19.0,100.0,19.0,100.0
40430494.0,100.0,0.0,0.0,0.0,0.0,0.0,0.0,0.0,0.0,0.0,-109.8113394,31.42551272,0.208,4.71,8.4,440.0,1.16,0.745,5.32,0.403,60.3,5.75,32.5,4.09,71.5,2.5,11.15,0.22,1.73,0.077,1.55,29.4,28.1,0.69,377.0,2.32,0.613,12.9,11.95,330.0,26.5,77.3,0.05,1.47,7.55,0.7,2.01,143.0,0.85,0.16,8.22,0.424,0.494,2.02,62.3,2.45,14.5,63.4,66.8,3471501.514,11849.9375,28512.0,156.403023,50.272948,255.0,5.6797,20.0,0.0181,121.548524,33.546486,113.0,1.3674,2.0,0.003,-113.806198,6.455367,-112.0,30.3378,-114.0,1.3286,21.178351,3.548627,19.0,62.6043,31.0,7.3311
40430492.0,0.946741308,74.64215583,0.0,5.1666874145,12.12895602,0.0,0.352448751,1.596323379,0.0,0.0,-109.8102157,31.3397705,0.394,3.95,12.85,351.0,1.41,2.57,12.15,1.79,51.8,5.74,27.8,13.6,245.0,2.4,10.1,0.21,2.03,0.236,1.86,25.2,30.7,1.4,1105.0,1.75,0.291,12.85,13.2,620.0,144.5,105.5,0.03,2.52,6.18,1.1,3.14,102.0,0.83,0.64,8.16,0.265,0.704,2.89,41.8,4.73,20.6,256.0,73.1,883049.2781,6762.899663,8419.0,201.749614,37.586592,255.0,10.7999,115.0,0.0237,133.993583,29.355274,120.0,1.7336,23.0,0.0119,-22.500286,7.594361,-26.0,60.0389,-16.0,0.0229,32.052931,0.998598,33.0,52.6466,31.0,47.3534
40430491.0,60.51223127,39.48776875,0.0,0.0,0.0,0.0,0.0,0.0,0.0,0.0,-109.8513246,31.35846969,0.165,5.25,8.26,430.0,1.59,0.691,1.48,0.295,65.5,5.84,26.8,9.28,49.4,2.4,13.0,0.21,2.18,0.085,1.97,31.6,32.7,0.4,600.0,0.67,0.632,13.85,12.6,250.0,32.6,113.5,0.01,1.45,7.64,0.5,2.06,57.5,0.96,0.16,9.89,0.355,0.66,2.07,48.8,2.73,18.15,100.5,78.3,8837141.792,22275.0542,81457.0,132.99229,62.555428,255.0,8.2035,10.0,0.0107,162.553315,49.436251,255.0,4.4751,2.0,0.0012,-85.146826,10.533264,-96.0,12.8354,-62.0,0.0137,26.40705,3.341944,25.0,66.4094,11.0,1.1363
40430495.0,10.53137352,36.456530545,16.02125314,0.372425138,0.0,0.0,0.0,0.161886952,0.0,0.0,-109.8085291,31.41081375,0.187,6.66,8.71,620.0,1.52,0.647,1.4,0.405,61.7,7.67,29.0,6.03,61.2,2.99,16.45,0.23,2.28,0.076,2.03,29.4,34.8,0.71,521.0,1.4,0.739,11.5,13.3,320.0,26.6,98.9,0.02,1.63,11.15,0.6,2.23,94.9,0.79,0.15,8.37,0.378,0.59,1.97,71.2,2.06,17.6,68.5,79.8,3333395.534,9818.880956,28566.0,164.056221,53.239874,255.0,8.1656,46.0,0.0126,114.954877,40.867339,110.0,1.0037,7.0,0.0031,-108.544626,6.817245,-114.0,31.6773,-84.0,0.0061,30.602555,1.931617,31.0,95.4654,19.0,2.0895
40428104.0,100.0,0.0,0.0,0.0,0.0,0.0,0.0,0.0,0.0,0.0,-109.7894883,31.38565434,0.206,5.0,9.38,410.0,1.48,0.651,8.52,0.555,52.9,6.76,30.6,11.15,64.0,2.24,11.85,0.12,2.24,0.079,1.9,25.7,32.0,0.71,715.0,2.04,0.395,11.5,13.05,430.0,43.0,104.0,0.03,2.21,7.26,0.7,1.93,86.4,0.8,0.17,8.49,0.284,0.644,2.11,51.0,3.28,19.95,108.5,79.9,17898386.21,26744.26827,169045.0,185.91074,56.743565,255.0,22.5733,12.0,0.0035,150.126344,43.970945,255.0,2.4723,5.0,0.0006,-74.585733,14.859584,-69.0,11.2494,-75.0,0.0987,30.079033,3.211238,31.0,37.697,25.0,27.0878
40428105.0,100.0,0.0,0.0,0.0,0.0,0.0,0.0,0.0,0.0,0.0,-109.7809302,31.37402491,0.383,5.64,20.1,430.0,1.47,0.866,6.01,0.606,60.4,6.81,36.3,9.67,98.5,2.55,12.45,0.12,2.25,0.072,1.98,30.6,31.6,0.59,396.0,2.36,0.501,11.1,14.8,450.0,38.1,113.5,0.04,2.5,7.95,0.7,2.13,107.0,0.77,0.17,8.68,0.354,0.721,2.05,64.5,4.66,18.1,95.7,78.2,958664.9985,5832.998805,9083.0,120.967302,45.171679,105.0,1.8168,237.0,0.0219,112.534456,32.134656,109.0,1.6419,27.0,0.0109,-53.343622,6.607211,-51.0,56.6417,-33.0,5.7727,33.0,0.0,33.0,100.0,33.0,100.0
40428106.0,99.99999846,0.0,0.0,0.0,0.0,0.0,0.0,0.0,0.0,0.0,-109.7639188,31.36586261,0.196,5.44,12.55,430.0,1.41,0.68,1.73,0.3,77.5,7.75,62.9,7.49,69.2,3.8,13.05,0.15,2.6,0.066,1.81,37.7,34.6,0.42,434.0,1.92,0.46,13.3,23.8,250.0,31.0,96.8,0.03,3.02,7.9,0.6,2.08,60.9,0.91,0.14,14.0,0.464,0.569,2.56,94.6,5.21,21.3,72.3,92.5,622550.1501,5475.071183,5930.0,58.658179,32.371089,1.0,5.6127,125.0,0.0337,97.168693,35.196852,77.0,2.1262,32.0,0.0169,-59.285876,8.479824,-63.0,67.8936,-78.0,1.7837,32.79687,0.402329,33.0,79.687,32.0,20.313
40426083.0,50.000000013000005,0.0,0.0,0.0,0.0,0.0,0.0,0.0,0.0,0.0,-109.113547,31.38614141,0.103,4.46,8.18,372.0,1.04,0.486,10.55,0.337,48.6,5.39,28.7,10.3,32.8,1.86,10.15,0.09,2.87,0.048,1.64,23.1,19.6,0.65,309.0,1.29,0.526,9.59,11.15,510.0,17.1,75.1,0.02,0.92,6.41,1.1,1.5,156.5,0.61,0.1,7.32,0.286,0.405,1.89,46.9,1.13,20.0,51.4,103.0,10537567.18,20960.74608,87978.0,233.950328,31.290347,255.0,43.4657,1.0,0.004,126.820065,41.333878,113.0,0.9886,7.0,0.001,-83.006037,47.023882,-105.0,23.8885,-138.0,0.0192,19.714232,11.443673,34.0,34.5281,17.0,15.1192
40428102.0,100.0,0.0,0.0,0.0,0.0,0.0,0.0,0.0,0.0,0.0,-109.8412516,31.65558205,0.164,6.89,10.25,680.0,2.26,0.933,1.1,0.236,111.5,10.1,66.0,12.5,36.8,4.54,16.55,0.2,2.93,0.068,2.69,55.1,32.9,0.49,664.0,1.89,1.665,20.1,20.1,1020.0,28.7,156.0,0.02,1.56,8.82,0.6,2.41,231.0,1.48,0.18,37.6,0.504,0.772,4.19,114.5,5.98,31.5,85.1,86.9,349622.0695,3581.890392,3354.0,103.562016,33.271124,97.0,2.7116,25.0,0.0596,157.10471,44.125977,255.0,3.1184,47.0,0.03,95.775956,15.043437,98.0,58.4699,138.0,8.4843,9.0,0.0,9.0,100.0,9.0,100.0
40428103.0,48.67636401,2.647271978,0.0,0.0,0.0,0.0,0.0,0.0,0.0,0.0,-109.8703693,31.64581834,0.285,7.38,7.52,620.0,3.4,1.08,0.74,0.435,110.0,9.87,46.0,14.65,47.2,2.78,18.8,0.18,3.07,0.106,3.08,55.0,50.0,0.45,856.0,1.23,1.28,19.3,23.4,660.0,41.2,200.0,0.02,1.59,9.88,0.7,2.34,156.5,1.37,0.16,25.0,0.392,0.871,3.67,63.7,5.3,34.9,97.6,92.1,8741248.731,23111.65468,83515.0,107.171466,37.312231,97.0,1.601,235.0,0.0072,191.513607,48.81097,255.0,15.503,28.0,0.0012,158.929967,58.515395,206.0,12.5049,203.0,0.0392,3.347622,1.630992,3.0,95.6547,11.0,4.3453
40426082.0,48.68237585,0.0,0.0,0.0,0.0,0.0,51.31762438,0.0,0.0,0.0,-109.102104,31.40767741,0.072,5.48,5.81,650.0,1.57,0.41,5.08,0.212,95.6,7.92,47.4,7.46,24.2,2.94,12.7,0.15,3.08,0.044,2.12,49.2,17.1,0.49,492.0,1.65,1.08,15.0,19.35,460.0,19.25,98.9,0.01,0.74,6.25,0.6,2.2,235.0,0.91,0.06,12.5,0.415,0.421,2.22,69.7,1.35,26.2,57.8,103.0,8211275.934,17002.82096,63521.0,195.972403,37.805608,255.0,10.8071,62.0,0.0013,108.968099,42.688097,91.0,1.0954,2.0,0.0026,-4.619646,92.999306,-9.0,13.8607,-131.0,0.1665,4.236166,5.148284,2.0,47.7049,21.0,4.9595
40426084.0,63.4886715,0.0,0.0,0.0,0.0,0.0,36.51132856,0.0,0.0,0.0,-109.1560436,31.37929557,0.08,5.44,7.51,500.0,1.38,0.302,6.92,0.186,89.8,8.45,48.5,9.26,20.0,3.15,13.0,0.12,3.47,0.047,1.97,45.9,20.9,0.83,534.0,1.0,0.78,16.6,15.55,580.0,17.95,98.1,0.01,0.97,7.33,0.8,1.99,176.5,1.04,0.04,12.65,0.457,0.449,2.18,75.9,1.61,24.8,65.0,114.5,15120592.92,28552.95154,137148.0,207.222271,47.488836,255.0,29.4164,43.0,0.0014,110.201202,47.35067,255.0,0.8865,2.0,0.0167,-80.006952,31.093053,-110.0,11.0762,-121.0,0.0288,25.549644,8.324673,17.0,41.6371,21.0,0.1848
40428101.0,41.014982691499995,0.387022811,0.0,0.0,0.0,0.0,17.58301172,0.0,0.0,0.0,-109.8455323,31.6449698,0.141,6.23,11.1,670.0,2.14,0.867,1.12,0.183,124.0,14.2,80.9,9.94,30.4,6.42,16.2,0.22,3.5,0.064,2.39,62.6,30.0,0.42,804.0,1.72,1.335,19.85,23.0,650.0,27.6,131.5,0.02,1.43,8.39,0.6,2.52,188.5,1.4,0.09,42.8,0.588,0.652,4.37,165.5,5.26,29.6,87.7,111.0,18300140.12,38835.2741,172438.0,116.342726,40.491514,106.0,1.2774,242.0,0.0051,176.842221,44.96292,255.0,7.4106,3.0,0.0006,208.656408,40.848297,239.0,12.0002,269.0,0.0143,7.443716,3.832602,11.0,45.1558,17.0,0.0983
40426085.0,71.49359104,6.031612087,0.0,0.0,0.0,0.0,11.237398237,0.0,0.0,0.0,-109.1923582,31.37980348,0.084,6.89,6.3,610.0,1.69,0.37,3.72,0.239,70.5,15.4,68.8,7.41,34.5,3.67,16.05,0.11,3.51,0.052,2.15,35.6,20.2,0.93,673.0,1.35,1.05,21.0,37.1,760.0,18.85,107.5,0.02,0.76,9.6,0.6,1.87,269.0,1.3,0.08,11.95,0.559,0.493,2.05,85.5,1.355,25.3,67.5,126.0,30310751.61,45314.02269,283787.0,164.312456,44.077751,255.0,7.5601,36.0,0.001,83.247021,38.150357,73.0,1.2206,254.0,0.0059,-51.978468,36.793364,-55.0,5.4425,-66.0,0.007,27.599485,7.094168,21.0,48.2661,3.0,0.2666
40426086.0,100.0,0.0,0.0,0.0,0.0,0.0,0.0,0.0,0.0,0.0,-109.1556312,31.43635224,0.06,6.98,4.82,630.0,1.9,0.435,2.2,0.151,116.5,24.1,126.5,5.34,32.8,6.0,17.2,0.14,3.65,0.074,2.1,59.9,18.1,1.03,931.0,1.69,1.375,31.6,48.8,710.0,19.1,107.5,0.03,0.61,11.15,0.6,2.89,377.0,1.87,0.07,17.75,0.91,0.415,2.58,166.0,1.435,33.8,95.6,132.5,25584358.35,57310.07399,136713.0,166.424883,42.55987,255.0,2.7602,17.0,0.0004,95.323716,39.561833,84.0,0.6266,246.0,0.0021,-33.92356,88.166806,35.0,7.5288,0.0,0.0016,15.720818,10.305907,3.0,21.5529,17.0,0.5121
40430496.0,100.0,0.0,0.0,0.0,0.0,0.0,0.0,0.0,0.0,0.0,-109.3204897,31.34278685,0.138,5.42,17.45,460.0,1.5,0.617,3.55,0.293,66.9,7.65,34.4,9.51,39.4,3.13,13.55,0.23,2.78,0.057,2.06,33.5,44.9,0.61,480.0,1.25,0.685,15.7,12.9,470.0,27.6,111.5,0.02,1.45,7.35,0.6,2.11,127.5,0.97,0.11,11.95,0.429,0.564,2.31,83.2,2.16,20.4,70.9,106.0,6380120.593,14737.34878,59641.0,113.744136,31.028268,116.0,2.2525,36.0,0.0049,79.764773,46.732137,54.0,1.1736,248.0,0.0148,14.929434,10.857485,14.0,17.9815,-14.0,0.3076,14.903961,7.472267,14.0,38.4517,2.0,15.2068
40428085.0,63.7319165,36.26808361,0.0,0.0,0.0,0.0,0.0,0.0,0.0,0.0,-109.3920657,31.348938,0.164,5.98,29.0,690.0,1.51,0.531,4.08,0.353,73.3,8.97,27.8,10.5,55.3,3.38,13.65,0.14,3.05,0.055,2.11,35.5,50.4,0.58,707.0,1.75,1.105,12.95,10.7,520.0,40.6,105.0,0.05,1.67,7.06,0.6,2.03,212.0,0.89,0.11,11.4,0.406,0.605,2.68,80.1,1.875,23.8,81.8,102.0,8709161.704,20035.35038,80214.0,129.564889,43.840459,107.0,1.2841,253.0,0.006,104.747646,50.157373,79.0,0.9417,254.0,0.0241,18.332416,15.449827,26.0,13.1413,45.0,0.0023,19.377231,8.689992,15.0,59.384,11.0,1.6315
40430497.0,81.88582757,18.11418402,0.0,0.0,0.0,0.0,0.0,0.0,0.0,0.0,-109.3468029,31.35908722,0.125,5.93,17.65,520.0,1.69,0.615,2.41,0.324,72.9,11.05,49.4,10.2,50.8,3.74,14.85,0.23,3.11,0.06,2.09,35.7,53.1,0.57,625.0,1.63,1.005,17.1,19.45,510.0,29.0,109.0,0.02,1.38,8.06,0.7,2.18,192.5,1.07,0.13,14.2,0.518,0.535,2.72,97.2,1.905,21.9,79.2,115.0,12118863.39,36062.35775,111080.0,131.220724,44.841781,111.0,1.2419,7.0,0.0052,83.735572,44.622111,59.0,1.0773,254.0,0.0078,40.559062,23.781385,62.0,10.2137,26.0,0.0209,13.358603,6.045458,12.0,53.0712,25.0,2.0645
40428084.0,0.0,100.0,0.0,0.0,0.0,0.0,0.0,0.0,0.0,0.0,-109.4060209,31.37460661,0.062,7.75,17.8,570.0,1.58,0.459,4.74,0.3,59.2,15.55,26.9,10.2,49.0,4.44,17.0,0.15,3.5,0.056,2.08,28.2,83.1,0.78,658.0,1.38,1.81,10.85,13.9,790.0,19.3,90.8,0.02,0.98,9.44,0.6,1.53,416.0,0.69,0.13,7.95,0.51,0.385,2.06,111.5,1.335,23.6,82.6,129.5,2006478.682,8933.497086,16984.0,137.672103,51.857877,255.0,4.3635,245.0,0.0105,105.712475,43.039526,90.0,1.0313,250.0,0.0052,36.765412,1.613683,35.0,32.9855,38.0,21.2914,21.33431,7.202361,15.0,50.6695,21.0,15.5858
40430489.0,85.20535957,7.0386753854999995,0.0,0.0,0.0,0.0,0.0,0.717289677,0.0,0.0,-109.3697322,31.36590532,0.088,6.94,11.7,570.0,2.03,0.828,3.04,0.396,83.8,15.05,61.9,28.4,71.0,4.17,17.55,0.25,3.68,0.068,2.12,40.4,117.0,0.89,702.0,1.22,1.215,17.95,20.6,680.0,27.7,130.0,0.02,0.89,9.52,0.7,2.58,333.0,1.16,0.13,17.55,0.518,0.534,3.2,126.5,1.915,27.5,90.5,133.0,2392075.878,10112.77701,21866.0,130.458017,40.471808,111.0,1.6983,225.0,0.0088,76.947392,41.363543,45.0,1.159,222.0,0.0044,45.647427,11.492257,46.0,42.5769,69.0,0.0211,13.548315,1.499222,15.0,51.6105,12.0,48.3895
40428083.0,67.50027982,32.49972003,0.0,0.0,0.0,0.0,0.0,0.0,0.0,0.0,-109.4152128,31.39889447,0.088,7.81,8.88,530.0,1.72,0.829,2.84,0.366,68.0,15.75,37.5,12.75,76.6,4.8,17.35,0.16,3.91,0.086,1.87,32.8,77.8,0.85,787.0,0.96,1.57,14.35,15.35,910.0,24.3,94.6,0.02,0.82,10.95,0.6,2.35,325.0,0.9,0.18,9.65,0.589,0.401,2.11,111.5,1.32,26.9,94.6,145.5,4249703.18,11545.16892,36000.0,152.770389,45.478559,255.0,2.5481,28.0,0.0099,94.45181,37.926432,99.0,1.0813,249.0,0.0025,4.248578,22.417144,11.0,26.7403,35.0,1.14,21.19446,1.380865,21.0,98.0554,31.0,1.9446
40428082.0,4.544129364,95.45587053,0.0,0.0,0.0,0.0,0.0,0.0,0.0,0.0,-109.3889179,31.38425406,0.057,8.27,7.59,510.0,1.55,0.307,3.57,0.186,56.1,27.7,185.0,19.9,55.3,5.01,18.45,0.15,4.14,0.054,1.73,26.1,180.5,2.42,756.0,0.66,1.59,14.1,83.1,710.0,15.2,75.1,0.01,0.61,17.65,0.6,1.63,397.0,0.9,0.05,9.62,0.602,0.273,2.98,142.5,0.837,25.9,78.2,158.5,1902945.069,7096.517937,16068.0,140.65951,43.983468,135.0,1.3431,37.0,0.0055,104.077307,44.742916,96.0,0.95,220.0,0.0055,35.247981,10.854861,39.0,43.1524,30.0,12.2397,20.589503,1.514752,21.0,93.1584,15.0,6.8416
40428109.0,77.30472576,0.0,0.0,22.69527419,0.0,0.0,0.0,0.0,0.0,0.0,-109.3713747,31.53639406,0.103,4.28,9.26,283.0,1.17,0.345,7.97,0.278,38.4,7.76,28.3,9.14,30.7,2.22,8.8,0.09,1.92,0.044,1.57,20.0,40.8,2.07,380.0,0.98,0.464,7.79,13.6,440.0,12.2,79.8,0.02,1.73,7.46,0.6,1.38,111.0,0.52,0.07,5.51,0.313,0.456,1.84,63.3,2.78,15.6,41.6,65.5,825678.9549,5862.567024,6349.0,230.811309,32.399256,255.0,40.5176,46.0,0.0254,123.27121,37.92347,107.0,1.345,13.0,0.0127,-92.497671,4.753877,-89.0,47.671,-94.0,7.5018,20.071429,7.796192,16.0,78.5714,35.0,21.4286
40428107.0,8.232942033,45.11561954850001,0.0,1.535818437,0.0,0.0,0.0,0.0,0.0,0.0,-109.3353091,31.49629307,0.104,5.66,6.24,420.0,1.36,0.276,3.03,0.232,57.4,19.55,137.0,5.15,46.3,4.72,13.1,0.13,2.93,0.057,1.51,28.8,22.0,1.04,739.0,1.34,0.728,27.0,63.9,770.0,13.7,68.8,0.02,0.87,11.3,0.6,1.75,184.0,1.52,0.06,7.39,0.82,0.364,1.59,119.5,1.37,20.2,69.3,125.5,4808057.27,16163.90196,44010.0,129.00718,50.314215,255.0,1.0798,16.0,0.0131,97.384917,43.883313,76.0,1.0644,2.0,0.0044,-64.236371,21.419377,-75.0,22.3515,-25.0,0.2862,32.34429,1.634356,31.0,55.1562,35.0,22.3707
40428111.0,100.0,0.0,0.0,0.0,0.0,0.0,0.0,0.0,0.0,0.0,-109.3527223,31.541761,0.145,5.48,12.9,450.0,2.13,0.267,1.65,0.16,60.2,8.78,40.6,16.25,19.65,2.57,12.45,0.12,2.94,0.046,2.52,30.9,54.2,0.59,475.0,0.82,0.544,13.95,17.7,320.0,16.05,189.5,0.02,2.03,7.47,0.5,1.73,95.8,0.94,0.04,11.7,0.383,0.871,2.54,63.3,3.36,23.3,51.8,97.5,7279650.195,19582.71028,54538.0,157.030749,52.677651,255.0,7.0885,5.0,0.0029,147.834212,44.291121,255.0,1.6017,9.0,0.0014,-70.938791,22.919577,-89.0,17.6708,-8.0,0.0945,16.859582,3.449405,16.0,69.2131,25.0,0.0648
40426087.0,4.323696011333333,13.50654327075,0.0,7.165290878,0.0,0.0,11.5483128755,2.740822299,0.0,0.0,-109.220044,31.35737476,0.079,6.52,5.61,640.0,1.73,0.275,4.0,0.147,83.8,14.1,59.7,7.57,21.8,3.35,14.9,0.14,3.36,0.05,2.26,42.4,22.3,0.95,684.0,0.9,1.13,20.9,26.8,680.0,18.25,116.5,0.01,0.8,8.01,0.7,1.99,269.0,1.27,0.06,13.0,0.515,0.512,2.16,84.5,1.465,28.3,66.4,120.5,10646765.3,20729.45132,99951.0,161.873148,48.169542,255.0,8.7158,35.0,0.0059,66.552862,42.30575,36.0,1.2183,247.0,0.002,-40.459946,18.176487,-35.0,18.4538,14.0,0.1769,21.323775,7.077003,17.0,63.2512,21.0,3.3774
40426089.0,49.999999990000006,0.0,0.0,0.0,0.0,0.0,0.0,0.0,0.0,0.0,-109.1581066,31.40835454,0.06,6.86,5.64,640.0,1.63,0.384,2.48,0.156,132.0,19.15,115.5,5.65,29.8,5.59,17.4,0.17,3.57,0.071,2.0,67.5,20.1,0.83,813.0,1.52,1.38,29.3,36.3,480.0,19.75,105.0,0.01,0.76,9.82,0.7,2.92,321.0,1.73,0.06,21.0,0.879,0.439,2.73,154.0,1.51,31.9,101.0,124.0,1832938.499,10101.16759,17350.0,145.447493,32.131462,141.0,2.134,64.0,0.0172,94.68536,27.041634,79.0,1.4985,17.0,0.0057,3.371026,14.034298,4.0,36.9536,-19.0,0.9327,35.0,0.0,35.0,100.0,35.0,100.0
40426088.0,0.0,100.0,0.0,0.0,0.0,0.0,0.0,0.0,0.0,0.0,-109.1840843,31.40928653,0.064,7.3,5.05,680.0,1.93,0.425,2.13,0.19,93.8,19.35,91.0,6.01,29.5,4.79,17.6,0.16,3.69,0.057,2.29,48.3,21.3,0.93,818.0,1.5,1.44,27.4,37.3,690.0,19.9,115.5,0.03,0.65,10.6,0.6,2.39,391.0,1.71,0.1,16.55,0.743,0.466,2.55,123.0,1.39,30.6,79.4,129.0,3720114.014,13559.85593,31891.0,151.138691,32.908082,155.0,2.0648,27.0,0.0056,96.690917,31.410625,88.0,1.3009,3.0,0.0028,24.009551,19.511555,14.0,24.3885,4.0,0.1769,26.917675,4.536517,25.0,68.1215,21.0,9.0727
40428088.0,0.0,100.0,0.0,0.0,0.0,0.0,0.0,0.0,0.0,0.0,-109.3468701,31.37933526,0.071,6.13,10.1,520.0,1.65,0.39,3.02,0.208,81.2,28.3,194.5,5.91,56.5,7.28,16.15,0.16,3.74,0.066,2.01,38.3,42.2,1.06,1140.0,1.79,1.115,34.4,69.2,730.0,20.7,88.0,0.02,1.06,12.2,0.8,2.37,254.0,1.96,0.09,16.75,1.25,0.371,2.38,231.0,1.75,24.8,104.5,150.0,7678367.581,16209.41191,72253.0,114.372261,51.369025,68.0,1.5295,2.0,0.0082,74.191934,32.258024,59.0,1.509,230.0,0.0014,61.198954,17.014414,69.0,16.2249,10.0,0.0026,27.909834,6.681676,31.0,71.9687,25.0,2.5863
40426091.0,54.52463098,30.79508097,0.0,14.6802879,0.0,0.0,0.0,0.0,0.0,0.0,-109.1442606,31.39877541,0.082,5.89,6.63,580.0,1.71,0.418,4.78,0.166,115.0,11.7,66.1,6.7,31.4,4.22,14.3,0.12,3.75,0.051,2.07,61.1,20.4,0.62,563.0,1.36,1.03,24.5,18.7,470.0,20.5,106.0,0.02,0.92,7.65,0.7,2.58,226.0,1.46,0.08,20.1,0.634,0.474,2.45,108.0,1.675,27.9,78.4,126.5,2880067.17,11879.90982,27035.0,150.905012,39.751349,255.0,2.6751,47.0,0.0109,95.830534,35.911483,81.0,1.279,4.0,0.0036,-83.042341,32.254406,-62.0,27.2155,-118.0,0.0492,22.490183,7.926165,17.0,61.3641,21.0,10.4591
40428108.0,29.23603836,57.47070703,0.0,4.920693153,0.0,0.0,8.104689431,0.26787328,0.0,0.0,-109.3688502,31.50797757,0.093,7.9,5.54,480.0,1.72,0.43,2.68,0.332,58.5,26.4,190.5,6.9,66.7,5.7,17.85,0.14,3.82,0.069,1.68,29.4,21.7,1.35,907.0,1.62,1.055,32.0,93.4,910.0,17.1,79.5,0.03,0.8,18.4,0.7,2.19,257.0,1.91,0.07,6.86,1.0,0.381,1.58,163.5,1.295,22.4,86.2,165.5,3301328.364,13339.00968,27469.0,158.993338,44.235258,255.0,3.0014,53.0,0.0032,116.831653,38.573407,113.0,1.0684,9.0,0.0032,-79.023586,6.167201,-82.0,33.6876,-76.0,1.3171,32.085915,5.502022,35.0,69.5791,32.0,13.742
40426093.0,100.0,0.0,0.0,0.0,0.0,0.0,0.0,0.0,0.0,0.0,-109.1469728,31.47916004,0.072,7.6,5.88,500.0,1.77,0.441,2.54,0.294,70.6,36.4,201.0,3.8,56.3,6.48,17.95,0.12,4.29,0.075,1.52,34.3,18.4,1.56,1095.0,1.69,1.0,37.8,94.0,1130.0,16.5,69.9,0.01,0.6,16.6,0.9,2.12,358.0,2.12,0.1,8.33,1.165,0.303,1.65,162.0,1.16,26.0,88.7,174.0,2344506.062,10849.98399,20879.0,156.312659,45.974018,255.0,2.6452,244.0,0.009,91.085619,29.461731,85.0,1.4792,6.0,0.0045,81.578747,72.236775,103.0,34.0043,95.0,0.4752,28.553679,7.702337,33.0,70.8917,6.0,6.3555
40428112.0,26.64048031,9.111623463,0.0,13.4140007865,0.0,0.0,0.0,28.30827309,0.0,0.0,-109.3593854,31.55560669,0.082,6.76,16.1,500.0,3.09,0.679,0.84,0.281,83.4,11.45,38.0,23.6,40.8,3.3,16.4,0.15,4.63,0.079,3.79,42.0,63.6,0.65,757.0,0.83,0.803,24.2,21.7,630.0,30.5,278.0,0.02,1.87,8.62,0.4,3.17,109.0,1.58,0.1,18.95,0.462,1.16,3.54,70.6,2.75,36.3,81.7,150.5,6351516.101,17372.98795,19556.0,155.265289,39.959611,153.0,0.4567,1.0,0.0016,145.979594,45.816056,255.0,0.4779,2.0,0.0016,-52.630474,30.031302,-56.0,17.8988,24.0,0.0048,12.074932,5.237143,16.0,64.0067,6.0,3.4192
40426092.0,100.0,0.0,0.0,0.0,0.0,0.0,0.0,0.0,0.0,0.0,-109.1532836,31.45783363,0.058,7.54,5.06,520.0,1.86,0.224,3.3,0.203,81.0,44.4,222.0,2.5,53.7,8.89,17.8,0.14,4.94,0.072,1.33,40.6,15.1,1.8,1390.0,2.75,1.145,58.4,113.5,1500.0,11.5,50.3,0.01,0.58,18.1,0.9,2.37,506.0,3.16,0.02,8.43,1.77,0.196,1.53,230.0,1.105,26.9,106.0,217.0,4956773.023,13258.31237,45792.0,155.662758,46.88436,255.0,3.5395,30.0,0.0042,91.062646,36.303714,78.0,1.2811,3.0,0.0021,94.758989,47.239738,95.0,19.699,103.0,0.0204,30.665778,4.749955,33.0,80.5482,21.0,19.4519
40428091.0,69.5780279,12.194400738499999,0.0,3.0165854,0.0,0.0,0.0,0.0,0.0,0.0,-109.4138365,31.3509994,0.143,5.71,17.1,560.0,1.51,0.72,3.42,0.355,68.6,8.65,33.1,8.02,72.8,3.32,12.6,0.15,2.17,0.069,2.06,33.7,44.2,0.96,513.0,2.27,1.455,10.3,19.6,450.0,45.1,105.5,0.06,1.9,6.65,0.6,1.94,186.5,0.71,0.15,10.35,0.31,1.075,2.72,72.2,2.18,18.2,75.7,78.0,553114.6546,4424.079954,4907.0,158.790707,34.241884,165.0,2.3078,230.0,0.0191,159.635113,52.67146,255.0,6.1754,23.0,0.0189,-11.384334,7.574338,-16.0,72.9136,3.0,0.549,4.798902,5.217962,2.0,77.1824,31.0,0.0568
40428089.0,5.339328819,64.5697765,0.0,30.09089451,0.0,0.0,0.0,0.0,0.0,0.0,-109.3981697,31.34818974,0.535,7.1,179.5,840.0,1.89,1.3,2.4,1.02,94.7,9.46,30.3,12.1,96.3,3.79,16.65,0.16,2.53,0.095,2.58,45.7,76.6,0.59,1230.0,4.14,1.345,15.9,15.0,580.0,116.5,142.0,0.11,3.85,9.31,0.7,2.98,155.0,1.02,0.27,11.75,0.368,1.06,3.18,67.0,2.61,28.2,202.0,86.7,1290911.516,6654.351789,11063.0,166.005333,42.628212,255.0,1.7494,66.0,0.0325,122.675795,49.544072,255.0,2.5916,13.0,0.0081,-15.409009,3.091065,-16.0,63.6584,-20.0,15.895,2.0,0.0,2.0,100.0,2.0,100.0
40428087.0,100.0,0.0,0.0,0.0,0.0,0.0,0.0,0.0,0.0,0.0,-109.3474695,31.40752603,0.097,6.66,11.85,610.0,1.7,0.644,1.9,0.326,77.3,19.15,102.0,10.2,64.0,5.75,15.9,0.18,3.75,0.071,2.35,37.5,52.5,0.83,881.0,1.12,1.33,21.9,32.1,650.0,26.5,128.0,0.02,1.59,10.6,0.6,2.32,242.0,1.26,0.15,11.3,0.826,0.565,2.43,173.0,2.15,26.4,98.6,139.0,8625338.781,17060.35406,81629.0,87.161438,35.459361,68.0,1.7807,218.0,0.0024,83.944719,33.105499,74.0,1.2435,230.0,0.0012,29.080372,18.999316,32.0,13.4274,10.0,0.258,23.58298,5.938245,19.0,62.5628,15.0,0.0061
40428086.0,0.0,100.0,0.0,0.0,0.0,0.0,0.0,0.0,0.0,0.0,-109.3763799,31.4041273,0.1,6.27,11.95,510.0,1.67,0.662,2.71,0.314,72.4,19.5,137.5,10.95,74.0,5.7,15.55,0.16,3.89,0.071,2.16,36.7,52.7,0.89,809.0,1.63,1.285,29.2,39.6,610.0,24.5,117.0,0.02,1.62,10.1,0.7,2.35,242.0,1.69,0.15,11.9,0.953,0.489,2.53,170.5,2.23,23.6,97.0,141.0,28526041.92,36850.62231,252976.0,125.844574,46.540176,111.0,1.0252,2.0,0.0011,100.344669,42.659348,87.0,0.9909,253.0,0.0092,-34.124608,31.809384,-46.0,8.043,-35.0,0.0347,19.081987,4.975215,15.0,34.3985,19.0,1.4724
40426096.0,46.56183585,6.876326195,0.0,0.0,0.0,0.0,0.0,0.0,0.0,0.0,-109.1648196,31.35539097,0.139,3.73,9.76,318.0,1.15,0.881,14.25,0.608,44.1,6.23,36.0,5.87,58.2,1.88,8.86,0.06,2.12,0.055,1.35,20.4,16.1,1.92,445.0,1.19,0.442,11.05,13.3,620.0,27.4,71.4,0.03,1.5,5.1,1.5,1.84,122.0,0.7,0.23,7.25,0.298,0.459,1.86,45.0,1.655,14.25,68.4,74.9,10104849.94,19305.67061,93046.0,223.737442,40.380499,255.0,44.8993,41.0,0.0062,112.484538,41.143319,100.0,1.2148,2.0,0.001,-93.477996,13.268438,-85.0,11.3647,-77.0,0.0271,30.815616,1.97268,30.0,73.8139,21.0,1.1739
40426095.0,49.999999985,0.0,0.0,0.0,0.0,0.0,0.0,0.0,0.0,0.0,-109.1842686,31.34703157,0.109,4.83,7.98,359.0,1.49,0.5,14.4,0.486,51.5,7.82,36.0,7.96,34.5,2.24,11.25,0.09,2.38,0.045,1.62,25.1,19.4,1.03,425.0,0.79,0.381,13.3,19.9,910.0,21.5,90.1,0.02,1.13,6.61,1.3,1.7,141.5,0.83,0.08,8.82,0.308,0.488,1.65,43.2,1.56,17.6,69.1,92.8,4438295.554,13144.8882,41135.0,244.950407,24.026885,255.0,72.8235,118.0,0.0095,94.812384,38.337095,81.0,1.2199,238.0,0.0024,-71.658379,7.319683,-76.0,34.6001,-80.0,0.4859,31.176142,5.341304,34.0,77.881,30.0,0.5735
40426097.0,48.27271006,25.863644622,0.0,0.0,0.0,0.0,0.0,0.0,0.0,0.0,-109.0864609,31.48395663,0.052,7.7,7.75,600.0,2.67,1.13,1.07,0.205,89.2,8.93,18.3,8.1,28.7,3.62,18.65,0.14,3.12,0.062,2.68,43.8,20.8,0.77,598.0,1.8,0.894,16.2,8.1,730.0,28.9,161.5,0.41,0.9,8.17,1.1,2.31,230.0,1.15,0.7,18.85,0.348,0.625,3.94,73.6,1.405,30.9,75.3,94.2,14338172.02,22194.99622,40477.0,178.722188,41.504772,255.0,1.683,21.0,0.0007,72.996568,33.952006,1.0,0.5399,204.0,0.0007,-70.497198,43.094216,-102.0,11.8323,-94.0,0.0163,14.984629,3.227907,16.0,85.0482,23.0,2.0643
40428114.0,0.0,100.0,0.0,0.0,0.0,0.0,0.0,0.0,0.0,0.0,-109.3081466,31.55641851,0.093,6.11,5.36,490.0,1.86,0.366,2.87,0.258,58.3,15.85,77.5,6.71,37.5,3.82,12.75,0.13,3.61,0.053,1.68,32.0,39.2,0.88,721.0,0.96,0.756,22.4,41.9,750.0,16.55,81.8,0.02,0.9,10.1,0.6,1.86,184.5,1.31,0.06,8.03,0.6,0.374,1.89,87.1,1.145,22.9,67.2,136.0,16809265.38,34835.16271,106232.0,181.873852,52.568005,255.0,9.6085,42.0,0.0019,129.949181,50.951972,255.0,1.0068,7.0,0.0012,17.285354,39.747594,43.0,6.9507,-23.0,0.0144,27.069414,6.202298,34.0,34.9879,5.0,0.048
40426094.0,79.42244676,20.57755317,0.0,0.0,0.0,0.0,0.0,0.0,0.0,0.0,-109.2143757,31.38954501,0.061,7.25,4.77,650.0,1.91,0.44,1.98,0.211,82.8,19.15,86.1,6.45,34.2,4.48,16.95,0.13,3.7,0.065,2.24,42.3,20.9,0.92,773.0,1.37,1.325,27.3,38.9,720.0,20.1,120.5,0.03,0.61,10.05,0.5,2.3,369.0,1.65,0.11,17.5,0.706,0.484,2.63,114.5,1.425,28.3,78.3,131.5,8193042.093,30955.24988,76137.0,145.818025,35.601305,127.0,1.8151,1.0,0.0038,97.599138,35.945146,89.0,1.1518,254.0,0.0013,2.518538,17.836232,2.0,13.9416,16.0,0.021,23.262238,5.971048,19.0,45.9865,25.0,14.0397
40428115.0,99.99999957,0.0,0.0,0.0,0.0,0.0,0.0,0.0,0.0,0.0,-109.3014977,31.59472612,0.086,5.52,8.34,429.0,2.08,0.299,3.26,0.234,74.2,19.1,133.5,5.11,33.1,5.0,12.75,0.15,3.74,0.051,1.63,39.2,30.9,1.36,932.0,1.56,0.449,31.6,56.1,1020.0,18.55,82.2,0.02,1.31,11.95,0.8,2.17,134.5,1.9,0.06,13.05,0.789,0.387,2.93,112.5,2.59,26.8,81.2,143.0,2137142.176,9102.118142,17511.0,130.726515,50.316559,255.0,1.7656,25.0,0.0098,132.539248,40.533461,101.0,0.9307,28.0,0.0049,22.566951,11.514778,20.0,49.9621,7.0,0.9896,31.110915,1.464615,30.0,63.3569,34.0,1.1621
40428117.0,0.0,100.0,0.0,0.0,0.0,0.0,0.0,0.0,0.0,0.0,-109.3156076,31.64836384,0.181,7.28,5.24,520.0,1.74,0.262,5.14,0.289,55.0,13.2,36.9,13.25,26.9,3.89,15.6,0.14,3.82,0.058,1.7,29.3,63.6,1.01,793.0,0.81,1.305,10.35,13.8,890.0,15.15,88.1,0.03,0.67,11.5,0.6,1.76,224.0,0.66,0.05,7.35,0.476,0.41,1.87,92.7,1.17,27.0,79.3,135.5,9311035.991,18327.24065,36264.0,227.494264,37.045939,255.0,20.1426,61.0,0.0011,100.188315,42.301066,100.0,0.4226,240.0,0.0022,102.666909,18.507183,112.0,20.6819,57.0,0.0011,29.898039,3.94871,31.0,79.764,15.0,5.1886
40428113.0,0.0,100.0,0.0,0.0,0.0,0.0,0.0,0.0,0.0,0.0,-109.331342,31.53120361,0.098,7.05,7.31,520.0,2.74,0.413,1.58,0.232,68.9,13.55,50.1,12.95,40.2,3.61,15.8,0.14,3.9,0.057,2.31,36.6,49.1,0.69,682.0,0.82,0.671,21.2,31.3,700.0,21.7,154.0,0.02,1.1,10.45,0.4,2.22,139.5,1.35,0.07,13.3,0.521,0.629,2.3,75.2,2.01,26.4,73.1,133.5,2367818.713,9847.976914,21462.0,93.86334,34.987441,99.0,1.9484,170.0,0.0133,119.256435,35.145319,112.0,1.4416,19.0,0.0044,-75.630972,4.059831,-76.0,38.8001,-70.0,6.8242,25.262731,4.945345,21.0,57.3727,31.0,42.6273
40426098.0,70.71996426,14.640017892500001,0.0,0.0,0.0,0.0,0.0,0.0,0.0,0.0,-109.1233295,31.45762412,0.056,8.07,4.86,540.0,2.5,0.378,2.3,0.229,75.4,24.6,124.0,5.93,44.8,5.59,19.3,0.15,4.15,0.064,1.93,37.5,26.5,1.3,942.0,1.35,1.19,35.7,67.6,1030.0,17.3,110.5,0.03,0.54,15.4,0.6,2.18,366.0,2.06,0.07,11.25,0.914,0.411,2.05,134.0,1.12,28.6,90.3,166.5,3356086.43,12874.87007,19963.0,185.654661,39.710537,255.0,4.6787,6.0,0.0062,107.771536,34.723061,88.0,0.9007,13.0,0.0031,-41.570799,46.264042,-47.0,31.8204,-85.0,0.0573,13.93197,8.790193,21.0,60.7332,3.0,39.2668
40428116.0,100.0,0.0,0.0,0.0,0.0,0.0,0.0,0.0,0.0,0.0,-109.311227,31.66224021,0.071,5.12,6.16,232.0,5.69,0.306,2.01,0.12,69.1,4.26,20.2,15.35,15.55,1.91,15.25,0.12,5.09,0.048,2.72,31.0,62.1,0.27,648.0,2.14,1.225,45.5,8.03,190.0,24.7,292.0,0.01,0.78,4.26,0.4,3.8,94.3,3.39,0.05,28.0,0.271,0.887,5.92,34.6,2.74,31.9,63.5,127.5,11008949.77,24764.69446,53820.0,174.998699,47.882901,255.0,5.4316,44.0,0.0028,136.093097,67.61474,255.0,3.1059,2.0,0.018,117.140428,9.695837,115.0,11.5563,89.0,0.0552,7.482051,4.915081,7.0,69.1527,31.0,2.933
40428092.0,16.0387169,70.39163686,0.0,0.0,0.0,0.0,13.56964613,0.0,0.0,0.0,-109.4415331,31.36149681,0.164,6.68,11.7,570.0,2.2,1.605,3.59,0.813,90.2,6.06,28.9,16.7,152.5,2.04,15.05,0.15,2.72,0.092,3.2,44.1,53.0,0.54,528.0,2.08,0.992,15.9,16.85,460.0,45.7,179.0,0.04,1.45,5.59,0.6,3.03,169.5,1.13,0.41,19.35,0.261,0.704,2.61,42.2,1.825,26.3,84.5,78.6,1108255.77,6686.919485,9953.0,90.066412,30.889787,74.0,2.1737,184.0,0.019,119.597181,39.120196,102.0,1.3152,18.0,0.0095,29.834808,7.676399,36.0,55.9974,34.0,5.1628,31.0,0.0,31.0,100.0,31.0,100.0
40428096.0,41.67632167,29.1618391655,0.0,0.0,0.0,0.0,0.0,0.0,0.0,0.0,-109.3424232,31.70323149,0.084,4.3,7.61,273.0,1.17,0.193,7.54,0.15,43.6,4.91,31.9,17.95,16.4,1.73,9.07,0.1,2.19,0.036,1.7,21.3,42.3,0.49,341.0,0.87,0.462,8.59,14.8,280.0,12.1,100.5,0.02,0.89,5.84,0.7,1.19,132.0,0.62,0.02,7.29,0.255,0.603,1.79,40.7,1.595,19.15,33.7,77.4,1912545.803,8185.04809,9557.0,201.853406,39.070877,255.0,6.5127,120.0,0.0055,126.560151,45.254077,137.0,0.535,4.0,0.0055,126.249564,3.01383,124.0,41.6486,117.0,0.0264,18.437186,1.580288,19.0,88.7437,14.0,11.2563
40428095.0,36.16408529,61.60783942,0.0,0.307545208,0.0,0.0,0.0,0.0,0.0,0.0,-109.3504213,31.71277164,0.122,5.17,10.95,380.0,1.52,0.383,4.92,0.214,49.3,5.95,56.7,26.6,26.0,1.88,11.2,0.12,2.42,0.042,2.11,24.5,46.7,0.58,360.0,1.35,0.636,10.6,32.2,340.0,18.05,138.5,0.03,1.49,6.18,0.6,1.49,120.0,0.73,0.06,7.8,0.287,0.753,2.01,47.0,2.73,21.5,44.0,89.5,5284462.827,14286.31447,14088.0,201.651831,40.324447,255.0,4.3185,84.0,0.002,119.993364,40.251606,108.0,0.3605,3.0,0.002,124.304182,9.152012,132.0,27.1093,108.0,0.1072,16.264765,2.488908,14.0,54.7047,19.0,45.2953
40429063.0,22.60812148,54.00850033,0.0,0.0,0.0,0.0,23.38337814,0.0,0.0,0.0,-109.3507854,31.77248491,0.176,5.96,8.27,590.0,1.56,0.317,3.48,0.159,54.4,6.67,23.2,20.9,16.6,2.35,14.0,0.1,3.05,0.044,2.27,23.8,28.5,0.58,525.0,0.68,0.693,13.85,9.73,270.0,18.1,151.5,0.01,1.45,7.08,0.4,1.78,97.7,0.97,0.07,9.59,0.369,0.861,2.46,51.6,3.51,19.75,47.8,94.3,2124629.052,7928.129982,948.0,210.197257,34.616191,255.0,0.7484,109.0,0.0049,60.618997,23.992595,50.0,0.1328,2.0,0.0049,182.624988,31.82992,176.0,40.1019,245.0,6.7305,3.877493,0.992468,3.0,56.1254,5.0,43.8746
40428093.0,100.0,0.0,0.0,0.0,0.0,0.0,0.0,0.0,0.0,0.0,-109.3189683,31.67942525,0.103,5.38,8.67,369.0,2.8,0.265,4.03,0.166,60.5,6.41,37.3,19.0,20.1,2.06,13.05,0.13,3.44,0.046,2.23,28.4,44.6,0.46,514.0,1.03,0.789,20.5,18.35,270.0,18.9,179.0,0.02,1.06,5.94,0.5,2.25,127.0,1.43,0.02,15.55,0.299,0.778,2.91,48.6,2.13,31.5,49.7,107.0,22737008.5,31208.52501,78984.0,181.683569,44.246511,255.0,2.7978,56.0,0.0014,97.947506,51.152469,1.0,0.8562,251.0,0.0014,112.173715,16.639124,106.0,10.0493,128.0,0.0467,8.169309,6.241815,3.0,36.0304,14.0,5.9945
40429062.0,96.08284432,3.91715616,0.0,0.0,0.0,0.0,0.0,0.0,0.0,0.0,-109.3555846,31.75699142,0.161,5.71,6.1,480.0,1.89,0.38,1.48,0.182,75.4,5.52,23.1,19.85,19.8,2.08,13.7,0.11,3.83,0.049,2.27,37.6,29.2,0.43,429.0,1.25,0.942,18.35,8.89,280.0,19.65,155.0,0.01,1.41,6.49,0.6,2.46,116.5,1.29,0.05,14.15,0.351,0.82,3.2,43.5,2.56,27.0,53.5,120.0,24067096.28,48850.59041,28976.0,204.121998,40.851387,255.0,2.4343,55.0,0.0004,66.504228,45.20945,1.0,0.9262,237.0,0.0004,87.386584,37.385165,94.0,8.2726,40.0,0.0067,12.095085,6.589754,16.0,39.4771,7.0,0.9935
40429065.0,100.0,0.0,0.0,0.0,0.0,0.0,0.0,0.0,0.0,0.0,-109.3311446,31.75848357,0.136,7.26,6.61,780.0,2.13,0.307,2.0,0.163,68.5,8.13,31.9,14.5,20.2,2.91,17.05,0.15,4.15,0.062,1.95,31.9,34.1,0.62,521.0,0.9,0.964,14.5,14.05,420.0,19.85,102.5,0.01,1.74,10.0,0.3,2.19,142.5,1.04,0.02,11.15,0.402,0.562,3.34,74.0,1.555,27.0,76.9,146.5,9777759.862,22881.23182,6952.0,209.106732,35.606271,255.0,1.2033,71.0,0.0011,67.672093,30.138576,63.0,0.1537,154.0,0.0011,35.442368,19.802389,22.0,16.4178,8.0,0.0756,12.873783,6.824361,7.0,54.891,16.0,7.5606
40429064.0,86.73572098,6.2580771245,0.0,0.748124863,0.0,0.0,0.0,0.0,0.0,0.0,-109.3421952,31.77012142,0.209,6.32,12.4,550.0,2.83,0.592,1.03,0.283,104.0,6.61,23.3,15.7,21.3,2.87,16.35,0.14,4.5,0.074,2.96,47.4,34.1,0.43,863.0,1.99,1.055,28.7,9.89,300.0,26.8,200.0,0.01,1.65,7.45,0.3,3.39,114.0,1.82,0.09,18.2,0.452,1.16,3.98,52.7,3.81,30.9,76.6,142.5,1440521.102,8297.746773,751.0,215.310253,33.344003,255.0,1.1473,125.0,0.0073,54.713514,40.264149,1.0,0.3125,43.0,0.0073,172.43383,38.995562,225.0,29.2147,126.0,5.2192,3.0,0.0,3.0,100.0,3.0,100.0
40428097.0,100.0,0.0,0.0,0.0,0.0,0.0,0.0,0.0,0.0,0.0,-109.3312616,31.73283214,0.061,6.12,4.77,298.0,6.6,0.341,1.07,0.113,72.6,4.18,47.3,13.35,17.2,1.82,19.25,0.12,4.73,0.047,3.09,31.4,46.9,0.25,683.0,2.19,1.62,50.7,28.2,150.0,28.4,389.0,0.01,0.7,4.24,0.4,3.11,80.7,3.87,0.05,33.8,0.257,0.869,6.2,30.8,2.68,38.3,55.4,120.5,6336834.197,15823.94132,9239.0,214.501569,37.917753,255.0,3.7237,30.0,0.0017,40.525788,35.321377,1.0,3.1832,142.0,0.0016,63.018525,13.305538,60.0,18.113,85.0,0.016,8.724,5.248529,7.0,50.717,17.0,10.5333
40428098.0,100.0,0.0,0.0,0.0,0.0,0.0,0.0,0.0,0.0,0.0,-109.3419968,31.73538979,0.061,5.93,4.4,292.0,7.02,0.326,0.9,0.126,68.2,3.71,44.6,12.8,16.25,1.5,18.85,0.11,4.77,0.037,3.14,30.2,49.5,0.22,613.0,2.04,1.63,48.4,28.2,130.0,28.4,391.0,0.01,0.69,3.66,0.4,2.9,77.0,3.75,0.06,33.4,0.213,0.87,6.24,26.0,2.55,37.5,50.1,118.0,1212465.608,6351.195931,2362.0,211.686706,34.281102,255.0,3.8385,97.0,0.0086,76.892643,37.454826,74.0,0.302,152.0,0.0086,97.783574,6.428303,97.0,39.9132,117.0,1.8613,18.50013,0.86595,19.0,75.0065,17.0,24.9935
40428094.0,65.26774514,26.02416042,0.0,0.0,0.0,0.0,8.708093879,0.0,0.0,0.0,-109.299359,31.70466429,0.058,6.4,6.76,196.0,8.06,0.449,0.55,0.182,114.0,3.97,31.9,18.45,16.45,2.0,22.4,0.15,6.16,0.081,3.88,45.1,67.6,0.19,930.0,2.57,1.735,63.7,21.3,150.0,35.2,440.0,0.01,0.74,3.64,0.4,5.4,114.0,4.81,0.05,44.6,0.238,1.26,8.61,27.5,3.2,52.2,89.7,152.5,14056242.46,25417.9035,18985.0,195.774875,43.983903,255.0,2.1434,49.0,0.0015,26.50934,30.088168,1.0,4.4991,128.0,0.0007,43.860795,22.999914,33.0,9.0127,1.0,0.0101,12.835324,8.037775,4.0,32.9709,7.0,15.0
40429066.0,33.4181770465,28.25119345,0.0,0.0,0.0,0.0,4.91245239,0.0,0.0,0.0,-109.313044,31.77589794,0.094,6.35,10.35,354.0,4.55,0.404,0.49,0.186,166.5,5.07,14.5,10.6,13.1,2.64,19.1,0.22,6.34,0.085,4.1,80.2,49.1,0.21,1140.0,3.2,1.605,42.0,7.78,440.0,29.7,306.0,0.02,0.79,5.14,0.5,4.29,82.5,2.68,0.02,33.8,0.411,1.215,6.95,40.1,2.57,45.1,98.1,212.0,35089414.23,33009.29235,42174.0,140.253829,64.730079,255.0,0.9259,32.0,0.0003,79.588755,48.885918,1.0,0.4608,245.0,0.0009,40.942863,29.594053,17.0,6.4828,118.0,0.0023,19.586229,5.856414,23.0,68.6755,3.0,1.4015
40429067.0,71.17451828,28.82548167,0.0,0.0,0.0,0.0,0.0,0.0,0.0,0.0,-109.4278917,31.76205409,0.103,7.04,5.23,560.0,4.59,0.735,0.91,0.289,143.0,7.18,16.2,10.65,30.0,2.63,21.0,0.19,6.55,0.088,3.63,69.7,49.7,0.35,990.0,1.97,1.69,33.1,11.0,600.0,33.0,245.0,0.03,0.82,6.87,0.6,3.53,173.5,2.06,0.08,25.2,0.427,0.971,4.5,50.9,2.01,42.9,95.3,240.0,10665815.78,20712.69646,63174.0,185.206572,45.122337,255.0,6.3422,43.0,0.001,103.884442,34.661963,90.0,0.8769,8.0,0.001,119.520128,20.559976,114.0,16.8195,71.0,0.4011,13.778912,4.415737,16.0,79.8083,5.0,20.1917
40426099.0,100.0,0.0,0.0,0.0,0.0,0.0,0.0,0.0,0.0,0.0,-109.129384,31.44407038,0.044,7.49,4.81,600.0,1.99,0.359,2.97,0.183,85.3,22.0,123.5,7.12,30.8,5.56,18.5,0.16,3.81,0.064,1.92,39.9,30.9,1.27,843.0,1.28,1.145,24.4,39.3,710.0,17.4,100.5,0.02,0.53,13.35,0.7,2.15,455.0,1.46,0.07,13.6,0.84,0.453,2.08,164.5,0.937,28.4,91.6,141.0,25033408.35,31567.54468,154920.0,179.40641,38.237279,255.0,2.8227,34.0,0.0008,97.59886,36.756875,87.0,0.8659,253.0,0.0025,-21.118921,60.235026,-47.0,4.7623,2.0,0.0049,10.391178,7.680323,3.0,44.1786,7.0,11.994
40429016.0,81.64264062,9.1786796875,0.0,0.0,0.0,0.0,0.0,0.0,0.0,0.0,-109.1324386,31.48725369,0.064,7.86,5.68,460.0,1.53,0.406,2.83,0.291,66.5,35.1,282.0,3.45,54.9,7.1,18.5,0.11,4.33,0.068,1.54,31.9,15.9,1.79,1110.0,1.74,1.075,35.4,101.0,1150.0,13.9,61.4,0.02,0.58,18.4,0.7,2.12,393.0,2.11,0.1,7.59,1.205,0.246,1.48,179.0,1.005,24.5,90.4,172.5,5333788.213,13837.37956,43273.0,173.880665,41.09104,255.0,4.2238,57.0,0.0059,116.100095,35.65766,109.0,1.1127,4.0,0.002,-32.767861,112.238378,-144.0,21.3377,-158.0,0.1975,7.503549,4.692045,6.0,88.3869,33.0,2.0132
40428022.0,35.54789792,64.45210233,0.0,0.0,0.0,0.0,0.0,0.0,0.0,0.0,-109.1404927,31.51928656,0.047,7.62,5.11,510.0,2.12,0.211,3.09,0.216,77.1,40.5,215.0,2.19,53.2,8.74,18.35,0.17,4.56,0.069,1.3,37.3,16.4,1.82,1405.0,1.9,0.952,54.2,119.0,1870.0,10.3,47.7,0.03,0.51,20.2,0.9,2.01,571.0,2.95,0.06,6.43,1.63,0.186,1.39,214.0,0.968,26.1,96.5,209.0,402297.4786,3456.685763,3808.0,138.292279,41.453869,129.0,3.0532,66.0,0.0261,124.694139,28.79721,126.0,1.8168,22.0,0.026,85.626606,13.89953,95.0,66.8178,132.0,0.3779,20.0,0.0,20.0,100.0,20.0,100.0
40429017.0,9.523600912,28.031749137000002,0.0,6.3811514,0.0,0.0,0.0,0.0,0.0,0.0,-109.1491495,31.49995227,0.062,7.63,4.22,470.0,1.67,0.287,2.84,0.227,71.4,40.1,216.0,2.47,56.4,8.21,18.25,0.13,4.96,0.078,1.35,34.6,12.7,1.73,1320.0,1.98,1.02,52.2,116.0,1690.0,11.0,50.3,0.01,0.49,19.3,0.7,2.27,487.0,2.98,0.12,6.35,1.51,0.191,1.32,196.5,1.07,24.0,95.8,208.0,1349270.494,7545.866611,12714.0,122.303602,44.35078,119.0,1.8103,213.0,0.0233,134.697139,46.98865,255.0,1.8165,1.0,0.0078,89.035894,25.020867,111.0,45.8061,25.0,2.5531,22.485354,5.112007,20.0,80.8819,33.0,19.1181
40428023.0,62.16870241,1.88699198,35.9443057,0.0,0.0,0.0,0.0,0.0,0.0,0.0,-109.2031589,31.49049728,0.051,8.55,5.39,730.0,2.72,0.275,2.1,0.299,100.5,32.7,116.5,3.33,47.9,7.29,18.95,0.18,5.1,0.073,1.73,50.3,21.6,1.47,1390.0,1.69,0.855,63.0,81.6,1890.0,13.3,73.0,0.03,0.66,16.3,0.6,2.09,610.0,3.47,0.08,9.49,1.095,0.271,1.86,130.0,1.17,31.4,93.9,235.0,1604216.806,6982.271909,15164.0,133.142113,49.847752,255.0,2.1194,188.0,0.0131,86.860479,40.208501,58.0,1.3869,7.0,0.0065,93.208909,5.557104,97.0,56.3379,114.0,0.183,31.48937,0.499887,31.0,51.063,32.0,48.937
40428099.0,100.0,0.0,0.0,0.0,0.0,0.0,0.0,0.0,0.0,0.0,-109.278307,31.68493467,0.062,5.8,11.25,272.0,4.0,0.659,0.39,0.258,116.5,4.26,34.0,21.6,31.3,2.42,18.85,0.16,4.24,0.091,3.58,49.6,44.0,0.17,1130.0,2.05,1.315,45.9,18.6,180.0,33.9,294.0,0.02,1.25,4.35,0.5,4.35,99.1,2.99,0.11,27.5,0.321,0.879,5.21,31.7,2.85,43.0,105.5,126.0,3595788.26,14525.85713,9389.0,170.969965,44.929651,255.0,1.4517,234.0,0.0029,63.204304,49.399626,1.0,1.7694,210.0,0.0029,78.341515,18.891276,91.0,25.5777,103.0,0.1041,15.742353,1.578058,16.0,97.3575,4.0,0.6606
40429082.0,38.65442602,61.34557413,0.0,0.0,0.0,0.0,0.0,0.0,0.0,0.0,-109.275689,31.59632589,0.082,7.88,5.16,580.0,2.48,0.31,2.71,0.267,81.6,24.9,152.0,5.83,43.7,5.42,19.25,0.19,4.54,0.063,1.69,40.8,30.4,1.28,1060.0,0.99,0.671,42.7,83.1,1030.0,15.8,83.2,0.03,0.74,16.85,0.6,1.96,255.0,2.52,0.06,8.49,0.822,0.34,1.79,107.5,1.32,25.5,83.6,189.5,3940308.452,12549.69128,36355.0,122.72455,35.930248,131.0,1.6909,232.0,0.008,122.783686,39.006973,114.0,1.2848,7.0,0.0053,26.718776,10.727001,24.0,31.4734,50.0,0.2234,27.894162,6.291445,33.0,49.6491,30.0,17.6663
40428024.0,50.00000222,0.0,0.0,0.0,0.0,0.0,0.0,0.0,0.0,0.0,-109.1677881,31.48215179,0.039,7.2,4.88,470.0,1.88,0.22,3.13,0.209,74.3,45.1,298.0,1.99,54.6,10.25,19.8,0.18,4.74,0.072,1.27,36.3,15.4,1.87,1520.0,2.66,1.125,65.9,120.5,1680.0,10.6,46.0,0.02,0.5,20.2,0.9,2.35,495.0,3.57,0.06,6.87,2.12,0.173,1.48,275.0,0.99,26.2,121.0,219.0,23796854.87,35695.36533,210683.0,149.779617,46.816561,255.0,3.0189,25.0,0.0026,103.489619,36.891722,96.0,1.0979,250.0,0.004,-56.494742,118.299933,69.0,6.3558,132.0,0.0026,20.204566,9.939191,33.0,29.0317,23.0,0.0035
40429081.0,0.317399502,49.8413002945,0.0,0.0,0.0,0.0,0.0,0.0,0.0,0.0,-109.2893002,31.61391271,0.096,7.77,5.67,580.0,2.31,0.371,3.38,0.289,84.7,26.1,147.5,5.97,48.3,5.68,18.15,0.2,4.79,0.075,1.57,42.6,32.5,1.6,1170.0,1.19,0.708,41.3,86.1,1240.0,16.75,81.1,0.04,0.75,15.85,0.7,2.03,289.0,2.44,0.06,8.38,0.817,0.319,1.85,110.5,1.31,26.8,85.1,200.0,9187128.832,17852.03343,62835.0,160.502745,48.399016,255.0,3.6472,18.0,0.0046,135.154312,44.749259,255.0,0.8791,1.0,0.0011,51.860333,10.418804,56.0,16.9784,20.0,0.1069,33.28012,0.601712,33.0,70.8423,19.0,0.0764
40428025.0,65.08884673,0.0,0.0,17.455576117,0.0,0.0,0.0,0.0,0.0,0.0,-109.1965335,31.51385073,0.062,8.16,4.94,620.0,2.54,0.31,1.88,0.274,91.7,30.9,137.5,4.22,46.1,6.05,18.45,0.16,4.62,0.071,1.74,44.5,23.7,1.25,1270.0,1.23,0.74,50.0,98.5,1520.0,15.1,79.6,0.03,0.69,16.65,0.6,2.11,277.0,2.83,0.06,8.98,0.977,0.319,1.79,119.0,1.18,29.7,84.5,200.0,46004014.73,48167.16705,425067.0,137.920121,48.224702,255.0,2.581,2.0,0.0016,106.232291,46.948129,114.0,0.9264,254.0,0.0146,52.145758,87.417138,81.0,4.9989,31.0,0.0011,30.473882,5.486861,31.0,34.2257,32.0,0.0825
40429071.0,100.0,0.0,0.0,0.0,0.0,0.0,0.0,0.0,0.0,0.0,-109.4525327,31.80296088,0.092,7.02,5.39,730.0,3.23,0.586,0.64,0.227,124.0,7.37,24.5,7.29,32.6,2.39,19.2,0.19,4.83,0.074,3.48,65.4,37.7,0.28,589.0,1.85,1.515,23.5,14.65,510.0,29.2,193.5,0.03,0.82,6.42,0.4,2.76,170.0,1.61,0.05,20.2,0.405,0.816,3.49,48.3,1.71,32.5,73.7,167.5,3850244.826,11412.51362,31853.0,160.397984,44.607304,255.0,4.2849,49.0,0.0054,98.778367,32.604775,100.0,1.2692,1.0,0.0027,55.546508,38.065927,18.0,23.5126,16.0,0.8905,16.0,0.0,16.0,100.0,16.0,100.0
40429068.0,69.78208181,14.30929584,0.0,0.0,0.0,0.0,7.954311263499999,0.0,0.0,0.0,-109.4979409,31.7552435,0.133,6.97,7.87,550.0,4.64,0.765,0.61,0.328,120.5,7.22,25.4,8.91,43.1,2.34,20.8,0.2,5.44,0.08,3.15,61.3,47.8,0.34,648.0,1.83,1.22,31.0,15.1,510.0,34.3,226.0,0.03,1.04,7.22,0.4,3.8,169.0,2.05,0.09,24.8,0.351,1.095,3.84,48.0,2.1,42.5,85.1,180.0,6176130.414,23369.68084,55326.0,86.799967,41.961157,1.0,1.2486,7.0,0.0017,126.094023,43.558115,109.0,0.9379,1.0,0.0017,28.086319,33.37606,14.0,15.8196,139.0,0.0016,16.0,0.0,16.0,100.0,16.0,100.0
40428074.0,100.0,0.0,0.0,0.0,0.0,0.0,0.0,0.0,0.0,0.0,-109.148262,31.78158975,0.076,7.33,4.99,800.0,3.56,0.68,0.61,0.405,214.0,4.39,14.4,7.81,32.1,2.13,18.0,0.27,2.83,0.08,4.25,97.3,27.9,0.31,995.0,1.46,1.785,28.2,6.25,470.0,32.9,200.0,0.03,0.96,7.07,0.5,3.36,113.5,1.73,0.09,20.4,0.4,0.835,3.21,32.0,1.505,58.0,83.1,86.2,9913868.048,18427.74396,49532.0,145.360878,44.56146,255.0,0.9201,14.0,0.0011,74.49998,42.240699,1.0,1.453,236.0,0.0011,13.665866,13.263263,25.0,22.5531,-28.0,0.0133,9.438813,4.20666,7.0,74.0788,23.0,1.5129
40429083.0,38.2561875,61.74381238,0.0,0.0,0.0,0.0,0.0,0.0,0.0,0.0,-109.2837649,31.57715677,0.135,7.37,9.6,480.0,2.34,0.631,2.6,0.596,78.4,21.5,111.5,6.74,66.0,4.71,17.6,0.18,3.88,0.075,1.66,40.0,32.1,0.9,1040.0,1.29,0.468,32.1,68.6,1340.0,24.9,91.5,0.04,1.32,14.0,0.8,2.29,147.0,1.95,0.12,9.29,0.69,0.426,2.14,96.7,1.855,28.2,105.0,158.5,1945689.851,10470.07474,17746.0,129.443086,38.389479,163.0,1.4243,34.0,0.0054,154.21947,41.562774,255.0,1.311,8.0,0.0054,3.971211,9.588355,2.0,22.1615,-14.0,4.4823,31.259008,1.480514,30.0,58.0331,33.0,41.9669
40429087.0,34.85380627,0.433403173,0.0,0.10468863,0.0,0.0,29.32089252,0.0,0.0,0.0,-109.2017319,31.66211813,0.083,7.39,5.56,550.0,3.47,0.447,1.45,0.337,110.0,21.6,106.0,7.21,48.9,4.36,19.15,0.2,4.52,0.083,2.27,53.5,36.3,0.86,1105.0,1.35,1.0,38.6,65.3,1020.0,25.7,160.0,0.03,0.98,13.0,0.7,2.7,208.0,2.36,0.07,16.55,0.726,0.565,2.99,74.7,1.625,38.9,92.2,160.5,13232805.46,20274.5058,120778.0,128.074823,38.344482,138.0,1.4046,251.0,0.0016,128.764457,45.827601,255.0,1.2961,2.0,0.0008,71.933504,54.477534,37.0,8.6799,80.0,0.0023,17.171684,2.613225,16.0,83.2617,23.0,16.7383
40428075.0,0.0,100.0,0.0,0.0,0.0,0.0,0.0,0.0,0.0,0.0,-109.1638636,31.77882511,0.046,6.27,3.72,411.0,7.09,0.342,0.39,0.149,105.0,2.5,9.5,12.3,10.6,1.69,19.5,0.14,5.42,0.066,3.83,46.4,60.3,0.15,842.0,2.12,1.755,69.8,3.39,150.0,32.0,373.0,0.01,0.85,3.61,0.4,3.93,73.5,5.01,0.05,33.2,0.274,1.075,7.08,23.2,2.93,47.5,80.7,138.0,14100393.79,22175.81219,50401.0,161.874784,44.399006,255.0,0.9938,2.0,0.0007,61.063395,44.438399,1.0,3.4873,219.0,0.0007,-16.017308,11.774834,-4.0,14.1798,6.0,0.0417,15.909978,7.916875,23.0,55.2454,16.0,0.7858
40430634.0,99.72419813,0.27580185,0.0,0.0,0.0,0.0,0.0,0.0,0.0,0.0,-109.1656415,31.77049303,0.06,6.84,4.75,440.0,7.49,0.358,0.43,0.156,115.0,2.71,8.7,11.7,12.5,1.58,22.7,0.27,5.42,0.058,4.34,52.6,53.8,0.17,786.0,1.86,1.82,54.4,5.6,180.0,33.9,411.0,0.005,0.79,3.76,0.4,4.11,84.4,3.8,0.02,36.0,0.22,1.275,7.23,17.1,2.58,51.6,75.7,151.5,10033010.66,18742.74671,50736.0,157.345179,46.937237,255.0,1.8359,10.0,0.001,87.332061,41.368799,68.0,0.7098,249.0,0.001,-50.811163,4.447792,-54.0,22.6108,-57.0,0.0262,18.987053,4.496246,23.0,50.0198,7.0,5.7148
40430635.0,6.598053994000001,41.157457797,0.0,0.049735329,4.439241091,0.0,0.0,0.0,0.0,0.0,-109.1977989,31.76857915,0.071,6.39,5.17,335.0,7.77,0.541,0.48,0.268,115.0,2.72,10.9,14.65,18.65,1.81,21.3,0.24,5.72,0.072,3.88,53.0,58.9,0.16,1055.0,2.25,1.64,69.8,4.37,180.0,37.0,410.0,0.005,0.89,3.89,0.5,4.43,80.8,5.19,0.05,40.5,0.251,1.17,8.51,20.9,3.3,55.0,88.8,148.5,25942500.04,32278.57847,25301.0,169.369037,46.209645,255.0,0.5392,5.0,0.0004,39.41843,32.815851,1.0,1.641,165.0,0.0004,-23.491732,15.575651,-47.0,9.8003,-20.0,0.0098,16.831389,7.255738,23.0,54.4365,12.0,0.7469
40429085.0,11.008854201999998,29.37522397,0.0,0.0,0.0,0.0,24.303533836,0.0,0.0,0.0,-109.2386159,31.72885974,0.075,6.36,8.32,281.0,5.76,0.768,0.61,0.301,165.5,4.0,14.4,32.1,25.0,2.03,19.85,0.21,5.84,0.094,3.72,79.5,61.9,0.22,992.0,2.49,1.395,43.7,6.53,230.0,40.2,334.0,0.02,1.28,4.47,0.4,5.09,110.0,3.08,0.08,39.3,0.271,1.225,7.6,28.4,2.73,57.0,94.0,160.5,5521141.857,17229.95539,10803.0,186.683884,49.87727,255.0,2.5489,42.0,0.0019,56.44259,43.134283,1.0,1.8096,196.0,0.0019,-6.772621,10.625435,1.0,20.0084,-25.0,0.2273,22.974675,0.420281,23.0,99.6382,16.0,0.3618
40429084.0,0.0,100.0,0.0,0.0,0.0,0.0,0.0,0.0,0.0,0.0,-109.2473128,31.73850178,0.076,6.58,11.55,305.0,5.54,0.629,0.53,0.216,156.5,3.93,13.6,44.6,16.45,1.98,20.9,0.21,6.15,0.094,3.9,75.1,75.1,0.24,868.0,1.86,1.44,42.6,7.02,180.0,35.9,347.0,0.01,1.46,4.46,0.4,5.6,118.5,2.98,0.05,38.1,0.26,1.365,7.54,27.3,2.81,54.0,89.9,169.5,17545884.21,34297.7323,18935.0,154.127436,52.56701,255.0,0.5383,26.0,0.0012,65.164564,44.699264,1.0,0.7449,204.0,0.0006,-12.614167,14.280373,-14.0,11.9625,-8.0,0.1281,21.506494,2.867749,23.0,78.6642,16.0,21.3358
40429075.0,42.00423189,0.0,0.0,28.997884655,0.0,0.0,0.0,0.0,0.0,0.0,-109.4283124,31.8198225,0.087,6.13,3.77,137.0,4.78,0.367,0.19,0.212,172.0,3.11,20.7,9.52,9.26,2.92,23.5,0.23,2.93,0.095,4.41,71.4,38.0,0.11,946.0,2.79,1.57,60.0,14.7,130.0,29.4,350.0,0.01,1.08,4.56,0.4,6.52,37.1,3.42,0.02,35.9,0.34,1.355,4.62,26.4,3.03,43.8,135.5,86.3,11048838.74,18420.74735,27235.0,176.000037,47.670849,255.0,2.6473,56.0,0.0019,48.138195,32.964313,1.0,1.8729,151.0,0.0009,26.074986,23.76494,27.0,20.0297,131.0,0.0211,14.614599,3.247965,16.0,84.6067,7.0,15.3934
40429074.0,97.44485812,2.555141705,0.0,0.0,0.0,0.0,0.0,0.0,0.0,0.0,-109.4532098,31.83734202,0.092,7.13,5.51,600.0,4.46,0.477,0.62,0.273,160.0,7.45,41.4,10.2,29.4,2.83,21.6,0.22,3.39,0.083,4.24,77.5,42.9,0.27,920.0,2.25,1.76,44.6,29.7,730.0,31.4,279.0,0.02,1.5,6.77,0.5,4.06,131.5,2.66,0.02,26.4,0.608,0.858,3.56,51.4,2.52,42.8,93.9,92.7,1375661.867,6668.293355,11546.0,184.232288,42.335287,255.0,7.3519,72.0,0.0304,141.99412,39.291571,127.0,1.0459,7.0,0.0076,-14.685225,7.649492,-20.0,48.4445,-9.0,1.1547,8.061637,2.903043,7.0,88.204,16.0,11.796
40429069.0,0.0,0.0,0.0,50.00000496,0.0,0.0,0.0,0.0,0.0,0.0,-109.5045836,31.76449134,0.14,6.54,9.24,530.0,2.98,0.646,0.4,0.234,113.0,7.04,27.3,8.49,35.7,2.5,18.45,0.18,5.41,0.07,3.4,59.7,41.4,0.22,519.0,1.68,1.1,28.3,12.55,420.0,30.5,208.0,0.02,1.28,6.87,0.5,2.9,106.0,1.74,0.07,21.2,0.456,1.005,3.51,54.8,2.31,30.6,77.2,199.5,3284721.828,12954.90234,30999.0,76.489919,43.985106,1.0,4.0437,202.0,0.0127,121.313122,39.238738,122.0,0.9833,28.0,0.0032,-6.050921,16.052899,4.0,22.474,-33.0,1.1083,16.0,0.0,16.0,100.0,16.0,100.0
40429073.0,37.59827948,40.4449109,0.0,0.0,0.0,0.0,10.9784047825,0.0,0.0,0.0,-109.4485445,31.81358251,0.095,6.54,5.21,520.0,3.56,0.585,0.57,0.309,143.0,5.98,25.4,9.35,27.5,2.59,19.4,0.2,6.11,0.069,3.8,68.8,45.5,0.26,1020.0,2.27,1.45,34.7,15.8,540.0,30.4,245.0,0.02,1.11,6.36,0.6,3.63,111.0,2.11,0.09,23.2,0.465,0.941,4.26,42.6,2.17,37.0,93.6,213.0,3663799.258,10382.36666,22588.0,173.764211,46.606758,255.0,4.515,60.0,0.0086,103.972733,28.421246,89.0,1.2082,1.0,0.0028,24.72651,27.891919,6.0,26.2642,14.0,5.3467,16.0,0.0,16.0,100.0,16.0,100.0
40429090.0,13.3703190515,28.663660321000002,0.0,15.65476009,0.0,0.0,0.0,0.27728164,0.0,0.0,-109.1861487,31.93197124,0.092,4.45,6.64,302.0,1.2,0.18,11.5,0.46,45.1,11.0,52.2,16.4,23.0,2.55,9.96,0.17,2.4,0.033,1.5,20.2,53.0,1.16,844.0,2.16,0.837,11.15,31.5,830.0,34.8,107.0,0.05,0.79,9.44,1.1,1.21,360.0,0.76,0.02,4.9,0.402,1.025,2.34,71.3,1.56,18.7,228.0,88.2,4515895.887,13191.41248,8176.0,165.203156,37.681958,158.0,0.3307,46.0,0.0023,113.952,42.454675,105.0,0.2151,5.0,0.0023,41.380447,33.333438,45.0,24.9641,151.0,0.4842,22.890777,7.005659,21.0,58.5945,6.0,8.9991
40429092.0,95.98208892,4.017911225,0.0,0.0,0.0,0.0,0.0,0.0,0.0,0.0,-109.2172154,31.8976999,0.064,7.79,7.12,490.0,1.87,0.152,2.2,0.166,78.1,26.6,150.5,17.85,39.1,5.24,18.05,0.19,4.78,0.065,2.05,38.3,54.4,2.7,1060.0,1.87,1.395,26.7,97.0,1550.0,12.35,94.5,0.02,0.61,17.95,0.6,1.81,280.0,1.63,0.02,7.72,0.863,0.449,2.12,133.0,1.15,30.6,88.7,197.0,10543341.55,26486.90987,1344.0,197.430804,55.127649,255.0,0.377,29.0,0.001,108.912716,50.150983,1.0,0.0198,3.0,0.001,-25.111262,8.682113,-32.0,28.0775,-19.0,0.047,23.498753,10.249049,35.0,40.3172,25.0,3.7672
40429094.0,75.34787709,24.65212286,0.0,0.0,0.0,0.0,0.0,0.0,0.0,0.0,-109.1694757,31.88929059,0.103,5.59,8.58,460.0,2.32,0.329,1.96,0.169,107.0,10.5,45.0,11.15,21.7,3.96,15.1,0.21,4.83,0.059,2.63,52.9,40.5,0.73,817.0,2.71,1.225,28.3,25.2,900.0,21.8,157.0,0.03,0.89,8.98,0.7,2.97,177.0,1.72,0.02,14.85,0.693,0.823,3.58,92.5,2.12,32.2,107.5,172.0,27477713.55,40160.17109,13618.0,149.733074,63.782801,255.0,0.3808,24.0,0.0004,88.453538,58.951889,1.0,0.2793,251.0,0.0004,-4.540966,31.922551,-25.0,6.6534,63.0,0.0055,13.431203,7.014339,5.0,31.8656,35.0,0.9912
40429093.0,56.76284281,21.618578578,0.0,0.0,0.0,0.0,0.0,0.0,0.0,0.0,-109.2405488,31.91313123,0.093,7.51,9.87,620.0,2.11,0.169,1.6,0.157,98.0,21.5,125.0,13.1,33.2,4.84,19.35,0.22,5.31,0.07,2.94,48.6,47.9,1.83,957.0,2.61,1.495,26.1,92.0,1360.0,16.45,153.5,0.05,0.88,14.6,0.6,2.35,258.0,1.6,0.04,10.45,0.815,0.728,2.57,119.5,2.1,30.2,96.9,221.0,8666743.668,17570.88616,6133.0,222.797,50.274645,255.0,3.9901,5.0,0.0012,48.145114,52.625318,1.0,2.1139,162.0,0.0012,-13.092426,6.009702,-10.0,14.5327,-3.0,0.7347,22.104613,8.487346,17.0,65.8462,19.0,0.0386
40429089.0,23.33745169,0.0,0.0,0.0,21.8858269375,0.0,32.89089469,0.0,0.0,0.0,-109.2198836,31.87973999,0.108,5.74,7.11,470.0,2.78,0.787,1.91,0.157,126.0,8.33,36.8,10.95,15.25,3.84,16.85,0.23,5.53,0.073,2.83,60.6,45.2,0.56,1415.0,2.58,1.24,28.7,21.3,900.0,22.0,177.0,0.04,1.02,8.21,0.9,3.82,130.0,1.71,0.02,17.45,0.648,0.855,4.33,80.3,2.19,35.9,93.8,191.0,26088772.37,29429.44986,13131.0,191.375904,62.03143,255.0,1.6313,19.0,0.0004,52.497598,53.886024,1.0,1.41,204.0,0.0004,-52.381067,15.753227,-42.0,10.8655,-37.0,0.0213,14.360698,7.916934,25.0,30.5388,7.0,0.1216
40429088.0,100.0,0.0,0.0,0.0,0.0,0.0,0.0,0.0,0.0,0.0,-109.1876562,31.86921475,0.145,6.67,14.3,520.0,4.24,0.415,0.75,0.18,151.5,7.62,23.6,10.95,18.5,3.4,20.1,0.22,6.05,0.465,3.93,71.9,46.1,0.37,950.0,3.94,1.53,43.4,15.6,490.0,31.6,297.0,0.03,1.21,6.59,0.5,4.45,128.0,2.78,0.05,30.2,0.557,1.27,6.32,73.4,2.89,45.0,108.5,198.0,34862071.09,39574.23229,28040.0,134.512767,53.64,255.0,0.2649,17.0,0.0003,92.568112,63.108959,1.0,0.4669,250.0,0.003,-32.268399,25.212623,-20.0,9.7111,2.0,0.0154,10.355377,4.719701,5.0,28.759,23.0,2.3152
40429076.0,99.37349981,0.0,0.0,0.3132500975,0.0,0.0,0.0,0.0,0.0,0.0,-109.4072419,31.7803784,0.118,6.85,7.2,530.0,4.02,0.64,0.65,0.197,161.5,7.02,39.5,10.05,21.7,3.35,21.4,0.23,7.22,0.079,4.2,77.7,51.4,0.32,893.0,2.57,1.62,39.0,29.8,630.0,31.2,255.0,0.02,1.15,7.33,0.7,3.76,115.0,2.24,0.06,24.2,0.597,1.205,4.39,61.3,2.46,40.6,109.5,282.0,18525210.6,34579.94943,14308.0,212.649637,35.898738,255.0,1.5913,58.0,0.0006,66.319861,38.147909,1.0,0.6921,156.0,0.0006,137.671919,74.18267,219.0,6.1951,14.0,0.0033,13.193596,4.842382,16.0,74.8048,3.0,1.7466
40430638.0,19.37516076,0.0,0.0,40.312419605,0.0,0.0,0.0,0.0,0.0,0.0,-109.0980984,31.8511932,0.182,6.09,9.49,590.0,2.57,0.519,0.42,0.396,89.8,8.47,26.0,7.37,34.2,2.16,15.4,0.12,3.55,0.064,3.6,44.0,35.1,0.24,809.0,2.72,0.916,28.4,10.65,450.0,31.0,256.0,0.02,1.65,5.97,0.4,2.83,112.0,2.01,0.05,18.45,0.394,1.23,3.85,45.0,2.96,27.9,72.5,107.5,1231006.93,6355.254879,11645.0,128.554916,31.205338,140.0,2.5234,195.0,0.0085,129.981242,46.839397,119.0,1.1024,10.0,0.0085,105.002057,7.739722,108.0,66.4335,80.0,2.2054,23.0,0.0,23.0,100.0,23.0,100.0
40430636.0,8.901392204,91.0986078,0.0,0.0,0.0,0.0,0.0,0.0,0.0,0.0,-109.0964602,31.81565041,0.158,6.96,12.4,600.0,4.01,0.274,0.39,0.116,109.0,5.07,14.9,11.3,12.25,2.09,19.65,0.26,3.71,0.066,4.02,54.3,47.1,0.26,678.0,3.02,1.385,32.4,8.31,250.0,27.1,287.0,0.02,1.74,6.23,0.4,3.06,114.5,2.01,0.02,21.4,0.355,1.4,3.86,41.2,2.89,39.2,72.4,117.0,467388.4394,4092.074119,4469.0,97.086597,29.800851,96.0,3.2136,162.0,0.0446,61.492353,21.624412,53.0,2.9161,5.0,0.0224,59.100671,4.185051,59.0,79.974,77.0,1.1907,17.433886,2.825097,16.0,79.5159,23.0,20.4841
40430639.0,20.49074331,0.0,0.0,39.7546285025,0.0,0.0,0.0,0.0,0.0,0.0,-109.0758376,31.86288294,0.096,6.66,8.27,520.0,3.25,0.388,0.56,0.242,103.5,7.29,24.5,27.2,20.8,2.43,17.55,0.15,4.29,0.065,3.49,49.1,70.6,0.3,810.0,1.28,1.405,28.3,10.7,350.0,27.4,240.0,0.005,1.54,6.8,0.5,3.0,181.5,1.94,0.02,20.8,0.406,1.045,4.05,50.7,2.54,37.7,76.6,125.5,458735.0031,6697.785655,4397.0,72.525131,24.953368,63.0,4.2428,35.0,0.0677,66.849268,33.34621,55.0,2.0885,1.0,0.0227,121.199956,6.468976,126.0,40.9865,121.0,4.7335,23.0,0.0,23.0,100.0,23.0,100.0
40430637.0,68.40567999,30.56727849,0.0,0.0,0.0,0.0,0.0,1.027041696,0.0,0.0,-109.1323821,31.84090496,0.12,7.44,11.05,520.0,5.0,0.409,0.46,0.509,100.5,6.72,10.8,10.75,20.4,2.34,20.1,0.25,4.31,0.06,3.66,46.7,48.1,0.43,885.0,3.34,1.535,33.7,8.47,480.0,31.0,284.0,0.06,1.38,6.88,0.7,2.93,131.5,2.29,0.06,24.1,0.336,1.175,5.27,47.6,2.68,38.6,81.9,134.0,16276948.95,26226.96328,53647.0,162.493746,52.506114,255.0,2.6624,10.0,0.0013,34.935659,40.803226,1.0,11.9983,199.0,0.0006,23.862525,21.789333,40.0,11.2013,32.0,0.0684,11.589508,4.810639,16.0,53.9241,5.0,13.183
40429077.0,0.0,49.999999360000004,0.0,0.0,0.0,0.0,0.0,0.0,0.0,0.0,-109.4332915,31.79181429,0.089,7.24,5.35,770.0,3.32,0.698,0.77,0.318,135.0,8.9,30.9,12.45,37.0,2.58,19.4,0.18,5.38,0.073,3.3,66.0,58.6,0.38,735.0,2.01,1.61,24.6,19.05,610.0,30.8,168.5,0.03,0.88,7.74,0.5,2.73,157.0,1.59,0.08,18.9,0.479,0.768,3.71,48.4,1.91,32.3,84.4,205.0,2800702.213,10534.40698,19738.0,198.922738,41.006412,255.0,9.4883,19.0,0.0112,109.952055,25.598385,113.0,1.386,22.0,0.0037,138.892815,24.932592,159.0,28.3046,143.0,5.7404,16.0,0.0,16.0,100.0,16.0,100.0
40430641.0,95.26064521,0.0,0.0,2.3696773003600002,0.0,0.0,0.0,0.0,0.0,0.0,-109.6811231,32.38350344,0.09,6.82,8.98,690.0,2.29,0.34,1.78,0.13,112.0,13.65,58.7,14.35,25.1,4.88,18.25,0.2,3.97,0.067,2.86,54.1,48.0,0.59,826.0,1.18,1.535,24.8,21.7,940.0,23.0,168.5,0.005,1.83,10.55,0.7,2.77,337.0,1.81,0.05,19.25,0.83,0.649,3.37,143.0,2.24,38.3,90.7,145.0,702215.5823,5285.977417,6748.0,114.342768,26.97373,97.0,3.2964,187.0,0.0591,70.456413,21.267835,63.0,3.066,20.0,0.0147,-60.507418,2.801086,-61.0,77.6466,-70.0,4.4649,23.0,0.0,23.0,100.0,23.0,100.0
40430643.0,0.0,0.0,0.0,100.0,0.0,0.0,0.0,0.0,0.0,0.0,-109.689603,32.38895088,0.077,6.62,8.66,680.0,2.31,0.3,1.58,0.111,111.0,11.3,45.3,13.3,22.5,4.02,17.3,0.18,4.04,0.061,2.92,54.1,43.2,0.53,738.0,1.27,1.455,22.9,18.9,900.0,22.0,173.0,0.005,1.56,9.4,0.6,2.6,326.0,1.62,0.02,17.9,0.7,0.638,3.28,112.5,2.07,36.6,79.0,142.5,15233299.75,28307.86436,145153.0,120.194987,38.441232,112.0,1.476,237.0,0.0027,99.993768,40.830558,82.0,1.0013,2.0,0.0034,-69.441275,19.964246,-83.0,11.9141,-19.0,0.0179,20.640274,3.797345,23.0,69.3166,5.0,0.3631
40430642.0,99.99999997,0.0,0.0,0.0,0.0,0.0,0.0,0.0,0.0,0.0,-109.681543,32.3723413,0.086,6.34,7.98,740.0,2.05,0.432,1.8,0.144,147.0,17.05,83.7,6.73,24.1,6.29,18.0,0.23,4.24,0.088,2.57,66.7,33.6,0.46,1115.0,1.91,1.73,30.8,26.0,870.0,27.9,139.0,0.005,2.26,12.15,0.7,3.51,293.0,2.14,0.06,23.7,1.19,0.539,4.14,199.0,2.78,47.7,109.5,148.0,1413634.65,8366.678796,13618.0,124.108827,28.467868,151.0,2.2607,58.0,0.022,66.689178,15.351407,67.0,3.2944,11.0,0.0074,-57.33927,7.090695,-62.0,40.1788,-61.0,3.2475,22.466197,1.857868,23.0,92.3743,16.0,7.6258
40429098.0,96.33472323,1.832638585,0.0,0.0,0.0,0.0,0.0,0.0,0.0,0.0,-109.8127784,31.72578032,3.24,7.8,16.2,560.0,2.51,8.59,2.36,1.36,104.0,9.75,21.0,17.1,331.0,5.91,22.4,0.21,2.14,0.558,2.7,49.4,34.5,0.78,1340.0,2.84,1.525,16.85,9.5,2250.0,208.0,173.0,0.33,1.75,11.65,1.3,5.08,302.0,1.14,1.9,43.1,0.489,1.135,6.89,105.5,10.25,31.0,327.0,52.5,6056059.272,17826.48472,57058.0,134.416979,41.195476,125.0,1.4894,19.0,0.0086,142.225818,40.747769,255.0,1.8373,7.0,0.0017,110.044834,28.462465,113.0,17.327,53.0,0.1167,3.965916,1.99971,2.0,50.8521,6.0,49.1479
40429099.0,13.718539438,0.0,0.0,0.0,36.281460435,0.0,0.0,0.0,0.0,0.0,-109.7943423,31.74920162,0.4,7.64,5.63,640.0,2.42,2.02,1.22,0.321,123.0,9.02,34.8,9.96,66.2,4.48,20.4,0.23,2.17,0.111,2.86,63.3,28.7,0.58,955.0,3.07,1.775,20.5,12.2,1460.0,40.8,174.5,0.05,1.1,10.4,0.5,2.56,233.0,1.65,0.23,47.8,0.498,0.982,5.94,96.6,8.72,30.3,106.5,55.3,431677.1327,3910.868224,4114.0,64.143413,27.69363,52.0,5.9521,121.0,0.0484,70.191055,26.292629,56.0,2.347,16.0,0.0242,29.228972,2.081045,29.0,97.5234,19.0,0.4907,6.0,0.0,6.0,100.0,6.0,100.0
40429097.0,13.26357757,0.0,0.0,43.368210434,0.0,0.0,0.0,0.0,0.0,0.0,-109.8086926,31.76080661,2.58,7.22,19.4,480.0,2.34,23.0,1.28,0.695,96.0,6.88,31.8,11.5,1685.0,8.33,29.8,0.2,2.23,2.46,2.5,44.9,35.6,1.47,1410.0,3.04,0.615,17.1,15.0,1370.0,147.0,159.0,1.09,2.25,10.25,1.8,12.15,136.0,1.2,4.62,15.25,0.318,1.245,7.74,66.1,9.58,30.7,360.0,68.3,1550993.305,6733.748031,14655.0,121.775162,47.333609,134.0,1.5226,248.0,0.0337,136.291376,36.220855,136.0,1.4955,6.0,0.0067,33.115322,5.169024,30.0,59.1001,27.0,1.3088,8.211974,2.483353,6.0,55.7605,11.0,44.2395
40428174.0,18.2343329,0.0,0.0,81.76566691,0.0,0.0,0.0,0.0,0.0,0.0,-109.30896,31.9492103,0.202,7.8,15.15,550.0,2.35,0.354,1.99,0.199,70.3,19.1,102.0,8.97,32.8,4.7,18.3,0.11,4.32,0.071,2.22,33.4,39.7,1.8,858.0,2.01,2.0,26.9,57.6,1040.0,32.1,121.0,0.01,1.6,14.1,0.6,2.44,355.0,1.65,0.32,10.15,0.774,0.701,2.55,124.5,2.36,25.0,91.4,146.0,14449757.81,21176.09038,4117.0,226.288803,54.614563,255.0,1.782,9.0,0.0007,48.954366,34.281643,1.0,0.2869,135.0,0.0007,-49.706063,51.371838,-16.0,12.6924,-11.0,0.0217,13.678865,5.822762,19.0,47.7929,5.0,1.0535
40428118.0,99.75879694,0.0,0.0,0.0,0.0,0.0,0.0,0.241202653,0.0,0.0,-109.339465,31.863929,0.092,6.83,4.81,560.0,4.65,0.311,1.15,0.147,202.0,11.9,25.8,7.17,14.35,4.9,21.0,0.26,4.37,0.097,3.96,101.0,38.3,0.62,1700.0,3.73,1.94,57.4,16.85,1440.0,27.8,237.0,0.03,0.62,10.5,0.8,6.41,137.5,3.5,0.05,35.2,0.972,0.879,5.55,97.5,2.7,53.8,131.0,126.5,490664.5214,3835.847672,284.0,211.503521,35.501686,255.0,1.101,214.0,0.0212,57.463576,17.621583,50.0,0.2117,4.0,0.0212,48.76644,0.960182,49.0,94.3723,44.0,0.8452,16.0,0.0,16.0,100.0,16.0,100.0
40429096.0,44.701343337000004,3.5324377683333332,0.0,0.0,0.0,0.0,0.0,0.0,0.0,0.0,-109.3212688,31.96788945,0.117,7.33,11.2,510.0,3.05,0.4,1.7,0.215,73.5,16.65,88.1,7.88,31.2,4.21,17.85,0.18,4.76,0.078,2.29,35.2,35.5,1.46,873.0,2.27,1.68,29.1,55.6,890.0,36.2,140.5,0.02,1.49,12.0,0.7,2.62,303.0,1.79,0.35,13.25,0.682,0.686,3.73,110.5,2.18,26.9,100.0,165.0,4147052.831,12318.44186,307.0,219.723127,45.633345,255.0,0.3694,67.0,0.0025,50.143791,40.105403,1.0,0.088,3.0,0.0025,-65.635172,25.853432,-67.0,27.4249,-97.0,0.0098,15.882069,6.379913,16.0,35.7439,7.0,28.8491
40428175.0,61.68174697,38.31825337,0.0,0.0,0.0,0.0,0.0,0.0,0.0,0.0,-109.3164434,31.9267152,0.052,6.36,5.21,368.0,3.56,0.453,0.52,0.127,161.0,6.03,25.2,8.37,11.7,3.38,19.9,0.15,5.69,0.086,3.78,75.6,38.1,0.26,897.0,2.36,1.52,46.5,9.24,320.0,29.3,234.0,0.005,0.95,5.48,0.1,4.76,115.5,2.62,0.02,33.2,0.503,0.923,5.72,54.4,3.3,40.1,97.8,173.0,11635514.32,18999.24884,11479.0,196.524784,66.993977,255.0,4.482,32.0,0.0009,69.178267,54.729976,1.0,1.4497,228.0,0.0009,-3.903828,33.417102,14.0,9.9608,-2.0,0.2488,7.998313,5.102131,5.0,71.075,16.0,0.1417
40429095.0,15.597930459666665,12.167363743000001,0.0,16.7041173,0.0,0.0,0.0,0.0,0.0,0.0,-109.3126233,31.96867668,0.475,5.04,9.38,259.0,3.85,0.554,6.04,0.975,123.5,6.06,27.3,9.52,20.7,2.83,16.2,0.19,7.23,0.114,2.46,42.1,39.0,0.65,1115.0,12.7,1.15,57.4,14.05,380.0,811.0,253.0,0.05,1.18,5.07,0.9,7.04,236.0,3.85,0.34,35.7,0.323,0.668,8.56,42.2,3.07,34.7,402.0,188.0,13859100.97,21355.25346,14619.0,221.675149,38.09636,255.0,3.7194,7.0,0.0008,61.143614,41.192759,1.0,1.3238,178.0,0.0008,26.470842,34.357993,-14.0,12.9364,66.0,0.5076,15.285607,2.412962,16.0,54.3746,6.0,0.5752
40428176.0,100.0,0.0,0.0,0.0,0.0,0.0,0.0,0.0,0.0,0.0,-109.3563422,31.95624443,0.045,6.17,4.85,350.0,4.34,0.552,0.53,0.145,157.0,6.68,25.5,9.19,11.8,3.76,20.2,0.17,7.73,0.102,3.72,74.4,40.7,0.27,1025.0,2.82,1.485,60.1,9.5,370.0,32.6,251.0,0.005,1.11,6.11,0.1,6.56,106.0,3.52,0.05,37.8,0.641,1.01,7.55,64.1,2.84,46.4,119.0,215.0,20957480.76,29317.17536,5679.0,183.578799,48.866245,255.0,0.368,40.0,0.0005,22.507181,30.881894,1.0,1.0206,89.0,0.0005,-83.581198,65.514672,-111.0,10.3311,-172.0,0.0116,19.197581,5.345222,23.0,60.1936,5.0,0.7148
40428141.0,100.0,0.0,0.0,0.0,0.0,0.0,0.0,0.0,0.0,0.0,-109.150579,31.95597227,0.187,4.22,8.94,334.0,1.55,0.382,10.65,0.447,56.4,6.67,38.7,8.04,26.9,2.37,9.49,0.13,2.25,0.042,1.8,29.6,27.4,0.96,540.0,2.24,0.545,14.65,15.5,890.0,18.75,97.5,0.03,1.28,6.05,0.8,2.06,141.5,0.97,0.09,10.8,0.367,0.454,2.59,56.9,1.83,19.35,59.5,78.0,2757742.121,9455.535306,20394.0,203.604492,39.764695,255.0,13.609,78.0,0.0113,115.608146,45.416816,85.0,0.9273,5.0,0.0038,81.680056,9.709271,87.0,39.2495,95.0,0.2203,14.903077,4.875774,11.0,60.9398,19.0,0.1474
40430648.0,100.0,0.0,0.0,0.0,0.0,0.0,0.0,0.0,0.0,0.0,-109.131443,31.95420281,0.1,4.76,8.14,411.0,1.69,0.408,9.39,0.259,84.8,7.39,40.1,7.04,19.45,2.93,11.8,0.16,2.77,0.043,2.03,42.3,28.2,0.72,540.0,1.81,0.697,20.5,16.4,580.0,20.2,119.0,0.01,1.14,7.41,0.8,2.22,157.0,1.37,0.05,12.65,0.452,0.504,2.73,66.3,2.11,24.7,61.9,91.2,2713582.078,8685.508302,25606.0,168.252011,44.423801,255.0,1.8733,56.0,0.0116,94.381891,30.845551,77.0,1.7459,7.0,0.0038,54.96361,14.443717,42.0,36.9873,22.0,0.097,11.0,0.0,11.0,100.0,11.0,100.0
40428119.0,99.4863737,0.0,0.0,0.513626971,0.0,0.0,0.0,0.0,0.0,0.0,-109.3377497,31.86339658,0.045,6.98,3.49,640.0,4.59,0.373,1.3,0.18,211.0,13.95,32.9,7.49,18.2,5.36,19.9,0.28,3.53,0.101,3.99,99.6,34.5,0.71,1520.0,3.92,1.94,58.3,22.8,1630.0,30.2,237.0,0.03,0.51,11.4,0.7,6.16,153.0,3.69,0.04,41.3,1.0,0.793,7.34,111.5,3.88,59.3,137.5,92.8,11838353.66,22131.46488,8436.0,173.327525,60.342923,255.0,1.3489,8.0,0.0009,56.491104,40.754342,1.0,0.6724,171.0,0.0009,14.675493,25.286077,45.0,10.1477,-34.0,0.0351,9.188066,3.827746,7.0,70.1741,4.0,2.0616
40429078.0,45.14168013,0.0,0.0,0.0,4.8583195145,0.0,0.0,0.0,0.0,0.0,-109.4055018,31.85031708,0.079,6.89,6.82,560.0,4.72,0.437,1.25,0.207,250.0,14.15,40.0,8.59,22.6,5.65,23.5,0.33,3.78,0.138,3.79,114.0,37.8,0.73,1490.0,3.96,1.985,83.7,29.3,1670.0,28.5,239.0,0.02,0.74,13.3,0.8,6.91,142.0,5.01,0.04,36.9,1.295,0.828,5.02,120.0,3.35,66.7,153.0,109.0,11638078.28,20349.8232,5559.0,207.109192,44.090907,255.0,1.1816,76.0,0.0009,89.22446,44.665659,1.0,0.1418,180.0,0.0009,5.451865,13.492072,-4.0,17.289,29.0,0.0304,12.683463,4.341591,16.0,63.1496,7.0,36.8504
40430645.0,100.0,0.0,0.0,0.0,0.0,0.0,0.0,0.0,0.0,0.0,-109.118957,31.89572521,0.059,6.92,8.17,421.0,3.18,0.406,0.94,0.207,102.0,6.61,15.0,26.0,18.35,2.44,18.6,0.14,4.06,0.063,3.44,43.1,97.6,0.4,839.0,0.95,1.695,24.6,8.57,440.0,25.9,245.0,0.005,1.3,6.67,0.4,3.04,216.0,1.71,0.02,20.4,0.338,0.803,4.07,49.7,2.66,33.3,80.6,116.0,2585766.611,11949.51002,10206.0,133.839408,54.366355,255.0,0.9284,10.0,0.004,100.538154,52.209433,1.0,0.823,228.0,0.004,80.401629,9.112847,74.0,23.9082,65.0,0.2859,14.541874,5.336783,16.0,68.2074,7.0,7.0605
40428142.0,51.64606183,48.35393723,0.0,0.0,0.0,0.0,0.0,0.0,0.0,0.0,-109.0667614,31.94201615,0.141,6.54,10.95,540.0,2.7,0.356,1.04,0.286,82.4,11.0,49.3,14.05,33.7,3.4,15.4,0.16,4.43,0.057,2.86,43.1,52.4,0.88,703.0,1.89,1.33,24.1,25.6,690.0,22.4,180.5,0.02,1.16,10.15,0.5,2.65,217.0,1.51,0.05,14.75,0.577,0.9,3.09,83.3,2.13,31.3,94.4,158.5,2995358.182,18948.20472,28565.0,148.056503,43.739501,156.0,1.4807,45.0,0.0105,118.907216,41.988937,103.0,1.3671,4.0,0.0035,17.725212,26.728957,9.0,20.7131,-6.0,0.2639,12.411559,5.159076,16.0,48.7246,5.0,0.0349
40430646.0,1.919189451,47.928723612499994,0.0,0.304173909,0.0,0.0,0.0,0.0,0.0,0.0,-109.1076624,31.88865687,0.091,6.45,9.01,391.0,3.68,0.446,0.52,0.204,106.0,4.31,17.6,46.4,18.3,1.83,17.55,0.14,4.53,0.07,3.82,49.6,83.0,0.22,784.0,1.3,1.48,31.3,7.16,210.0,28.5,281.0,0.01,1.66,5.1,0.4,3.43,158.0,2.14,0.02,24.0,0.317,1.205,4.64,31.4,2.64,42.8,75.4,117.0,2908376.006,14988.28227,9663.0,125.771707,56.544466,1.0,0.7065,24.0,0.0036,83.412281,65.865507,1.0,3.5066,240.0,0.0072,78.685828,15.687977,69.0,34.476,61.0,0.4459,17.0,2.44949,16.0,85.7143,23.0,14.2857
40430647.0,100.0,0.0,0.0,0.0,0.0,0.0,0.0,0.0,0.0,0.0,-109.112243,31.93251036,0.123,6.79,8.98,520.0,3.01,0.318,2.02,0.201,105.0,9.52,38.8,14.2,21.3,3.07,17.55,0.18,4.54,0.062,3.14,50.7,56.4,0.86,782.0,2.02,1.465,25.9,20.6,800.0,24.0,209.0,0.01,0.94,10.05,0.6,2.9,225.0,1.76,0.04,18.05,0.487,0.982,3.87,67.2,2.09,38.4,91.3,157.0,878877.7153,7913.388246,7174.0,186.079175,45.755997,255.0,8.3076,84.0,0.0119,163.359329,77.371363,255.0,15.9086,45.0,0.0714,40.119737,11.106661,33.0,34.9175,60.0,0.9574,5.950279,1.017129,5.0,50.6349,4.0,1.2341
40429079.0,100.0,0.0,0.0,0.0,0.0,0.0,0.0,0.0,0.0,0.0,-109.3589221,31.86523771,0.069,6.67,4.11,417.0,4.36,0.426,0.8,0.154,219.0,10.25,35.6,6.42,13.9,5.41,23.2,0.3,4.78,0.118,3.88,102.0,36.5,0.41,1460.0,4.44,1.89,72.1,23.2,980.0,29.6,257.0,0.01,0.64,9.11,0.6,7.5,106.5,4.28,0.05,38.4,1.065,0.906,6.11,116.5,2.82,53.5,156.0,160.5,16990758.96,25301.87082,6770.0,228.19099,40.087405,255.0,2.3009,64.0,0.0006,31.616603,34.707729,1.0,1.3142,115.0,0.0006,30.059073,18.637356,31.0,20.0598,42.0,0.0191,12.842084,4.701165,16.0,59.115,23.0,3.2608
40430644.0,100.0,0.0,0.0,0.0,0.0,0.0,0.0,0.0,0.0,0.0,-109.0810393,31.90841809,0.134,6.32,13.65,500.0,2.55,0.32,1.09,0.2,124.5,13.7,63.8,15.7,24.5,5.12,16.95,0.19,5.22,0.081,2.67,58.7,49.6,0.87,923.0,3.16,1.19,32.4,27.3,690.0,23.2,176.5,0.01,1.68,11.9,0.6,3.37,197.5,2.12,0.02,20.1,0.853,0.899,3.96,136.0,2.75,40.5,120.0,176.0,1112067.75,8557.252494,10669.0,143.432187,35.905793,152.0,1.8265,218.0,0.0187,118.064368,32.683836,117.0,1.4086,15.0,0.0094,38.684541,8.352943,32.0,39.4847,62.0,2.5492,15.985973,7.939009,23.0,56.1623,7.0,43.8377
40428181.0,100.0,0.0,0.0,0.0,0.0,0.0,0.0,0.0,0.0,0.0,-109.2345781,32.1018979,0.098,4.12,13.7,331.0,1.34,0.28,7.73,0.294,76.3,6.15,50.6,6.13,17.4,2.29,10.65,0.12,2.24,0.036,1.59,37.5,28.5,0.61,353.0,1.29,0.748,17.65,16.35,420.0,16.45,86.2,0.01,1.56,6.05,0.5,1.88,190.0,1.16,0.06,13.3,0.435,0.468,2.62,60.3,1.96,19.7,59.0,72.8,6599420.256,15566.58721,58067.0,166.522999,39.377916,255.0,2.0574,2.0,0.0032,40.252632,25.199328,1.0,2.7652,153.0,0.0016,19.414369,51.471074,77.0,17.2382,85.0,0.1964,6.447099,0.497194,6.0,55.2901,7.0,44.7099
40428178.0,100.0,0.0,0.0,0.0,0.0,0.0,0.0,0.0,0.0,0.0,-109.2447745,32.09496346,0.102,4.9,4.47,391.0,1.75,0.271,1.88,0.191,72.2,6.76,51.2,8.05,21.0,2.47,12.65,0.12,2.64,0.045,1.89,35.4,27.0,0.4,490.0,0.92,0.98,17.65,14.7,760.0,17.95,104.0,0.005,1.28,6.52,0.4,2.03,142.0,1.17,0.02,11.75,0.429,0.506,2.64,64.9,1.83,22.9,53.5,86.7,2216536.779,8951.985167,17950.0,140.320223,48.549769,172.0,1.0339,12.0,0.0047,60.816417,36.849655,51.0,1.3255,225.0,0.0047,-40.086796,27.536993,-32.0,33.5175,-80.0,0.0959,6.347248,0.476095,6.0,65.2752,7.0,34.7248
40428183.0,99.99999987,0.0,0.0,0.0,0.0,0.0,0.0,0.0,0.0,0.0,-109.2294607,32.11922756,0.098,4.35,12.6,371.0,1.38,0.372,10.35,0.402,74.6,9.57,65.6,5.77,26.8,3.36,11.7,0.1,2.94,0.045,1.72,37.9,28.3,0.88,484.0,1.31,0.771,20.3,20.8,560.0,19.45,90.3,0.02,1.74,7.0,0.9,2.29,193.0,1.32,0.07,12.05,0.55,0.581,2.6,91.6,2.22,22.8,92.5,89.8,797183.6502,7141.165755,6695.0,192.623002,32.78023,255.0,4.1175,53.0,0.0131,37.948798,26.220361,28.0,2.6949,132.0,0.0131,90.781163,29.846588,119.0,50.8632,81.0,0.0762,5.822805,0.984176,5.0,58.8598,7.0,41.1402
40428179.0,100.0,0.0,0.0,0.0,0.0,0.0,0.0,0.0,0.0,0.0,-109.2270892,32.09511777,0.074,6.39,4.82,520.0,2.21,0.456,0.87,0.146,99.0,8.79,78.2,8.75,21.3,3.71,16.15,0.13,3.85,0.052,2.77,49.7,32.3,0.39,675.0,1.26,1.725,24.2,17.35,350.0,22.7,149.5,0.005,1.19,7.13,0.1,2.85,218.0,1.66,0.06,18.3,0.533,0.629,3.8,96.6,2.48,28.5,73.5,115.5,8650052.649,19283.19599,65919.0,132.988273,42.724828,125.0,1.2314,7.0,0.0012,56.758254,37.185332,39.0,1.2078,235.0,0.0012,-95.586377,36.481267,-85.0,13.1571,-81.0,0.0679,11.174242,5.126686,16.0,52.1944,6.0,7.0029
40428177.0,100.0,0.0,0.0,0.0,0.0,0.0,0.0,0.0,0.0,0.0,-109.2708302,32.08614583,0.07,7.21,3.98,610.0,2.42,0.514,1.14,0.209,86.0,9.88,47.0,10.0,29.3,2.97,18.05,0.13,3.97,0.061,2.67,40.9,34.0,0.57,808.0,1.32,1.91,19.6,20.3,530.0,26.8,152.5,0.01,0.72,7.73,0.4,2.25,275.0,1.37,0.06,15.7,0.426,0.588,3.71,72.3,2.28,27.5,70.2,130.5,3887653.617,10493.46428,16081.0,154.239724,48.43514,255.0,1.6517,13.0,0.0027,32.298251,28.450764,1.0,6.6875,124.0,0.0027,-97.551919,33.242108,-116.0,29.0241,-137.0,0.3046,5.030088,1.365105,4.0,54.6057,14.0,0.0375
40428182.0,30.579220025,1.480861479,0.0,3.8897466250000003,0.0,0.0,29.58120524,0.0,0.0,0.0,-109.2168799,32.10924874,0.083,6.74,6.53,530.0,2.28,0.406,1.19,0.156,93.7,10.55,60.3,12.0,25.5,3.64,17.15,0.14,4.02,0.051,2.73,45.3,41.3,0.53,698.0,1.15,1.685,21.3,17.8,470.0,21.7,153.0,0.005,1.75,7.97,0.2,2.51,252.0,1.45,0.04,15.5,0.492,0.627,3.29,91.9,2.25,28.7,73.6,120.0,2529233.243,18275.32806,22894.0,102.231502,36.095159,85.0,2.6994,39.0,0.0082,49.715248,44.322045,1.0,3.0307,155.0,0.0041,-89.838262,27.282834,-81.0,24.0567,-29.0,0.6282,14.696061,3.167838,16.0,85.5118,7.0,14.4882
40428121.0,20.406835694999998,48.3671909,0.0,10.73929739,0.0,0.0,0.0,0.079839998,0.0,0.0,-109.4179704,31.80592493,0.074,6.4,4.81,411.0,4.74,0.407,0.49,0.28,147.5,5.37,18.9,11.5,26.5,2.79,19.1,0.19,6.97,0.085,4.21,77.9,53.3,0.24,1125.0,3.07,1.475,45.9,13.1,450.0,30.6,283.0,0.02,1.26,5.85,0.6,5.44,90.7,2.66,0.06,27.6,0.444,1.105,5.18,38.7,2.09,47.9,117.5,236.0,11028466.98,17957.919,29753.0,200.48022,43.368755,255.0,5.1943,59.0,0.0019,44.806531,43.652378,1.0,6.179,193.0,0.0009,143.569514,42.488881,159.0,10.8637,156.0,0.1348,14.995689,3.168403,16.0,90.8699,5.0,9.1301
40428148.0,100.0,0.0,0.0,0.0,0.0,0.0,0.0,0.0,0.0,0.0,-109.2319343,31.97481714,0.128,6.78,4.14,470.0,3.07,1.45,3.75,0.839,206.0,17.35,49.0,7.2,210.0,7.32,19.85,0.32,1.65,0.186,2.23,98.6,24.2,1.34,665.0,8.91,1.82,27.9,23.2,2830.0,28.7,154.0,0.02,0.67,14.9,0.9,6.76,273.0,1.81,0.14,36.9,0.704,0.598,5.76,142.5,28.8,101.0,172.0,39.7,11619927.72,19315.80815,14610.0,202.621492,40.125739,255.0,2.2781,10.0,0.0009,53.319218,36.092034,1.0,0.8808,165.0,0.0009,138.872264,44.808454,128.0,9.9772,80.0,1.6296,19.420117,6.031967,17.0,46.4707,19.0,15.6597
40428147.0,21.85217608,38.271808234999995,0.0,1.604207354,0.0,0.0,0.0,0.0,0.0,0.0,-109.1984482,32.0001866,0.128,6.88,5.02,530.0,2.81,1.61,3.35,0.552,144.5,14.4,56.2,6.83,92.0,5.93,18.2,0.26,2.14,0.141,2.31,69.8,25.6,1.04,765.0,3.41,1.69,22.8,24.5,1810.0,37.2,142.5,0.03,0.89,13.85,0.8,4.67,277.0,1.46,0.3,36.2,0.637,0.629,4.7,118.0,9.81,70.6,124.0,61.4,2162838.02,11129.68149,18827.0,166.867902,32.508252,174.0,1.5738,246.0,0.0048,120.258625,46.638942,95.0,1.0943,9.0,0.0048,15.737187,48.546664,-40.0,26.637,91.0,0.0983,10.341882,4.938228,15.0,51.7996,2.0,8.0021
40428146.0,41.316063432,5.947036820499999,0.000995593,5.472804356,0.0,0.0,0.0,0.0,0.0,0.0,-109.1754257,32.00158282,0.146,4.17,9.94,355.0,1.52,0.422,11.65,0.478,57.5,6.46,39.0,5.33,39.4,2.36,9.89,0.12,2.21,0.047,1.77,31.1,25.5,1.74,612.0,2.09,0.665,14.95,15.85,610.0,49.7,94.1,0.03,1.4,6.33,0.7,1.86,205.0,0.96,0.24,9.26,0.361,0.448,2.28,56.7,1.995,21.7,93.0,80.2,381238.348,4155.476959,3399.0,189.707855,39.698144,255.0,6.9117,86.0,0.0549,77.669208,27.331434,67.0,2.0885,3.0,0.0275,-47.086771,2.216383,-47.0,94.9694,-61.0,1.943,2.0,0.0,2.0,100.0,2.0,100.0
40428144.0,100.0,0.0,0.0,0.0,0.0,0.0,0.0,0.0,0.0,0.0,-109.1534584,31.98718342,0.134,5.87,10.05,480.0,2.05,0.361,4.06,0.235,78.2,10.9,58.9,8.39,26.3,3.62,13.3,0.16,3.06,0.057,2.16,41.5,40.0,0.99,653.0,1.57,1.03,21.0,27.1,790.0,26.2,125.0,0.02,1.38,9.93,0.7,2.34,234.0,1.36,0.13,11.4,0.571,0.603,2.65,88.4,2.51,27.5,83.6,103.0,4566006.06,11263.56108,42561.0,172.490872,42.913809,255.0,4.0456,1.0,0.0046,86.634554,31.466584,78.0,1.6851,220.0,0.0023,24.92068,33.466542,17.0,24.9229,18.0,2.1782,17.207354,3.055314,19.0,74.3908,12.0,25.6092
40428143.0,63.77449728,17.951436145000002,0.0,0.322630157,0.0,0.0,0.0,0.0,0.0,0.0,-109.166791,31.96335241,0.113,6.14,7.77,570.0,2.12,0.314,2.51,0.234,67.0,6.3,24.5,8.98,19.95,2.35,13.4,0.15,3.06,0.042,2.51,36.7,36.0,0.5,450.0,2.05,1.29,17.45,11.15,570.0,32.3,153.0,0.05,1.08,5.98,0.5,1.89,212.0,1.21,0.11,10.75,0.4,0.668,2.95,57.1,2.74,19.9,72.7,103.0,11875658.47,18501.92893,75204.0,152.082575,61.799494,255.0,5.049,6.0,0.0044,105.413614,43.719186,79.0,0.6975,250.0,0.0061,126.983897,27.84855,111.0,9.7648,50.0,0.1356,21.277443,4.221089,21.0,44.6792,15.0,7.2045
40428145.0,49.12827043,0.0,0.0,0.0,0.0,0.0,50.87172821,0.0,0.0,0.0,-109.1769294,31.98615651,0.091,6.86,8.27,550.0,2.19,0.375,3.49,0.253,89.8,14.5,63.2,9.1,29.2,3.99,15.35,0.18,3.17,0.067,2.18,44.7,42.1,1.2,697.0,2.03,1.62,22.4,35.0,1310.0,31.7,125.0,0.03,0.92,13.9,0.7,3.08,404.0,1.37,0.13,14.2,0.687,0.639,2.65,105.0,4.56,42.3,91.9,113.0,34291846.44,44512.98227,96385.0,196.589065,48.800395,255.0,5.2928,27.0,0.0006,87.885187,43.280913,1.0,0.8933,246.0,0.0006,56.594107,60.939759,50.0,3.8754,96.0,0.039,26.098398,8.138796,33.0,25.8625,6.0,0.2325
40428149.0,95.58979799,4.410202002,0.0,0.0,0.0,0.0,0.0,0.0,0.0,0.0,-109.230414,31.99900253,0.321,5.99,8.34,470.0,2.36,0.695,4.12,0.416,109.5,12.35,63.6,7.53,27.9,5.27,15.6,0.2,3.34,0.08,2.15,54.1,33.0,0.88,785.0,2.22,1.255,24.3,19.05,1210.0,283.0,142.0,0.02,0.98,9.95,0.7,3.4,277.0,1.61,0.12,19.75,0.604,0.499,3.85,120.0,4.29,47.3,126.5,113.5,16998400.93,23761.99151,69174.0,204.364472,45.614464,255.0,9.8253,22.0,0.0006,67.957852,39.409014,1.0,2.9249,217.0,0.0006,56.920136,76.269687,74.0,6.8185,3.0,0.0191,11.397643,4.245543,6.0,31.9021,17.0,18.6353
40428158.0,100.0,0.0,0.0,0.0,0.0,0.0,0.0,0.0,0.0,0.0,-109.276639,32.00160503,0.222,5.85,9.14,349.0,3.83,0.327,2.5,0.798,87.4,7.29,35.5,10.2,19.35,2.78,17.2,0.1,4.37,0.089,2.54,37.0,49.6,0.67,557.0,2.11,1.23,31.3,13.35,470.0,245.0,213.0,0.02,1.07,6.29,0.2,3.41,218.0,2.1,0.29,23.8,0.383,0.706,4.55,63.8,3.12,30.9,157.0,126.5,20439675.16,28647.02624,19243.0,223.050824,51.821398,255.0,5.0053,9.0,0.0005,41.580248,33.665525,1.0,1.43,166.0,0.0005,-97.385654,64.925343,-186.0,5.7354,-95.0,0.0059,7.832479,5.734592,3.0,38.9893,11.0,4.6403
40428187.0,100.0,0.0,0.0,0.0,0.0,0.0,0.0,0.0,0.0,0.0,-109.2932227,32.12930999,0.075,6.62,6.94,550.0,1.66,0.404,3.12,0.22,66.8,10.1,44.6,7.96,21.1,3.29,16.1,0.11,2.2,0.053,2.23,30.7,27.2,0.78,564.0,1.65,1.635,13.1,19.45,530.0,28.3,117.0,0.03,1.14,9.57,0.3,1.9,282.0,0.91,0.09,9.52,0.397,0.532,2.25,76.7,1.98,20.6,65.9,70.9,13024658.04,23263.52136,78384.0,179.641113,47.729697,255.0,5.9244,24.0,0.0008,55.934509,36.736842,1.0,3.5321,216.0,0.0008,-107.421867,67.179193,-143.0,8.816,-9.0,0.0171,9.957088,5.482833,5.0,45.1275,4.0,2.212
40428189.0,100.0000004,0.0,0.0,0.0,0.0,0.0,0.0,0.0,0.0,0.0,-109.3064905,32.18254966,0.061,5.54,11.65,409.0,2.55,0.553,2.75,0.19,231.0,9.41,71.5,5.99,18.95,4.33,15.05,0.26,2.46,0.073,2.12,107.5,25.4,0.72,654.0,1.38,1.37,34.4,20.8,610.0,22.2,133.5,0.005,1.44,9.22,0.7,4.6,182.0,2.65,0.05,54.8,0.732,0.633,4.71,97.4,3.97,48.7,67.4,72.7,4321648.761,13670.93812,37593.0,110.020616,34.140617,129.0,1.9314,230.0,0.0024,57.711842,23.04464,48.0,2.1915,1.0,0.0024,-81.307292,58.502269,-108.0,26.0067,-195.0,0.5856,14.362598,3.813132,16.0,84.3162,7.0,4.3909
40428188.0,57.85208456,17.263658212,0.0,7.620599126,0.0,0.0,0.0,0.0,0.0,0.0,-109.2975336,32.14430194,0.062,5.59,8.65,500.0,2.27,0.629,3.32,0.175,141.0,12.75,148.5,5.51,20.2,5.26,15.05,0.19,2.49,0.07,1.85,68.2,23.5,1.08,623.0,1.55,1.35,28.0,33.0,680.0,24.4,111.5,0.005,1.33,10.95,0.3,4.2,263.0,2.2,0.05,46.4,0.788,0.525,5.13,133.5,3.49,43.6,73.4,72.3,1783202.736,7820.720217,15102.0,138.790756,41.735815,111.0,1.4765,235.0,0.0058,72.399814,28.277883,73.0,1.5204,168.0,0.0058,2.559905,26.849681,-9.0,47.4643,22.0,0.3404,5.0,0.0,5.0,100.0,5.0,100.0
40428186.0,100.0,0.0,0.0,0.0,0.0,0.0,0.0,0.0,0.0,0.0,-109.2427001,32.13927008,0.086,4.55,11.75,390.0,1.52,0.39,7.25,0.322,87.3,7.89,57.2,5.32,22.5,3.63,12.1,0.13,2.61,0.054,1.73,42.3,25.6,0.65,488.0,2.12,0.88,22.1,17.6,450.0,20.1,87.8,0.01,1.41,7.07,0.8,2.46,190.0,1.46,0.06,13.45,0.585,0.475,2.66,86.6,2.37,22.4,77.7,83.8,797811.3944,8230.245191,7400.0,173.347838,47.592957,255.0,8.58,61.0,0.0522,49.053007,24.548952,39.0,3.1688,121.0,0.013,86.723112,41.319452,48.0,44.0376,-12.0,2.0086,4.773055,0.418857,5.0,77.3055,4.0,22.6945
40428166.0,76.31576858,4.9962450285,0.0,13.69174125,0.0,0.0,0.0,0.0,0.0,0.0,-109.2518233,32.06584389,0.089,4.55,10.85,380.0,2.18,0.831,11.15,0.439,81.0,6.71,44.2,7.37,34.0,2.53,12.2,0.13,2.81,0.06,1.85,39.2,35.8,1.14,453.0,1.73,0.863,18.7,15.15,600.0,22.7,109.0,0.02,2.03,6.76,1.0,2.9,273.0,1.37,0.09,19.15,0.414,0.554,3.43,62.4,2.37,28.7,70.0,91.3,7075695.952,17763.76062,27117.0,157.202751,50.997048,255.0,1.8075,30.0,0.0015,37.801703,33.083047,1.0,5.7985,154.0,0.0015,-90.213369,55.426629,-124.0,16.2277,-89.0,0.0358,6.757073,4.277141,4.0,68.4655,16.0,10.9931
40428185.0,68.27375129,31.72624871,0.0,0.0,0.0,0.0,0.0,0.0,0.0,0.0,-109.2438001,32.14811055,0.061,5.9,9.12,510.0,1.65,0.411,1.94,0.169,91.7,10.65,76.4,6.93,19.8,4.29,15.35,0.15,2.81,0.054,2.15,45.1,27.3,0.71,622.0,1.48,1.36,21.2,23.4,480.0,21.7,118.0,0.01,1.6,9.5,0.3,2.62,217.0,1.38,0.07,13.6,0.617,0.55,2.83,102.5,2.35,27.7,73.3,90.3,7556535.877,18647.06511,61433.0,138.498641,51.426124,255.0,2.1678,23.0,0.0083,51.793823,28.962627,38.0,1.5619,180.0,0.0014,66.501863,34.934737,72.0,15.3414,41.0,0.0027,4.42638,1.27061,4.0,79.355,16.0,0.8455
40428192.0,100.0000004,0.0,0.0,0.0,0.0,0.0,0.0,0.0,0.0,0.0,-109.3302512,32.18052078,0.07,5.83,6.4,420.0,3.23,0.884,1.72,0.187,318.0,8.89,81.4,6.66,21.1,4.79,16.7,0.33,2.94,0.087,2.46,146.0,25.1,0.55,796.0,1.74,1.4,46.4,18.5,820.0,26.9,163.5,0.005,1.33,9.3,0.2,6.65,171.0,4.05,0.05,109.0,0.832,0.741,8.11,97.4,10.05,83.1,81.1,86.6,6038690.259,20104.04466,49094.0,124.093698,50.00061,255.0,2.6345,14.0,0.0034,75.075728,33.729902,68.0,1.1788,199.0,0.0017,-121.085747,30.474806,-112.0,15.8957,-156.0,0.0805,18.309834,3.295196,16.0,66.963,7.0,0.0172
40428159.0,100.0,0.0,0.0,0.0,0.0,0.0,0.0,0.0,0.0,0.0,-109.1916405,32.01261219,0.157,5.87,7.64,450.0,2.67,0.593,4.06,0.416,100.5,10.5,58.2,6.8,33.8,4.04,15.7,0.12,3.0,0.087,2.07,46.2,35.3,0.83,657.0,2.36,1.245,19.9,17.65,960.0,114.5,127.0,0.01,1.05,9.02,0.5,2.9,267.0,1.34,0.14,18.15,0.513,0.528,3.4,97.4,3.06,37.6,112.5,93.0,15531218.97,28036.10061,113853.0,169.340334,45.304697,255.0,2.9645,27.0,0.0007,103.715237,43.776051,89.0,0.8037,251.0,0.0047,-4.93967,70.108737,-1.0,7.4664,114.0,0.0111,9.380263,4.162434,6.0,54.3185,2.0,0.6097
40428191.0,28.3820476995,0.0,0.0,43.20084926,0.0,0.0,0.0,0.035053602,0.0,0.0,-109.2966675,32.17584753,0.069,5.99,7.15,510.0,2.23,0.493,1.65,0.151,123.0,8.82,70.5,6.11,19.7,3.91,15.6,0.18,3.21,0.064,2.35,60.7,26.3,0.58,529.0,1.26,1.405,24.4,19.35,400.0,22.3,135.0,0.01,1.29,8.56,0.2,3.35,203.0,1.87,0.08,36.9,0.564,0.618,3.95,91.2,2.75,35.5,63.3,84.4,1118065.62,7913.604567,10673.0,86.964584,28.226332,60.0,3.1497,19.0,0.0279,32.563099,13.959526,27.0,3.5724,90.0,0.0093,-2.02854,40.82775,0.0,44.5592,-74.0,20.9296,15.785748,1.520155,16.0,98.0523,5.0,1.9477
40428161.0,99.9815908,0.018409269,0.0,0.0,0.0,0.0,0.0,0.0,0.0,0.0,-109.1940489,32.04051898,0.172,6.53,6.96,500.0,2.65,0.669,4.28,0.428,104.5,11.3,50.1,7.56,36.9,4.02,17.45,0.15,3.41,0.092,2.26,48.9,37.7,0.97,680.0,2.49,1.38,21.0,18.6,1060.0,91.1,141.5,0.02,1.0,9.95,0.5,3.09,297.0,1.43,0.13,19.75,0.518,0.575,3.52,95.6,4.51,40.5,113.0,110.0,738641.5391,6315.236559,6727.0,153.552698,35.228855,143.0,1.7835,208.0,0.0281,86.204045,23.311297,82.0,2.1008,18.0,0.0142,30.951571,46.785024,59.0,73.1376,114.0,0.1235,5.87922,0.992679,5.0,56.039,7.0,43.961
40428165.0,100.0,0.0,0.0,0.0,0.0,0.0,0.0,0.0,0.0,0.0,-109.2379852,32.05269407,0.095,6.61,6.98,480.0,3.0,0.43,0.98,0.232,106.0,7.24,48.6,22.5,28.6,2.48,17.25,0.13,4.02,0.064,3.03,51.6,70.7,0.62,639.0,1.74,1.11,21.8,14.4,390.0,23.1,181.0,0.01,1.1,7.42,0.2,2.92,171.0,1.52,0.05,20.0,0.398,0.642,3.22,62.9,3.31,33.7,75.3,111.0,1026667.26,8069.593926,8973.0,138.542628,45.373641,127.0,1.7011,58.0,0.0407,84.017218,57.47688,255.0,1.6773,213.0,0.0102,-43.962908,55.306883,-56.0,44.3524,-7.0,0.8188,7.352911,4.510636,5.0,78.6099,16.0,21.3901
40428164.0,100.0,0.0,0.0,0.0,0.0,0.0,0.0,0.0,0.0,0.0,-109.2324886,32.06032177,0.085,6.02,6.76,510.0,2.66,0.371,0.87,0.148,118.0,6.6,42.3,19.5,19.55,2.51,15.05,0.14,4.09,0.066,3.02,58.7,55.9,0.41,650.0,1.13,1.16,24.0,11.2,240.0,21.5,171.5,0.01,1.07,6.38,0.1,2.85,162.0,1.69,0.02,22.7,0.419,0.639,3.4,61.5,2.24,35.1,65.3,116.5,1457763.062,6500.031552,12817.0,100.022938,32.115635,109.0,1.8369,23.0,0.0143,75.459978,28.004045,76.0,1.5637,2.0,0.0071,-93.676947,44.263972,-130.0,47.0515,-31.0,1.9101,14.988243,3.178943,16.0,90.8022,5.0,9.1978
40428163.0,100.0,0.0,0.0,0.0,0.0,0.0,0.0,0.0,0.0,0.0,-109.228217,32.03187443,0.094,7.09,5.67,590.0,2.39,0.296,1.86,0.191,81.4,11.4,41.1,8.75,24.9,3.59,17.9,0.12,4.29,0.063,2.53,37.8,43.6,0.7,675.0,1.15,1.44,18.4,15.35,640.0,21.4,145.0,0.01,0.81,8.53,0.3,2.29,265.0,1.3,0.05,14.95,0.524,0.628,2.87,91.4,1.93,26.6,79.8,136.5,8818405.294,20750.53791,41342.0,170.749867,48.543539,255.0,3.1325,34.0,0.0012,86.531087,46.174799,1.0,0.732,246.0,0.0035,-120.996647,60.085086,-119.0,19.3793,-74.0,0.0023,6.441574,3.255812,11.0,29.8671,2.0,18.9729
40428162.0,0.0,100.0,0.0,0.0,0.0,0.0,0.0,0.0,0.0,0.0,-109.2037442,32.04998688,0.092,6.68,7.12,580.0,2.61,0.303,1.16,0.113,100.5,11.3,57.2,9.71,21.8,3.74,17.5,0.13,4.49,0.068,2.78,48.5,49.6,0.53,701.0,1.37,1.52,24.9,16.55,490.0,21.9,175.5,0.01,1.46,7.65,0.1,2.94,245.0,1.72,0.04,19.55,0.532,0.683,3.63,100.0,2.64,31.4,80.3,145.5,19001377.24,31960.13493,107451.0,146.548678,47.762314,255.0,1.6461,28.0,0.0022,62.891563,45.553744,1.0,3.4117,253.0,0.006,-49.148301,68.227068,-95.0,11.6863,-31.0,0.0544,3.921713,2.29215,5.0,41.6408,16.0,1.5536
40428123.0,45.9798853135,4.02011468,0.0,0.0,0.0,0.0,0.0,0.0,0.0,0.0,-109.5738535,32.09593455,0.085,6.59,4.21,570.0,3.42,0.591,1.68,0.179,198.5,10.9,39.3,6.63,19.95,3.89,17.6,0.31,1.885,0.099,2.71,93.8,34.2,0.64,795.0,1.1,1.55,27.8,18.0,1530.0,27.1,173.5,0.02,0.81,15.85,0.9,5.01,186.5,1.92,0.07,59.0,0.69,0.656,5.35,81.1,3.08,91.8,83.1,56.2,23269145.58,34148.78229,213450.0,153.958196,38.412739,159.0,1.4023,5.0,0.0027,160.126674,45.999696,255.0,4.0554,20.0,0.0004,-44.380321,103.053305,-36.0,4.9745,-94.0,0.0378,4.545084,1.641471,4.0,51.0834,9.0,3.6156
40428124.0,32.02701562,33.362616349999996,0.0,0.0,0.0,0.0,0.6238758465,0.0,0.0,0.0,-109.6077963,32.15316962,0.296,6.85,6.51,620.0,3.49,0.644,1.92,0.998,199.0,12.95,44.7,7.4,27.8,5.22,19.1,0.34,2.01,0.138,2.78,93.4,35.5,0.7,804.0,1.4,1.595,24.7,14.6,2070.0,110.0,174.0,0.02,1.12,20.1,1.0,5.2,220.0,1.68,0.05,52.5,0.737,0.687,4.69,105.5,4.27,107.0,230.0,52.3,8219228.512,22898.43385,50810.0,185.773706,40.079312,255.0,4.6938,61.0,0.0025,164.48493,42.533482,255.0,2.4079,6.0,0.0013,-56.344929,66.006114,-105.0,12.7629,-216.0,0.0849,12.258436,5.353912,14.0,40.4926,2.0,20.9408
40428122.0,49.319425924,0.0,0.0,0.843366053,0.0,0.0,0.0,0.517782522,0.0,0.0,-109.5487953,32.08017561,0.175,7.93,7.88,580.0,3.34,0.515,1.24,0.268,100.5,14.55,48.4,9.4,36.8,3.76,19.5,0.18,2.99,0.077,2.54,52.3,57.8,0.83,708.0,1.19,0.938,17.55,32.7,690.0,36.0,162.5,0.03,1.12,13.35,0.5,3.19,145.0,1.17,0.09,19.5,0.426,0.693,2.8,83.4,2.94,42.0,101.5,94.8,17746151.58,31411.67307,167724.0,130.274057,37.03057,135.0,1.4807,21.0,0.0035,145.931987,47.852433,255.0,2.4024,3.0,0.0006,-69.456577,53.415219,-65.0,6.5247,-137.0,0.0023,5.134956,3.118223,4.0,83.0925,3.0,0.1419
40428197.0,20.77582774,55.90505484,0.0,0.0,0.0,0.0,0.0,2.54329087,0.0,0.0,-109.4013811,32.17161823,0.046,4.52,4.74,353.0,1.48,0.603,4.71,0.239,114.0,13.35,66.6,5.8,20.1,10.65,17.85,0.18,1.09,0.063,1.63,51.2,23.0,0.87,1010.0,1.21,0.838,24.5,19.6,1360.0,20.8,92.0,0.005,1.48,10.7,0.6,4.35,129.5,1.73,0.06,17.05,0.798,0.429,2.4,123.5,4.82,44.5,96.4,36.1,502771.3692,5026.884591,4537.0,143.042319,36.083444,126.0,2.4814,46.0,0.0207,114.561972,29.807051,127.0,1.6615,29.0,0.0208,-87.523321,27.772899,-80.0,62.1432,-46.0,5.7097,23.0,0.0,23.0,100.0,23.0,100.0
40428194.0,100.0,0.0,0.0,0.0,0.0,0.0,0.0,0.0,0.0,0.0,-109.3703988,32.1339816,0.077,5.26,7.2,401.0,2.08,0.649,5.76,0.264,96.3,7.64,36.6,7.57,22.1,2.75,13.55,0.15,1.6,0.059,1.95,45.2,30.8,0.79,521.0,1.89,0.965,17.95,16.3,590.0,21.1,126.5,0.01,1.35,9.07,0.7,3.79,250.0,1.39,0.09,18.4,0.389,0.612,3.06,54.6,115.5,35.6,57.3,44.9,12930817.4,21815.95194,80315.0,198.239905,46.300883,255.0,14.056,30.0,0.0008,111.516236,49.198213,111.0,0.5626,250.0,0.0153,-138.095976,28.181744,-133.0,9.2932,-60.0,0.0438,18.628342,7.71267,23.0,71.8299,16.0,9.7104
40428129.0,100.0,0.0,0.0,0.0,0.0,0.0,0.0,0.0,0.0,0.0,-109.6736182,32.21885868,0.489,7.26,6.0,740.0,2.06,3.66,1.47,0.38,82.7,12.4,75.4,4.91,85.1,3.72,17.2,0.16,1.615,0.097,2.58,44.1,26.7,0.98,837.0,1.87,2.12,12.2,25.5,930.0,69.2,122.5,0.02,1.97,10.95,0.4,2.45,319.0,0.89,0.11,17.1,0.443,0.541,2.92,93.7,5.71,25.5,106.5,47.6,1517.83668,161.3581334,24.0,168.708333,27.373161,176.0,25.0,159.0,4.1667,55.52381,7.780434,47.0,9.5238,42.0,4.7619,-154.0,0.0,-154.0,100.0,-154.0,100.0,12.0,0.0,12.0,100.0,12.0,100.0
40428195.0,100.0,0.0,0.0,0.0,0.0,0.0,0.0,0.0,0.0,0.0,-109.3629928,32.11829185,0.065,5.07,11.95,410.0,1.56,0.479,7.19,0.311,79.4,7.07,41.7,5.9,15.8,2.49,12.25,0.12,1.685,0.047,1.66,38.1,28.0,0.83,484.0,1.46,1.045,14.6,17.25,480.0,20.7,90.0,0.02,3.03,8.03,0.9,2.28,296.0,1.09,0.09,13.05,0.383,0.483,2.51,53.6,2.14,24.7,52.0,57.1,17757913.95,25223.97472,88603.0,206.797095,46.429262,255.0,15.151,19.0,0.0006,89.396475,51.233951,1.0,1.137,246.0,0.0106,-147.478606,49.683437,-174.0,13.7871,-190.0,0.0011,12.240299,6.606442,16.0,51.307,2.0,8.3301
40428193.0,32.0480109505,30.97516264,3.856241039,0.083950175,0.396798885,0.0,0.591825347,0.0,0.0,0.0,-109.3800329,32.15821217,0.078,6.54,7.0,448.0,4.41,1.67,3.02,0.264,192.5,8.75,43.8,8.95,27.3,3.81,19.9,0.25,1.81,0.114,2.67,90.7,32.5,0.72,680.0,2.12,1.555,33.9,16.45,1000.0,31.4,222.0,0.02,1.51,10.8,0.5,8.03,208.0,2.74,0.09,64.9,0.544,0.97,7.26,70.1,4.97,84.8,89.8,53.6,2411915.1,11083.98344,20337.0,182.595614,44.904143,255.0,8.2297,23.0,0.0043,115.887352,27.737684,114.0,1.4014,2.0,0.0043,-79.559596,22.701583,-56.0,32.1087,-143.0,2.2144,23.0,0.0,23.0,100.0,23.0,100.0
40428184.0,84.31270062,15.49098962,0.0,0.0,0.0,0.0,0.196309697,0.0,0.0,0.0,-109.3663859,32.17681371,0.068,5.96,6.81,520.0,1.57,0.409,2.55,0.196,80.4,10.85,79.5,6.36,22.3,3.41,14.2,0.13,2.59,0.069,2.06,39.9,26.3,1.02,562.0,1.54,1.34,18.45,30.6,590.0,19.35,115.0,0.01,1.17,9.1,0.3,2.46,218.0,1.34,0.08,13.9,0.557,0.561,2.57,82.4,2.18,25.0,63.3,77.1,1587360.1,7737.597829,14907.0,115.264104,38.252294,106.0,1.9926,21.0,0.0131,94.181837,28.797751,92.0,1.7046,27.0,0.0066,-134.651148,34.032122,-148.0,33.6033,-113.0,0.2806,23.0,0.0,23.0,100.0,23.0,100.0
40428167.0,100.0000127,0.0,0.0,0.0,0.0,0.0,0.0,0.0,0.0,0.0,-109.0291067,32.1219524,0.089,4.5,11.1,389.0,2.07,0.746,11.35,0.418,77.0,6.46,40.1,7.22,29.0,2.53,12.1,0.1,2.7,0.06,1.91,38.2,33.8,1.15,450.0,1.96,0.879,18.0,14.4,580.0,22.5,109.0,0.02,1.96,6.54,0.9,2.85,278.0,1.36,0.08,15.65,0.403,0.558,3.32,57.6,2.4,27.3,67.6,86.0,3369240.495,11800.91651,32215.0,172.855906,37.859098,255.0,4.0948,14.0,0.0124,31.862919,27.194425,1.0,7.3393,158.0,0.0031,7.839832,7.295333,0.0,32.9874,15.0,2.9874,5.107806,2.754685,4.0,86.0686,11.0,0.6703
40428171.0,100.0,0.0,0.0,0.0,0.0,0.0,0.0,0.0,0.0,0.0,-109.0333335,32.18415563,0.194,7.09,9.19,600.0,1.74,6.95,3.79,0.467,83.1,11.75,48.4,11.85,70.2,3.93,18.55,0.13,2.83,0.143,2.16,40.9,34.2,0.92,826.0,1.52,1.31,16.95,17.7,890.0,30.4,129.5,0.02,2.39,10.25,0.4,2.68,370.0,1.1,0.13,12.05,0.528,0.922,2.26,99.2,9.35,26.2,94.5,86.9,4049135.092,12504.58164,38739.0,219.637084,36.707666,255.0,30.9449,84.0,0.0154,56.967527,29.137661,45.0,2.1085,168.0,0.0026,-2.441568,45.520014,-53.0,28.0493,-87.0,0.0976,5.214912,3.820583,3.0,66.0773,17.0,6.4484
40428168.0,100.0,0.0,0.0,0.0,0.0,0.0,0.0,0.0,0.0,0.0,-109.0439866,32.13422078,0.09,4.51,11.25,392.0,1.86,0.717,10.6,0.346,93.7,7.15,43.7,7.15,32.3,2.88,12.15,0.09,3.01,0.057,1.92,45.9,29.7,1.76,522.0,1.96,0.879,20.0,14.45,630.0,24.4,108.0,0.01,2.45,6.96,0.7,3.04,266.0,1.46,0.11,19.3,0.463,0.566,3.55,68.5,2.58,29.2,70.2,96.6,8639500.563,24766.60721,82253.0,184.840504,41.657669,255.0,8.5199,14.0,0.0024,38.085145,35.844957,1.0,9.0996,238.0,0.0012,12.614997,21.731603,21.0,13.3078,-49.0,0.0446,9.494339,4.116779,12.0,57.9482,11.0,0.4425
40428169.0,100.0,0.0,0.0,0.0,0.0,0.0,0.0,0.0,0.0,0.0,-109.0571215,32.17006297,0.157,6.94,8.24,580.0,2.14,2.5,3.03,0.356,98.4,10.7,66.9,9.67,76.2,4.07,18.25,0.13,3.66,0.134,2.37,49.2,33.8,0.89,718.0,2.45,1.31,20.2,22.3,740.0,30.5,134.5,0.02,1.98,10.35,0.5,3.23,317.0,1.36,0.16,15.6,0.57,0.811,2.9,100.5,8.23,28.4,96.5,111.5,2379897.971,10607.1693,22884.0,184.064499,36.293013,255.0,3.0397,49.0,0.0175,36.965899,17.825862,34.0,3.483,118.0,0.0044,120.793007,26.561811,141.0,36.654,36.0,0.2768,5.663456,2.355885,4.0,66.7309,9.0,33.2691
40428127.0,100.0000003,0.0,0.0,0.0,0.0,0.0,0.0,0.0,0.0,0.0,-109.6389126,32.18094389,0.477,6.3,10.15,580.0,2.67,2.82,1.35,0.505,130.0,14.55,70.7,5.43,130.0,9.96,17.75,0.26,1.32,0.143,2.16,63.5,24.6,0.73,831.0,1.89,1.56,13.35,23.1,1410.0,88.6,111.0,0.06,1.29,12.5,0.7,4.26,221.0,0.94,0.26,30.8,0.462,0.442,3.46,107.0,207.0,49.3,131.5,40.2,5984118.443,18177.8731,30521.0,191.746928,43.523421,255.0,6.5049,13.0,0.0017,131.702475,42.74208,113.0,0.6102,3.0,0.0017,-121.470163,43.093181,-132.0,18.8129,-95.0,0.1166,5.593548,3.20323,5.0,76.1159,2.0,0.1182
40428126.0,50.0,0.0,0.0,0.0,0.0,0.0,0.0,0.0,0.0,0.0,-109.5771323,32.14718641,0.137,7.03,4.99,610.0,3.69,0.817,2.03,0.212,206.0,13.75,39.4,7.49,54.9,5.19,20.8,0.34,1.665,0.169,2.8,95.2,35.9,0.88,806.0,8.56,1.445,23.0,15.95,1950.0,28.7,185.0,0.04,0.84,20.9,0.8,6.18,213.0,1.5,0.13,38.9,0.649,0.72,5.63,96.2,3.08,112.0,115.0,51.7,7565059.698,17934.65206,67901.0,181.939014,37.273893,255.0,4.3313,33.0,0.0028,192.059442,43.166511,255.0,12.1371,14.0,0.0014,1.150778,110.715862,57.0,15.1607,-139.0,0.0067,9.893129,3.795969,7.0,60.2643,2.0,0.1458
40428125.0,35.64474533,8.94876842,0.0,22.99060195,0.0,0.0,0.0,0.0,32.41588259,0.0,-109.5718458,32.12952272,0.095,6.96,5.02,600.0,3.09,0.502,1.82,0.153,186.5,11.6,41.9,6.7,19.3,4.04,18.0,0.3,2.03,0.111,2.56,87.6,34.0,0.75,725.0,0.97,1.645,22.8,16.3,1720.0,26.3,162.0,0.01,0.86,17.7,0.8,4.57,215.0,1.51,0.05,35.8,0.639,0.621,4.33,88.5,2.31,95.8,89.8,58.0,8188429.97,21987.31775,71510.0,173.933198,39.44477,255.0,3.1565,40.0,0.0064,177.213751,47.037244,255.0,8.63,9.0,0.0013,-19.76594,121.230279,-139.0,14.0006,-180.0,0.0161,7.57232,3.516656,7.0,56.0586,4.0,1.4226
40428128.0,100.0,0.0,0.0,0.0,0.0,0.0,0.0,0.0,0.0,0.0,-109.6935111,32.19577919,0.139,6.7,7.8,560.0,2.61,0.422,1.68,0.222,84.2,9.73,51.4,7.9,26.9,3.04,15.85,0.16,2.47,0.066,2.58,44.2,45.8,0.67,610.0,0.88,1.395,16.75,22.1,450.0,25.3,138.5,0.02,1.16,10.2,0.4,2.36,200.0,1.11,0.05,16.3,0.428,0.559,2.71,70.3,2.95,28.7,76.0,84.0,31989488.17,33381.80893,222142.0,184.875147,54.718472,255.0,15.0346,14.0,0.0013,137.758868,50.294046,255.0,1.3766,5.0,0.0016,-86.066662,83.529006,-141.0,7.1335,-6.0,0.0095,6.487238,4.237474,5.0,66.8103,4.0,4.3234
40428196.0,72.63112494,13.684437665,0.0,0.0,0.0,0.0,0.0,0.0,0.0,0.0,-109.366386,32.176814,0.074,5.81,5.34,470.0,3.27,0.71,1.2,0.188,144.0,9.23,55.5,5.88,16.4,3.86,15.4,0.19,2.82,0.08,2.48,68.9,25.6,0.36,814.0,1.36,1.295,33.7,19.0,360.0,23.8,148.0,0.005,1.25,9.03,0.3,5.25,161.0,2.85,0.06,68.8,0.661,0.703,5.52,79.9,4.29,56.1,66.2,83.8,,,,,,,,,,,,,,,,,,,,,,,,,,,
40428202.0,53.38002951,22.83289935,0.0,0.954171754,0.0,0.0,0.0,0.0,0.0,0.0,-109.4515209,32.24152741,0.137,6.35,2.53,371.0,3.97,2.97,2.89,0.254,187.0,33.8,121.0,6.65,46.2,12.95,19.85,0.23,1.155,0.095,1.85,82.9,22.5,1.55,1700.0,1.37,1.37,23.7,60.0,670.0,24.5,115.0,0.005,0.49,22.7,0.4,2.99,164.0,2.1,0.21,38.8,1.895,0.544,3.42,311.0,19.0,47.8,116.0,31.8,383243.8286,7192.174277,3251.0,167.674254,31.884085,196.0,2.9404,250.0,0.027,118.239063,22.52706,107.0,2.1392,1.0,0.0271,-113.315859,25.69182,-87.0,45.6006,-184.0,0.4215,7.0,0.0,7.0,100.0,7.0,100.0
40428199.0,10.1181068426,3.9310346715,0.0,8.892426962999998,0.0,0.0,7.920847517666666,0.0,0.0,0.0,-109.4623416,32.25495866,0.088,7.43,2.6,470.0,2.41,0.453,2.26,0.168,105.5,19.55,60.5,4.8,27.4,4.71,18.6,0.17,1.79,0.074,2.01,51.4,24.8,1.12,1030.0,0.72,2.02,17.6,41.7,460.0,20.1,107.5,0.005,0.69,15.25,0.7,2.32,235.0,1.53,0.1,18.7,0.746,0.496,3.08,108.5,2.11,34.5,79.2,44.3,409719.7332,5849.992557,3913.0,93.050345,27.836793,81.0,2.6555,163.0,0.0253,83.151648,25.66331,71.0,2.1401,26.0,0.0255,-169.553165,10.268955,-171.0,47.181,-150.0,19.5598,5.276003,0.689803,5.0,86.1998,7.0,13.8002
40428198.0,27.157149849666666,2.1839282053333333,0.0,5.663738836,0.649288198,0.0,0.0,0.0,0.0,0.0,-109.4668358,32.26086312,0.067,7.2,2.82,590.0,2.08,2.74,2.04,0.152,116.0,14.05,54.2,4.93,19.3,5.06,18.4,0.17,1.86,0.075,2.36,58.0,20.7,0.83,879.0,0.89,1.84,17.3,29.2,530.0,21.4,116.5,0.005,0.94,12.9,0.3,2.43,293.0,1.44,0.91,25.7,0.717,0.524,2.64,110.0,4.34,33.4,70.5,58.0,538694.0078,6611.93598,5062.0,112.124259,27.370293,106.0,3.052,156.0,0.0193,90.820533,19.392551,89.0,2.6839,35.0,0.0193,-164.88042,14.211619,-179.0,44.9221,-187.0,0.2065,5.176357,0.567109,5.0,91.1821,7.0,8.8179
40428203.0,7.817061013,3.215019759,0.0,30.612682877999998,0.0,0.0,0.0,19.92549286,0.0,0.0,-109.441788,32.22875704,0.221,6.98,2.8,530.0,4.65,0.941,2.07,0.209,155.0,16.95,70.3,8.15,38.6,6.19,19.1,0.22,1.98,0.093,2.38,70.4,28.7,1.03,981.0,0.98,1.3,20.2,33.4,710.0,30.6,148.5,0.005,0.68,18.1,0.3,3.46,213.0,1.67,0.23,35.2,0.759,0.701,3.24,137.0,15.4,43.2,95.0,44.5,2731014.101,9792.467035,19863.0,138.133968,50.071083,255.0,2.7738,30.0,0.0038,121.686396,35.837522,107.0,1.1655,2.0,0.0038,-180.432584,45.170418,-131.0,33.6948,-87.0,0.2258,13.320791,4.115181,16.0,70.231,7.0,29.769
40428201.0,100.0,0.0,0.0,0.0,0.0,0.0,0.0,0.0,0.0,0.0,-109.4592988,32.25169399,0.247,8.11,3.72,520.0,3.27,0.718,1.83,0.204,98.2,19.45,57.6,8.02,41.1,4.55,20.8,0.17,1.99,0.069,2.32,48.3,38.8,1.14,980.0,0.98,1.705,19.0,37.3,520.0,22.6,143.5,0.01,0.64,15.05,0.4,2.72,204.0,1.55,0.12,21.2,0.589,0.676,3.3,99.5,3.65,36.3,99.2,52.2,9078100.052,19033.81515,59960.0,143.107038,42.8096,138.0,0.956,249.0,0.0046,106.52653,36.201528,113.0,1.0287,246.0,0.0011,-146.319557,20.159005,-141.0,12.6352,-184.0,0.0345,5.910536,1.412371,7.0,62.24,5.0,4.3335
40428172.0,100.0,0.0,0.0,0.0,0.0,0.0,0.0,0.0,0.0,0.0,-109.528036,31.74637809,0.179,7.06,9.25,600.0,1.95,5.73,3.76,0.467,82.9,11.65,48.7,11.8,69.2,3.9,18.0,0.12,2.94,0.143,2.15,40.5,35.0,0.91,813.0,1.49,1.305,16.6,17.25,890.0,30.1,130.0,0.02,2.24,9.99,0.2,2.73,369.0,1.13,0.15,12.3,0.522,0.946,2.29,97.8,7.73,25.8,92.6,88.5,1811832.044,8184.485519,13689.0,117.1312,39.928467,101.0,1.3678,16.0,0.0058,150.322708,32.072012,141.0,1.213,3.0,0.0058,-44.379736,4.506101,-44.0,53.4397,-42.0,4.1901,8.889248,3.665238,7.0,79.0084,16.0,20.9916
40428173.0,36.9691583,31.216120869999997,0.0,0.0,0.0,0.0,0.299299969,0.0,0.0,0.0,-109.5431818,31.75802881,0.146,6.56,12.2,520.0,2.17,0.388,3.02,0.321,82.3,9.22,42.5,36.6,27.2,3.01,16.25,0.13,3.52,0.061,2.77,39.7,69.5,0.66,580.0,0.93,0.957,16.35,16.6,600.0,35.3,179.0,0.01,2.1,7.71,0.2,2.17,205.0,1.13,0.09,13.7,0.412,0.883,2.53,70.0,4.01,27.2,81.8,115.0,9903922.198,25890.85703,71874.0,159.511854,58.800894,255.0,8.2326,11.0,0.0063,142.290174,42.503344,255.0,0.95,5.0,0.0011,-51.07856,6.620165,-53.0,20.2176,-48.0,0.052,10.272042,4.854577,7.0,37.1192,6.0,5.7638
40429151.0,100.0,0.0,0.0,0.0,0.0,0.0,0.0,0.0,0.0,0.0,-109.6752215,32.42277416,0.073,6.44,6.42,650.0,2.45,0.425,1.33,0.161,106.5,12.35,86.2,8.46,30.3,3.97,17.1,0.24,3.84,0.062,2.65,53.0,30.6,0.41,740.0,1.57,1.61,26.1,25.3,450.0,26.2,142.0,0.01,1.41,9.06,0.6,2.75,324.0,1.72,0.02,20.3,0.694,0.604,3.36,114.0,2.54,33.8,80.5,141.0,1562738.035,11713.2538,15028.0,109.957612,31.207852,73.0,2.4006,181.0,0.0199,94.429748,18.48729,93.0,2.4829,35.0,0.0066,-74.503528,5.427462,-73.0,43.8726,-58.0,2.6672,20.087055,6.520476,23.0,83.32,7.0,4.4724
40429150.0,99.99999991,0.0,0.0,0.0,0.0,0.0,0.0,0.0,0.0,0.0,-109.6831491,32.41663082,0.106,6.49,8.14,640.0,2.23,0.649,1.34,0.186,130.0,14.2,71.0,9.18,29.3,4.77,17.35,0.23,4.62,0.081,2.69,63.0,29.2,0.44,865.0,1.56,1.585,25.6,24.8,880.0,27.5,149.0,0.02,1.58,10.3,0.6,3.16,260.0,1.79,0.02,22.5,0.843,0.595,4.15,134.0,4.36,41.3,88.3,161.5,1465955.5,9416.4393,14057.0,95.619834,28.879298,73.0,3.7974,186.0,0.0213,77.56214,19.986048,70.0,2.5706,28.0,0.0071,-61.739799,6.758256,-58.0,39.0405,-71.0,0.2068,23.0,0.0,23.0,100.0,23.0,100.0
40429152.0,11.42569406,88.57430541,0.0,0.0,0.0,0.0,0.0,0.0,0.0,0.0,-109.7315019,32.43811514,0.079,7.38,9.38,640.0,3.26,1.08,1.72,0.218,144.0,14.8,36.6,22.1,37.3,4.11,20.9,0.3,5.25,0.083,2.79,62.2,56.9,0.79,887.0,1.26,1.545,25.9,23.2,1750.0,29.1,198.0,0.01,1.51,14.0,0.7,3.5,291.0,1.9,0.02,29.5,0.706,0.765,5.39,102.0,5.76,49.4,91.8,198.0,4331136.553,14795.49164,33802.0,151.780664,45.65883,255.0,2.886,22.0,0.0072,115.552792,34.715072,105.0,1.0988,3.0,0.0024,23.059519,42.429186,-9.0,25.385,26.0,1.4372,7.401241,1.872576,7.0,95.5809,23.0,0.0503
40429153.0,100.0,0.0,0.0,0.0,0.0,0.0,0.0,0.0,0.0,0.0,-109.7074756,32.40614581,0.053,7.92,17.55,670.0,3.46,0.284,2.23,0.162,102.0,16.65,40.4,93.7,50.6,3.86,22.2,0.26,5.82,0.066,3.23,46.1,70.2,0.98,922.0,1.26,0.908,21.5,44.7,1290.0,19.45,312.0,0.005,4.21,11.85,0.7,2.64,253.0,1.39,0.02,18.35,0.629,1.3,3.17,91.2,4.62,33.2,91.9,237.0,1720449.129,9143.478142,16296.0,122.9919,38.590067,104.0,2.193,229.0,0.0242,103.581269,31.747623,85.0,1.4515,1.0,0.006,-69.445436,10.846865,-80.0,38.1685,-90.0,0.2055,23.0,0.0,23.0,100.0,23.0,100.0
40428204.0,25.31632979,26.75145043,0.0,7.032144863,0.0,0.0,14.14862448,0.0,0.0,0.0,-109.4824661,32.26666134,0.063,7.25,2.97,580.0,1.54,0.517,2.57,0.153,86.9,20.3,67.0,5.76,22.7,6.05,18.85,0.15,1.21,0.075,2.29,40.8,17.5,1.26,982.0,0.74,1.585,14.05,43.6,630.0,21.6,115.0,0.005,1.19,16.75,0.5,2.39,324.0,1.08,0.06,12.6,0.774,0.503,2.08,130.5,4.45,32.2,78.8,42.2,647139.7033,8248.752543,6093.0,129.647957,28.820627,122.0,3.1606,88.0,0.016,82.250572,24.726712,72.0,1.9955,21.0,0.016,-105.843394,19.367018,-122.0,35.1739,-112.0,3.8372,5.0,0.0,5.0,100.0,5.0,100.0
40428206.0,22.39457709,45.74383741,0.0,2.352275851,0.0,0.0,0.0,7.114732259,0.0,0.0,-109.4328336,32.19903896,0.097,6.28,3.87,560.0,2.07,0.536,2.65,0.269,124.0,16.45,67.8,6.68,25.5,6.41,17.75,0.19,1.355,0.079,2.33,55.1,24.1,1.11,908.0,1.49,1.095,21.5,30.8,840.0,28.5,128.5,0.005,0.86,16.75,0.5,3.2,159.0,1.6,0.2,40.6,0.741,0.587,3.38,134.0,12.95,46.3,94.8,47.6,726581.8405,7994.63971,6781.0,115.144669,28.530704,128.0,2.5821,167.0,0.0143,85.599003,27.087016,80.0,2.0391,23.0,0.0143,-290.666759,25.782013,-304.0,47.0351,-296.0,0.2088,16.0,0.0,16.0,100.0,16.0,100.0
40428205.0,90.55871701,7.202613124,2.238669838,0.0,0.0,0.0,0.0,0.0,0.0,0.0,-109.5126325,32.24322906,0.13,7.32,3.55,620.0,2.35,0.831,1.49,0.242,83.9,13.7,40.9,12.05,28.3,3.39,17.0,0.13,1.565,0.07,3.28,39.2,21.9,0.78,700.0,0.85,1.295,13.1,29.3,440.0,26.8,186.5,0.01,1.03,12.9,0.2,3.11,193.0,1.23,0.09,16.55,0.409,0.821,2.56,75.9,3.75,32.9,71.8,51.2,28992243.88,32155.13049,62227.0,159.689942,46.518802,255.0,1.0635,28.0,0.0004,122.179019,39.483055,115.0,0.2498,248.0,0.0004,-136.475484,59.855305,-168.0,7.8509,-82.0,0.0084,6.038956,4.018418,5.0,36.839,16.0,0.0344
40428211.0,97.93629341,2.063635697,0.0,0.0,0.0,0.0,0.0,0.0,0.0,0.0,-109.5160449,32.31033181,0.434,7.63,4.34,620.0,4.31,1.205,1.67,0.263,142.0,10.7,49.9,7.42,29.4,3.88,20.4,0.2,1.8,0.099,2.94,65.7,29.7,0.67,786.0,1.51,1.975,22.0,21.3,900.0,38.3,197.0,0.01,0.94,14.75,0.4,4.7,267.0,1.78,0.22,30.5,0.522,0.889,4.0,78.8,3.86,57.6,91.5,49.1,1427084.53,8252.644278,13643.0,96.48589,21.807783,94.0,3.1758,162.0,0.0146,77.620647,25.217383,61.0,1.9854,21.0,0.0073,-147.387842,25.530204,-141.0,47.3572,-164.0,0.3613,15.148472,2.634133,16.0,90.5386,7.0,9.4614
40428208.0,0.0,50.000000075,0.0,0.0,0.0,0.0,0.0,0.0,0.0,0.0,-109.4965405,32.29450443,0.098,7.07,3.68,449.0,3.8,1.195,2.6,0.222,244.0,15.4,70.6,7.36,21.8,5.74,20.4,0.29,1.87,0.126,2.51,109.5,22.1,0.73,1290.0,1.25,1.66,35.7,28.4,690.0,31.2,171.0,0.005,0.88,20.6,0.6,6.98,263.0,3.27,0.11,89.2,1.185,0.735,8.12,120.5,6.35,93.0,82.3,57.5,4014512.183,20667.64052,30494.0,105.361055,35.185436,92.0,1.6532,5.0,0.0026,87.18081,30.172801,80.0,1.2314,2.0,0.0026,-87.430576,67.652376,-133.0,23.2606,-129.0,0.0731,16.171611,7.890891,23.0,50.9391,16.0,18.2051
40428207.0,41.29512087,0.0,0.0,7.862862893999999,1.684032427,0.0,0.0,0.0,0.0,0.0,-109.5319671,32.30982177,0.151,7.67,4.54,580.0,4.11,6.51,2.2,0.279,211.0,13.2,72.3,7.41,30.2,5.71,22.7,0.27,1.95,0.145,2.92,94.3,25.4,0.72,1045.0,1.95,1.855,30.9,22.7,1540.0,43.2,196.5,0.005,1.12,19.2,0.6,5.87,299.0,2.6,1.88,60.7,0.732,0.881,6.19,108.5,9.16,83.2,107.0,50.9,520204.8041,9135.114269,4141.0,148.401352,33.734588,137.0,1.7889,106.0,0.0201,100.685617,23.77555,100.0,1.7137,26.0,0.0202,-188.451964,32.080945,-164.0,39.1287,-254.0,4.3757,15.677929,1.671799,16.0,96.4214,7.0,3.5786
40429163.0,0.189609944,99.81038932,0.0,0.0,0.0,0.0,0.0,0.0,0.0,0.0,-109.8294474,32.34033534,0.122,6.24,5.23,700.0,2.07,0.597,1.03,0.207,128.5,8.12,35.3,6.03,21.5,3.43,16.45,0.3,2.03,0.081,2.77,62.0,27.2,0.36,974.0,1.04,1.455,24.6,14.3,410.0,29.5,135.5,0.005,1.86,11.2,0.5,3.62,152.0,1.66,0.02,38.6,0.552,0.624,4.28,79.7,2.96,40.1,108.5,71.1,408430.2621,4241.254339,3985.0,97.168632,36.908972,97.0,3.0866,10.0,0.0502,46.969934,21.439289,41.0,2.3749,106.0,0.0253,131.579169,25.0207,111.0,59.6487,162.0,40.3513,22.963086,0.76763,23.0,99.7693,7.0,0.2307
40428132.0,70.20359722,14.300489463,0.0,0.0,0.0,0.0,0.5977119585,0.0,0.0,0.0,-109.0437859,32.19726966,0.194,7.04,9.26,640.0,2.27,2.93,2.64,0.42,77.9,11.15,62.1,10.7,51.9,3.68,17.9,0.16,2.77,0.145,2.36,41.9,42.5,0.88,654.0,1.32,1.42,17.4,25.3,790.0,38.3,145.5,0.03,1.87,10.7,0.6,2.65,348.0,1.18,0.15,13.2,0.506,0.927,2.55,96.6,4.11,24.6,90.8,88.2,1143672.227,7389.265922,10994.0,216.02565,30.209807,255.0,15.3993,153.0,0.0364,39.536326,17.739115,30.0,3.0499,107.0,0.0091,29.749911,18.169833,47.0,50.0887,40.0,0.8248,3.595141,0.914379,3.0,70.243,5.0,29.757
40428131.0,100.0,0.0,0.0,0.0,0.0,0.0,0.0,0.0,0.0,0.0,-109.0408752,32.21242318,0.135,6.86,8.12,690.0,2.23,0.459,2.56,0.276,76.9,10.9,61.7,12.3,62.2,3.67,16.75,0.16,3.08,0.061,2.49,41.4,42.0,0.84,640.0,1.63,1.53,18.15,22.8,780.0,34.5,130.0,0.02,1.81,9.34,0.6,2.38,287.0,1.21,0.06,12.9,0.524,0.619,2.69,95.3,1.75,23.5,95.5,97.2,1144960.233,7591.400258,10962.0,135.537311,46.605636,145.0,1.7017,220.0,0.0182,18.99127,18.894841,1.0,22.2172,94.0,0.0091,-48.391801,49.004101,-77.0,50.4781,-1.0,5.7199,15.48684,2.319791,16.0,95.3349,5.0,4.6651
40429154.0,100.0,0.0,0.0,0.0,0.0,0.0,0.0,0.0,0.0,0.0,-109.6921908,32.36061682,0.098,6.97,6.67,680.0,2.33,0.376,1.45,0.194,105.5,16.55,76.4,6.85,27.3,4.14,18.05,0.25,3.27,0.071,2.46,48.5,43.3,0.73,936.0,1.23,1.5,24.1,37.5,630.0,25.6,132.0,0.005,1.4,12.35,0.5,2.55,269.0,1.78,0.02,15.55,0.641,0.582,2.72,111.5,2.69,31.4,90.3,123.0,2315962.384,12500.98996,22263.0,134.311324,28.160254,117.0,2.4057,84.0,0.0179,51.365239,19.068159,48.0,2.6674,124.0,0.0045,-51.64175,17.690479,-37.0,29.9218,-56.0,1.2575,17.29449,3.141464,16.0,78.7786,3.0,0.955
40429155.0,100.0,0.0,0.0,0.0,0.0,0.0,0.0,0.0,0.0,0.0,-109.6656471,32.38945094,0.069,6.05,5.28,630.0,2.02,0.393,1.36,0.15,124.5,13.9,75.1,4.69,30.1,4.55,17.0,0.28,3.42,0.073,2.33,59.3,27.1,0.4,836.0,1.42,1.56,26.2,28.1,450.0,25.6,116.5,0.005,1.2,9.57,0.7,2.83,296.0,1.61,0.02,25.7,0.732,0.519,3.45,128.5,2.25,34.7,82.2,129.0,1115665.373,8740.559923,10737.0,129.92456,24.978577,114.0,2.671,66.0,0.0093,70.616181,14.428714,68.0,3.2451,25.0,0.0093,-53.654863,11.425731,-54.0,29.6957,-49.0,0.0453,23.0,0.0,23.0,100.0,23.0,100.0
40429158.0,100.0,0.0,0.0,0.0,0.0,0.0,0.0,0.0,0.0,0.0,-109.692075,32.44306076,0.132,6.98,11.95,570.0,2.56,1.21,1.82,0.179,149.0,14.2,45.1,11.5,30.2,5.12,19.3,0.34,3.55,0.1,2.47,62.6,42.7,0.71,762.0,1.4,1.935,28.7,20.1,1400.0,35.3,155.5,0.005,1.9,15.5,0.8,5.11,207.0,2.02,0.02,30.0,0.757,0.72,4.66,126.5,5.86,59.7,92.3,123.0,4410103.412,15905.61859,31195.0,133.494406,48.058236,255.0,1.4874,254.0,0.0047,129.599603,39.752611,123.0,0.8241,3.0,0.0024,-34.648677,33.970851,-50.0,24.5493,-9.0,0.1489,6.733512,0.679677,7.0,86.6756,5.0,13.3244
40428133.0,41.946547745000004,1.388859257,14.71804521,0.0,0.0,0.0,0.0,0.0,0.0,0.0,-109.1008109,32.21061784,0.189,6.65,6.38,590.0,2.58,0.452,1.57,0.198,89.3,9.51,60.9,8.19,46.3,3.48,16.0,0.17,3.61,0.06,2.65,47.9,39.1,0.63,586.0,1.89,1.5,23.3,19.75,460.0,26.7,146.0,0.02,1.33,8.87,0.6,2.68,227.0,1.54,0.05,16.3,0.537,0.62,2.98,88.2,2.12,29.5,80.7,112.5,10585870.99,27373.29712,101426.0,87.943082,35.926905,65.0,1.749,245.0,0.0029,10.214594,19.803149,1.0,58.048,141.0,0.001,-24.082381,56.504189,-48.0,16.501,46.0,0.0077,21.531608,2.998571,23.0,79.7987,7.0,0.6034
40429162.0,24.5930802,29.28580767,0.0,21.37749693,0.0,0.0,0.0,0.150536474,0.0,0.0,-109.6265809,32.46278237,0.227,6.66,9.04,540.0,3.2,1.29,0.98,0.22,145.5,8.88,43.5,10.5,27.7,3.71,17.95,0.32,4.53,0.074,2.8,65.0,34.4,0.35,616.0,1.84,1.875,32.7,15.9,630.0,35.7,197.5,0.01,2.38,11.0,0.7,4.21,162.5,3.44,0.05,49.0,0.567,0.895,6.54,92.3,5.35,57.9,76.5,149.5,3909999.201,13711.40286,37482.0,94.633691,30.497729,113.0,2.3765,16.0,0.0079,88.058616,25.554653,90.0,1.7599,20.0,0.0027,-88.195326,13.770841,-97.0,27.6817,-121.0,0.0078,19.062759,3.570311,16.0,55.3524,5.0,0.3476
40429159.0,100.0,0.0,0.0,0.0,0.0,0.0,0.0,0.0,0.0,0.0,-109.6491323,32.41994753,0.075,6.74,9.4,690.0,2.52,0.618,1.76,0.171,129.5,14.15,62.8,10.3,30.6,4.98,18.85,0.31,4.62,0.074,2.8,60.9,35.4,0.49,849.0,2.08,1.82,27.3,24.1,1330.0,28.0,158.5,0.01,2.49,10.85,0.8,3.26,350.0,2.1,0.04,24.2,0.812,0.648,4.24,139.0,4.91,42.3,87.6,174.5,5147612.974,20668.23626,49424.0,110.767684,30.063832,112.0,2.7662,16.0,0.004,85.191625,25.086795,81.0,2.124,2.0,0.002,-76.655303,12.689361,-90.0,21.4555,-121.0,0.0098,23.0,0.0,23.0,100.0,23.0,100.0
40429157.0,100.0000001,0.0,0.0,0.0,0.0,0.0,0.0,0.0,0.0,0.0,-109.7041881,32.42737269,0.112,7.05,12.8,660.0,3.27,0.913,1.7,0.205,141.0,14.9,47.3,16.2,35.6,4.59,19.75,0.31,4.76,0.079,2.91,63.2,48.7,0.66,838.0,1.52,1.715,27.1,26.9,1860.0,31.5,193.5,0.005,2.28,14.45,0.8,3.55,277.0,2.01,0.02,31.9,0.801,0.818,5.37,122.5,9.47,52.0,92.8,173.0,3142691.91,11740.12433,26769.0,134.430797,43.912983,118.0,1.5489,47.0,0.0198,114.86338,30.081846,111.0,1.2734,5.0,0.0033,-75.634004,6.534909,-71.0,27.7624,-62.0,0.238,16.954521,7.757567,23.0,62.2158,7.0,37.7842
40429156.0,71.61270129,13.656271193,0.0,1.074756389,0.0,0.0,0.0,0.0,0.0,0.0,-109.6637617,32.43126818,0.043,7.48,26.4,660.0,1.9,0.401,2.51,0.128,117.5,18.95,55.8,13.65,38.4,6.12,20.9,0.29,5.01,0.073,2.4,54.4,32.7,0.78,927.0,2.26,1.71,22.6,38.4,1780.0,21.8,129.5,0.005,6.5,12.8,0.8,2.87,443.0,1.39,0.02,16.3,1.035,0.504,2.75,182.0,1.855,36.6,104.5,192.0,3483461.085,13039.6751,33513.0,108.845045,28.537297,97.0,2.8083,188.0,0.0089,84.465992,24.842931,78.0,1.9794,3.0,0.003,-98.335093,17.431269,-90.0,30.5936,-71.0,0.3511,16.337044,8.382791,23.0,58.8034,16.0,6.8403
40429161.0,39.88066283,16.05414293,0.0,38.13443839,0.0,0.0,0.0,5.930749299,0.0,0.0,-109.6360208,32.42739213,0.09,6.84,19.25,620.0,2.35,0.754,2.13,0.175,143.0,20.5,71.1,11.35,41.2,7.09,20.4,0.32,5.64,0.099,2.38,63.4,33.9,0.71,971.0,1.58,1.725,28.4,37.5,1720.0,31.3,139.0,0.01,4.48,15.15,1.0,4.06,330.0,1.78,0.02,32.0,1.075,0.575,4.43,206.0,3.65,54.3,107.5,212.0,6838361.121,35291.19886,63031.0,125.457791,37.36868,97.0,1.9116,32.0,0.0061,103.201747,41.268526,78.0,1.0891,1.0,0.0015,-94.162777,36.980631,-85.0,21.7671,-71.0,0.0857,10.818802,7.533314,5.0,47.0942,16.0,10.6677
40428209.0,100.0,0.0,0.0,0.0,0.0,0.0,0.0,0.0,0.0,0.0,-109.5997511,32.3467239,0.144,7.65,4.81,650.0,3.66,0.706,1.71,0.176,137.5,10.2,42.9,7.64,20.6,3.36,20.7,0.18,1.635,0.099,2.92,60.9,28.7,0.65,692.0,1.05,2.15,20.0,20.6,1110.0,28.6,187.0,0.005,0.97,15.3,0.5,4.26,252.0,1.49,0.1,23.3,0.527,0.848,3.27,73.7,3.44,59.5,87.5,55.6,8039605.467,23227.1418,60356.0,131.769402,36.588407,123.0,1.7954,28.0,0.0013,95.480739,37.483342,64.0,0.8256,3.0,0.0013,-202.647176,98.283777,-246.0,13.9407,90.0,0.0704,19.903573,6.320995,23.0,80.6473,7.0,19.3527
40428214.0,100.0,0.0,0.0,0.0,0.0,0.0,0.0,0.0,0.0,0.0,-109.5054384,32.26351059,0.08,7.15,3.06,600.0,2.58,0.671,1.73,0.154,90.4,16.0,48.2,11.1,22.0,3.94,17.9,0.14,1.665,0.07,3.2,42.4,20.9,0.81,715.0,0.65,1.2,13.8,32.3,410.0,23.5,187.0,0.005,0.8,15.45,0.5,3.39,161.0,1.09,0.09,17.4,0.535,0.762,2.54,94.6,4.29,34.7,68.0,38.3,2802659.054,11398.05702,19764.0,134.823821,37.169153,144.0,1.55,35.0,0.0037,98.428658,32.066135,86.0,1.0591,2.0,0.0037,-116.53817,20.03637,-129.0,36.5232,36.0,0.1119,14.953494,9.004854,23.0,55.5886,4.0,5.245
40428215.0,99.99999997,0.0,0.0,0.0,0.0,0.0,0.0,0.0,0.0,0.0,-109.4977461,32.26536994,0.126,7.05,3.85,590.0,1.96,0.634,2.17,0.206,99.8,17.5,61.8,6.39,26.6,5.38,18.85,0.16,2.31,0.07,2.46,47.9,20.3,0.98,892.0,0.87,1.485,17.25,36.9,510.0,24.1,131.5,0.005,1.2,15.8,0.3,2.74,298.0,2.72,0.1,18.55,0.72,0.566,2.46,118.0,2.84,33.7,73.7,60.0,556123.5542,7767.980376,4741.0,143.967306,36.001582,157.0,2.0673,206.0,0.0188,91.840008,34.274889,95.0,1.6717,159.0,0.0188,-109.624183,22.963605,-88.0,46.5686,-112.0,0.5991,4.97774,0.147527,5.0,97.774,4.0,2.226
40428213.0,100.0,0.0,0.0,0.0,0.0,0.0,0.0,0.0,0.0,0.0,-109.6089336,32.35064424,0.128,6.9,6.95,560.0,2.59,0.623,2.24,0.188,109.0,9.4,48.6,6.19,26.6,3.52,16.75,0.17,2.38,0.077,2.5,52.2,31.9,0.73,589.0,0.81,1.56,19.3,20.8,610.0,25.1,135.5,0.01,1.15,11.85,0.4,3.13,233.0,1.51,0.07,27.8,0.51,0.621,2.62,81.8,2.94,38.5,72.4,75.0,36250044.74,48871.4695,167644.0,146.544905,46.495952,255.0,1.7589,12.0,0.0003,110.4418,45.581232,95.0,0.4371,2.0,0.004,-79.405057,118.280231,-24.0,3.1927,-246.0,0.0031,21.300587,4.273842,23.0,83.09,7.0,0.1385
40428212.0,66.06766332,18.90543127,0.0,6.317933022999999,0.0,0.0,2.391039649,0.0,0.0,0.0,-109.5874311,32.33941149,0.167,7.81,6.42,610.0,3.68,0.733,1.37,0.261,127.0,13.6,52.2,9.33,29.1,3.58,20.7,0.19,2.59,0.096,2.82,56.3,42.4,0.77,832.0,1.02,1.445,19.8,28.6,850.0,30.1,174.5,0.01,1.09,13.45,0.3,3.59,190.0,1.54,0.09,29.1,0.463,0.803,3.24,75.7,3.8,46.9,93.5,81.6,2738501.576,14867.1742,21414.0,136.86266,39.55673,123.0,1.6095,233.0,0.0114,89.794552,37.12375,95.0,1.0198,7.0,0.0038,-283.663197,30.471805,-303.0,25.5933,-218.0,0.2842,14.147085,7.954404,7.0,55.3307,23.0,44.6693
40429169.0,100.0,0.0,0.0,0.0,0.0,0.0,0.0,0.0,0.0,0.0,-109.8430905,32.36676117,0.171,6.77,3.55,870.0,2.33,0.708,0.69,0.207,110.5,6.01,22.1,6.47,16.05,1.98,16.5,0.27,1.345,0.07,3.81,54.3,23.5,0.22,743.0,0.96,1.69,20.4,10.95,260.0,30.4,178.0,0.005,1.4,7.07,0.4,3.04,126.0,1.47,0.04,23.0,0.334,0.837,2.7,40.0,2.97,30.2,73.0,43.2,1718220.573,7401.377677,15896.0,84.381668,40.188568,42.0,1.6249,195.0,0.006,65.098784,35.926243,48.0,2.1233,182.0,0.006,102.880705,15.186648,104.0,52.8047,147.0,1.4332,20.580752,3.32896,23.0,65.4393,16.0,34.5607
40428134.0,50.000000215,0.0,0.0,0.0,0.0,0.0,0.0,0.0,0.0,0.0,-109.7084797,32.31397069,0.063,6.74,5.76,450.0,1.92,0.411,2.32,0.165,73.2,13.75,50.8,4.53,29.0,4.25,15.95,0.17,1.57,0.068,1.83,37.1,31.3,0.76,639.0,0.8,1.725,11.55,23.0,590.0,20.4,101.0,0.01,1.64,17.45,0.6,2.17,162.5,0.85,0.05,13.25,0.482,0.378,2.06,95.9,5.1,36.0,75.0,42.0,6379669.605,14692.16735,55765.0,202.963257,43.057359,255.0,17.9634,96.0,0.0016,98.792872,33.716932,92.0,1.3447,6.0,0.0016,4.581043,33.119992,-7.0,17.7973,-9.0,0.0475,7.907514,2.540448,9.0,84.3931,2.0,15.6069
40428224.0,18.299961651500002,31.010853709,0.0,1.378369702,0.0,0.0,0.0,0.0,0.0,0.0,-109.720828,32.33783238,0.074,6.7,7.12,460.0,1.85,0.679,2.16,0.163,102.0,14.7,65.0,5.11,26.5,5.42,16.75,0.16,1.705,0.086,2.03,47.7,21.0,0.75,698.0,0.91,1.705,17.25,24.6,730.0,21.4,110.5,0.005,2.16,20.1,0.3,3.14,158.5,1.35,0.08,26.3,0.643,0.459,3.06,131.0,3.31,46.0,70.4,46.9,1819195.369,8814.754136,17474.0,157.915761,26.935023,157.0,2.3484,61.0,0.0114,82.369709,22.981133,71.0,2.3532,24.0,0.0057,-60.998944,7.791163,-68.0,43.0278,-87.0,0.0445,2.0,0.0,2.0,100.0,2.0,100.0
40428221.0,100.0,0.0,0.0,0.0,0.0,0.0,0.0,0.0,0.0,0.0,-109.7084465,32.31409252,0.106,6.67,6.41,490.0,1.88,0.589,2.01,0.135,99.2,12.4,53.7,5.03,24.3,4.58,16.5,0.17,1.97,0.078,2.06,45.8,22.3,0.71,660.0,0.94,1.725,17.85,20.7,750.0,20.9,112.5,0.005,1.98,17.3,0.7,3.22,168.5,1.59,0.06,30.2,0.609,0.5,3.13,111.5,3.24,43.9,68.0,63.2,2274.290976,211.9930986,25.0,172.8,30.343368,162.0,28.0,158.0,4.0,84.575758,28.607088,43.0,6.0606,52.0,3.0303,-59.0,0.0,-59.0,100.0,-59.0,100.0,2.0,0.0,2.0,100.0,2.0,100.0
40429166.0,94.26664403,5.733355963,0.0,0.0,0.0,0.0,0.0,0.0,0.0,0.0,-109.8128597,32.35189541,0.17,6.5,4.65,730.0,1.95,0.596,0.82,0.251,81.8,7.8,29.8,6.63,21.7,2.31,15.9,0.24,2.05,0.064,2.92,40.1,31.6,0.38,925.0,0.76,1.345,14.0,14.5,320.0,28.8,146.5,0.005,1.24,8.72,0.4,2.37,153.0,1.0,0.02,14.15,0.342,0.696,2.13,51.0,2.19,25.8,95.5,71.8,2684186.129,10215.37129,25810.0,57.18888,31.568102,1.0,4.105,154.0,0.0116,73.490562,23.475029,68.0,2.0953,1.0,0.0039,2.387009,13.217858,6.0,36.8683,25.0,1.223,22.965076,0.493203,23.0,99.5011,16.0,0.4989
40428217.0,100.0,0.0,0.0,0.0,0.0,0.0,0.0,0.0,0.0,0.0,-109.6239358,32.35337921,0.083,6.52,4.33,500.0,2.58,0.754,2.26,0.165,182.5,14.2,87.3,5.0,26.9,5.97,17.45,0.25,2.17,0.078,2.08,83.4,20.4,0.85,848.0,0.99,1.76,25.7,24.2,1110.0,29.2,121.0,0.005,1.29,17.1,0.4,4.02,258.0,2.22,0.09,51.2,0.771,0.527,4.17,148.0,4.18,59.0,82.8,51.8,,,,,,,,,,,,,,,,,,,,,,,,,,,
40429164.0,9.49282377,21.817221771,0.0,0.0,0.0,0.0,46.8727328,0.0,0.0,0.0,-109.7774701,32.33225703,0.114,6.76,5.68,670.0,2.09,0.351,1.47,0.17,88.2,10.65,47.4,5.58,25.3,3.18,17.15,0.26,2.34,0.064,2.5,43.0,34.5,0.54,712.0,0.86,1.585,16.65,20.9,550.0,24.4,126.5,0.01,1.37,11.65,0.4,2.26,230.0,1.15,0.04,16.7,0.487,0.563,2.42,84.3,2.61,29.6,78.4,83.8,20011447.86,34164.17779,189827.0,120.126879,45.043179,112.0,1.2499,6.0,0.0031,84.853274,34.140866,77.0,1.477,8.0,0.001,-80.764334,16.202031,-90.0,11.5069,-98.0,0.102,5.123876,1.113131,5.0,92.105,16.0,0.9006
40429171.0,0.0,29.37081533,0.0,0.0,0.0,0.0,70.62918492,0.0,0.0,0.0,-109.8294474,32.38030801,0.117,6.41,4.26,680.0,2.03,0.383,0.96,0.147,97.5,7.84,42.5,5.21,18.95,2.36,16.1,0.25,2.42,0.06,2.89,47.0,28.4,0.31,640.0,0.99,1.695,18.5,17.3,350.0,26.0,146.0,0.01,1.17,7.68,0.5,2.57,212.0,1.29,0.06,15.05,0.42,0.645,2.66,62.5,2.2,27.9,62.1,85.2,594560.6704,8070.489785,5549.0,46.537755,26.451843,28.0,3.6408,124.0,0.0175,86.417011,33.861189,80.0,2.0287,8.0,0.0175,84.747873,43.689675,114.0,56.8221,124.0,2.0245,23.0,0.0,23.0,100.0,23.0,100.0
40428216.0,30.586540055,0.0,0.0,13.948473595,10.92997274,0.0,0.0,0.0,0.0,0.0,-109.6142662,32.34876012,0.092,6.58,5.46,560.0,2.26,0.617,1.76,0.174,133.0,10.15,60.6,5.88,21.3,3.97,16.85,0.18,2.6,0.076,2.43,62.6,26.7,0.6,665.0,1.32,1.595,21.5,21.7,620.0,24.6,134.0,0.005,1.34,12.65,0.5,3.47,224.0,1.72,0.1,34.0,0.601,0.606,3.07,92.8,2.95,42.2,72.1,77.0,5117806.19,19548.16211,49072.0,117.280465,25.947605,109.0,2.6252,25.0,0.0122,70.799059,25.950618,56.0,1.8643,5.0,0.002,-210.162523,37.535086,-180.0,20.3736,-138.0,0.0118,22.271905,2.136948,23.0,89.5986,16.0,10.4014
40428218.0,11.922040091333335,11.646715645999999,0.0,11.136486677,0.0,0.0,7.020759432,0.0,0.0,0.0,-109.633623,32.35348051,0.118,7.27,7.25,600.0,2.06,0.573,1.92,0.293,114.0,16.15,61.3,6.77,42.4,4.24,18.25,0.16,2.63,0.075,2.38,54.2,30.3,0.79,895.0,1.21,1.515,17.5,29.8,880.0,27.4,131.0,0.01,1.45,14.55,0.6,3.02,205.0,1.44,0.07,20.8,0.528,0.614,2.78,98.9,3.45,41.1,88.3,70.4,2252545.176,11280.40436,21663.0,119.723492,27.293231,108.0,2.7145,203.0,0.0092,62.34618,25.378763,58.0,2.7359,7.0,0.0046,-209.673928,15.06299,-212.0,29.0126,-169.0,0.0403,19.461549,3.499789,16.0,50.5493,23.0,49.4507
40428223.0,48.3046799425,3.39064024,0.0,0.0,0.0,0.0,0.0,0.0,0.0,0.0,-109.7043758,32.34584874,0.102,6.45,6.49,560.0,1.5,0.458,2.67,0.159,91.2,12.5,63.9,5.9,29.1,4.46,15.8,0.16,2.72,0.073,2.16,45.1,26.4,0.76,718.0,0.99,1.5,16.65,23.1,790.0,21.2,104.5,0.01,1.81,13.5,0.7,2.43,233.0,1.21,0.09,17.2,0.636,0.481,2.56,123.5,3.02,32.8,77.5,82.2,18648956.74,39351.21526,173142.0,144.244603,41.796015,255.0,2.9175,27.0,0.0006,72.740852,38.411259,46.0,1.6793,248.0,0.0022,-70.28073,24.885334,-84.0,12.1805,-53.0,0.0011,4.103482,3.113719,3.0,42.9104,16.0,4.81
40429167.0,100.0,0.0,0.0,0.0,0.0,0.0,0.0,0.0,0.0,0.0,-109.803653,32.35591692,0.117,6.4,6.24,700.0,1.92,0.358,1.36,0.143,96.4,10.3,52.8,5.64,17.1,3.6,16.95,0.26,2.85,0.059,2.53,45.1,29.5,0.4,802.0,1.18,1.74,20.4,17.35,420.0,25.6,129.0,0.005,1.86,9.64,0.6,2.41,322.0,1.38,0.08,17.1,0.621,0.606,2.74,114.5,2.13,29.3,80.0,94.4,6295866.411,17759.23612,60546.0,79.476745,42.493774,29.0,1.9721,221.0,0.0066,70.969033,19.402637,61.0,2.5737,6.0,0.0016,-36.558523,11.553379,-26.0,20.0789,-41.0,0.0401,16.529574,1.851099,16.0,92.4347,23.0,7.5653
40429168.0,31.058866644,5.949448733666667,0.0,3.6430873764999996,0.0,0.0,12.7477458,0.0,0.0,0.0,-109.8182451,32.38419319,0.103,6.52,5.06,660.0,2.24,0.337,0.92,0.168,97.1,8.63,45.3,5.73,21.0,2.53,16.2,0.25,2.92,0.055,2.73,47.0,30.3,0.38,626.0,1.04,1.485,19.9,19.65,360.0,24.5,137.0,0.01,1.14,8.19,0.5,2.18,215.0,1.85,0.04,16.25,0.422,0.61,2.63,62.7,1.915,27.1,66.1,103.0,22030555.59,35679.09977,208014.0,80.288884,35.87462,62.0,1.7546,245.0,0.0005,88.686149,30.992064,80.0,1.6035,246.0,0.0009,6.265808,27.928386,-11.0,12.9112,-41.0,0.022,16.854911,4.395422,16.0,65.4596,7.0,9.7682
40428219.0,49.99999964,0.0,0.0,0.0,0.0,0.0,0.0,0.0,0.0,0.0,-109.674667,32.34822656,0.108,6.53,7.61,590.0,1.8,0.551,2.09,0.164,114.0,15.55,90.8,6.05,37.3,6.36,17.55,0.19,2.99,0.081,2.2,55.7,26.3,0.7,910.0,1.18,1.71,21.5,29.7,890.0,24.6,113.0,0.005,2.26,16.0,0.3,3.04,234.0,1.57,0.08,21.2,0.879,0.523,2.93,188.5,3.28,41.1,96.8,89.3,12204517.88,27879.032,117137.0,151.682705,32.337036,143.0,1.94,246.0,0.0026,72.73094,28.239665,66.0,1.9018,2.0,0.0009,-89.897229,17.225165,-68.0,10.3931,-76.0,0.1755,7.848291,6.054154,16.0,34.7138,3.0,7.4429
40429165.0,43.68045102,28.1597738255,0.0,0.0,0.0,0.0,0.0,0.0,0.0,0.0,-109.7861159,32.35990071,0.123,6.73,6.06,700.0,2.25,0.454,0.97,0.277,86.7,10.95,41.8,6.87,31.0,2.88,17.1,0.24,3.05,0.06,2.75,41.8,34.9,0.46,766.0,1.05,1.39,18.05,19.15,480.0,27.3,143.5,0.005,1.53,10.15,0.6,2.27,213.0,1.19,0.04,15.25,0.469,0.657,2.69,69.5,2.71,28.6,84.1,105.5,918959.2171,7361.274068,8837.0,68.092,34.903437,47.0,2.6694,190.0,0.0226,94.198714,28.626887,107.0,1.5791,24.0,0.0113,-57.064683,6.872429,-62.0,47.606,-48.0,0.2636,16.0,0.0,16.0,100.0,16.0,100.0
40428222.0,0.0,49.999999925,0.0,0.0,0.0,0.0,0.0,0.0,0.0,0.0,-109.687905,32.34861176,0.147,6.45,6.55,680.0,1.6,0.403,1.6,0.156,91.2,12.1,74.2,7.63,36.6,4.8,15.95,0.14,3.44,0.053,2.45,44.5,30.9,0.6,811.0,1.14,1.63,19.15,23.8,610.0,24.6,118.0,0.005,1.82,10.15,0.6,2.52,285.0,1.4,0.14,16.05,0.763,0.599,3.06,151.0,2.51,27.8,89.1,112.5,7763935.149,22941.53751,74527.0,129.643042,29.636417,124.0,2.0855,34.0,0.0054,55.905484,23.151983,46.0,2.0381,160.0,0.0013,-56.03094,26.457738,-78.0,18.0681,-107.0,0.0234,12.871845,5.516788,16.0,75.6256,5.0,2.026
40429173.0,98.44570338,1.554297375,0.0,0.0,0.0,0.0,0.0,0.0,0.0,0.0,-112.45399,34.01381,0.044,8.89,556.0,960.0,5.05,1.445,2.6,0.055,144.5,16.1,54.2,49.5,67.2,6.58,23.2,0.35,1.025,0.082,1.97,62.5,65.8,0.53,1840.0,5.39,1.37,23.5,30.6,1100.0,25.9,137.0,0.01,1.32,23.7,0.7,2.52,589.0,2.94,0.16,17.5,0.504,0.822,1.84,144.5,19.75,52.7,114.5,30.9,340685.595,3496.105754,1762.0,160.839955,40.246043,130.0,1.2613,162.0,0.03,103.066027,27.641992,97.0,1.3437,32.0,0.0299,-139.780645,1.679611,-140.0,96.6276,-124.0,1.085,17.10416,2.551461,16.0,84.2263,23.0,15.7737
40429172.0,5.9253122146666675,43.93677094,0.0,12.174594898,0.0,0.0,0.0,13.93810289,0.0,0.0,-112.451232,34.016581,0.09,8.42,290.0,730.0,4.6,1.505,2.12,0.193,110.5,16.5,73.6,68.4,106.5,6.64,22.6,0.31,1.065,0.092,2.22,49.0,47.0,0.74,1130.0,4.28,1.405,17.65,33.5,1030.0,25.8,151.5,0.01,1.29,26.3,0.6,2.21,338.0,2.09,0.14,12.2,0.451,0.957,1.67,103.0,11.2,31.9,135.5,31.0,214229.7845,2519.914488,956.0,149.316946,38.862392,141.0,1.4238,109.0,0.0475,100.202914,35.897145,111.0,0.8588,13.0,0.0477,-140.0,0.0,-140.0,100.0,-140.0,100.0,16.0,0.0,16.0,100.0,16.0,100.0
40428254.0,66.25551695,0.0,0.0,16.504582155,0.0,0.0,0.0,0.0,0.735318784,0.0,-109.4664571,32.15999211,0.167,7.71,3.22,630.0,3.88,0.732,1.67,0.515,190.5,17.0,48.9,6.47,27.2,4.91,24.1,0.41,1.115,0.105,2.97,84.5,28.8,1.1,968.0,2.1,1.835,28.3,29.7,1940.0,49.3,213.0,0.02,0.77,18.05,0.8,6.25,201.0,1.93,0.06,45.2,0.648,0.842,7.05,91.2,6.17,105.0,134.0,30.5,2621736.244,9603.921765,20856.0,160.058257,40.967744,255.0,1.9525,79.0,0.004,174.481387,40.960924,255.0,2.4172,9.0,0.004,-152.066842,52.85279,-147.0,39.2405,-125.0,2.192,13.530113,4.513686,16.0,65.8192,23.0,3.7899
40428253.0,17.534536113333335,13.784615634,0.8503222,2.782315251,0.0,0.0,0.0,2.409907257,0.0,0.0,-109.4522967,32.1684637,0.12,5.62,5.95,401.0,2.25,0.556,8.06,0.557,82.9,9.39,42.0,8.99,32.0,2.75,15.0,0.25,1.435,0.062,1.92,39.8,34.1,2.64,562.0,1.62,0.826,15.2,20.7,910.0,32.7,130.0,0.03,0.86,10.15,0.6,3.03,192.5,1.06,0.08,15.9,0.383,0.592,2.8,63.5,2.77,39.7,115.5,53.5,4685200.777,16508.8479,26896.0,168.555473,47.994124,255.0,4.225,24.0,0.0022,139.534377,60.472667,255.0,1.3211,4.0,0.0222,-166.978363,52.435636,-125.0,20.2462,-218.0,0.0475,17.173664,2.676614,16.0,82.7158,7.0,0.2265
40428252.0,44.877805851999995,0.0,0.0,4.0740683665,0.0,0.0,0.0,1.0481258045000001,0.0,0.0,-109.4435538,32.16281614,0.088,6.8,4.47,560.0,2.77,0.529,3.85,0.28,137.5,13.85,33.8,6.29,26.3,4.3,19.55,0.34,1.64,0.095,2.45,63.1,33.0,1.06,756.0,1.9,1.42,20.9,19.2,1540.0,25.4,157.0,0.02,0.92,16.15,0.6,4.07,201.0,1.45,0.04,23.8,0.574,0.649,3.66,87.7,2.83,71.5,99.9,45.5,9340235.709,17152.55512,39249.0,186.659303,48.555179,255.0,6.1492,2.0,0.0011,117.0511,51.765732,255.0,0.4058,250.0,0.0145,-108.405442,114.950135,-241.0,12.4009,65.0,0.0065,10.559702,8.583744,3.0,39.3486,16.0,14.5755
40429175.0,100.0,0.0,0.0,0.0,0.0,0.0,0.0,0.0,0.0,0.0,-109.1764263,32.36055794,0.047,4.7,2.75,490.0,1.77,0.306,1.13,0.185,75.9,5.68,24.5,3.72,17.0,2.32,12.8,0.12,2.06,0.05,2.09,37.0,20.7,0.4,494.0,0.97,1.14,18.05,10.0,470.0,18.9,107.5,0.03,0.62,5.95,0.4,2.29,155.5,1.2,0.17,10.7,0.385,0.488,1.64,49.0,1.395,24.4,61.3,70.8,2916150.694,9398.000302,27876.0,118.993005,36.097088,112.0,1.8827,26.0,0.0071,54.383043,28.605378,52.0,1.6108,157.0,0.0036,-39.943226,28.749904,-24.0,32.6604,-125.0,0.7609,16.0,0.0,16.0,100.0,16.0,100.0
40428251.0,17.235891526666666,48.29232554,0.0,0.0,0.0,0.0,0.0,0.0,0.0,0.0,-109.6970609,32.22430008,0.22,7.09,6.59,680.0,1.98,0.843,2.11,0.222,96.7,12.95,105.5,5.09,38.1,4.94,17.6,0.28,2.22,0.08,2.29,49.8,30.8,0.84,759.0,1.09,1.715,18.35,33.0,640.0,31.2,107.0,0.01,1.5,13.3,0.4,2.28,376.0,1.21,0.05,14.35,0.573,0.488,2.49,132.0,4.04,31.4,85.3,83.0,3720769.032,12634.95799,30044.0,174.618892,50.09086,255.0,8.6451,19.0,0.0028,115.727109,40.352036,107.0,1.0044,1.0,0.0028,-70.34224,35.34675,-47.0,29.54,-148.0,0.5756,13.294174,3.621014,12.0,66.4505,5.0,5.1191
40428249.0,49.9999998,0.0,0.0,0.0,0.0,0.0,0.0,0.0,0.0,0.0,-109.7104663,32.24591416,0.099,6.06,6.33,530.0,2.12,0.402,2.2,0.299,90.4,9.69,44.1,5.82,22.0,2.81,14.8,0.25,2.23,0.063,2.21,45.5,27.8,0.55,578.0,0.91,1.09,16.95,19.05,440.0,29.2,120.0,0.01,0.99,10.6,0.5,2.26,170.5,1.2,0.04,15.2,0.475,0.536,2.58,69.0,3.87,31.2,69.6,80.1,1934341.771,8618.868097,16085.0,127.956854,47.917927,133.0,1.4528,217.0,0.0054,117.451742,35.853597,102.0,1.1148,9.0,0.0054,-39.628492,10.128778,-46.0,35.1298,-18.0,2.4074,14.643168,3.424519,16.0,86.4317,6.0,13.5683
40428277.0,99.99999995,0.0,0.0,0.0,0.0,0.0,0.0,0.0,0.0,0.0,-109.7415519,32.36267889,0.12,6.57,8.25,680.0,2.11,0.425,1.42,0.198,102.0,13.3,77.7,6.06,25.2,4.77,16.8,0.13,3.18,0.075,2.36,49.9,46.6,0.53,934.0,1.07,1.635,18.45,22.8,520.0,28.2,123.5,0.005,2.1,11.0,0.3,2.56,282.0,1.36,0.08,16.25,0.739,0.589,2.91,152.5,2.57,30.3,101.5,104.5,2031689.867,13000.10816,19530.0,125.311777,30.685562,112.0,2.3242,69.0,0.0102,73.47845,26.208677,65.0,1.646,3.0,0.0051,-61.596109,8.79227,-65.0,25.6008,-52.0,0.1244,5.0,0.0,5.0,100.0,5.0,100.0
40428278.0,0.871402677,3.841339999,0.0,0.0,0.0,0.0,95.28725699,0.0,0.0,0.0,-109.7371244,32.37294035,0.167,6.96,8.25,730.0,2.3,0.44,1.43,0.611,99.6,14.45,65.2,7.11,27.8,4.65,18.75,0.12,3.2,0.065,2.46,46.1,56.0,0.63,978.0,1.19,1.7,16.1,23.9,580.0,32.7,134.0,0.005,2.03,11.15,0.4,2.31,297.0,1.17,0.08,19.25,0.64,0.7,2.89,154.5,2.51,27.8,119.0,107.5,1883907.647,7821.044668,18176.0,132.295224,29.047794,140.0,2.9596,240.0,0.022,72.646163,19.376177,78.0,2.0907,14.0,0.0055,-52.797899,5.032659,-53.0,45.958,-41.0,0.0054,5.535935,2.368133,5.0,95.1279,16.0,4.8721
40428138.0,49.69162198,50.30837831,0.0,0.0,0.0,0.0,0.0,0.0,0.0,0.0,-109.1481529,32.35383041,0.028,6.98,4.14,1090.0,2.52,0.218,3.7,0.191,114.0,8.79,17.4,3.58,11.15,2.47,19.95,0.17,3.29,0.052,3.56,48.0,27.8,0.43,791.0,1.05,2.18,21.3,12.3,660.0,32.0,140.5,0.01,0.45,5.73,0.4,2.81,336.0,1.32,0.07,13.95,0.397,0.594,1.84,56.6,1.41,30.5,66.4,107.0,2001110.834,9021.102167,19250.0,111.66561,27.909571,109.0,2.4283,214.0,0.0052,39.231209,23.443616,1.0,3.4443,136.0,0.0052,28.840751,36.453959,3.0,32.8523,-69.0,2.0811,16.0,0.0,16.0,100.0,16.0,100.0
40428139.0,100.0,0.0,0.0,0.0,0.0,0.0,0.0,0.0,0.0,0.0,-109.1576713,32.37267641,0.035,7.41,3.39,1070.0,2.8,0.238,3.07,0.208,144.0,9.78,22.5,3.74,14.75,2.44,20.7,0.19,3.55,0.052,3.4,58.0,29.6,0.46,912.0,1.02,2.17,21.2,13.8,810.0,34.0,147.0,0.01,0.44,6.7,0.5,2.73,306.0,1.34,0.08,15.35,0.389,0.54,1.96,55.5,1.535,35.1,67.2,123.5,2262442.652,11614.79286,21234.0,128.557549,38.443603,127.0,1.8204,55.0,0.0046,48.526204,29.468539,1.0,1.655,163.0,0.0046,31.7138,63.138807,22.0,34.1659,145.0,5.3355,16.0,0.0,16.0,100.0,16.0,100.0
40428135.0,100.0,0.0,0.0,0.0,0.0,0.0,0.0,0.0,0.0,0.0,-109.130722,32.3489591,0.06,6.77,3.23,720.0,2.24,0.447,1.52,0.161,103.0,9.18,47.7,5.67,22.0,3.28,16.8,0.15,3.86,0.064,2.59,51.4,25.8,0.51,789.0,1.21,1.62,23.0,18.75,480.0,24.2,142.0,0.01,0.69,8.75,0.5,2.81,288.0,1.57,0.05,17.3,0.553,0.583,3.0,78.7,1.81,33.9,81.0,121.5,14707086.33,22407.25672,122041.0,133.389672,43.826995,145.0,0.9516,9.0,0.0007,53.73085,33.731749,1.0,3.3549,234.0,0.0007,178.889093,60.294524,197.0,7.8893,180.0,0.0358,17.773068,3.773511,16.0,68.2137,5.0,2.5109
40428137.0,100.0,0.0,0.0,0.0,0.0,0.0,0.0,0.0,0.0,0.0,-109.1552734,32.33451926,0.053,6.59,4.37,700.0,2.56,0.5,2.0,0.205,129.5,13.3,79.0,4.89,25.9,5.45,19.75,0.19,3.98,0.084,2.6,68.0,29.8,0.59,1105.0,2.17,1.58,38.2,27.1,650.0,27.1,135.5,0.02,0.92,12.05,0.4,4.8,292.0,2.31,0.05,27.1,0.974,0.575,3.47,142.5,2.3,41.4,120.5,133.0,5545452.223,16744.34193,53180.0,121.158876,30.462418,134.0,2.0641,248.0,0.0056,31.703978,23.436582,1.0,6.8385,135.0,0.0019,34.968152,90.577528,-28.0,20.5302,223.0,0.0018,16.0,0.0,16.0,100.0,16.0,100.0
40428136.0,100.0,0.0,0.0,0.0,0.0,0.0,0.0,0.0,0.0,0.0,-109.1888802,32.34411013,0.033,6.85,4.56,860.0,2.59,0.43,1.4,0.195,181.0,14.5,59.0,3.97,17.05,6.9,21.4,0.26,3.99,0.109,3.18,90.0,23.9,0.4,1355.0,2.71,1.945,53.3,18.25,830.0,33.1,159.5,0.01,0.91,10.9,0.5,5.8,231.0,3.17,0.1,28.7,1.245,0.63,3.26,167.5,2.37,50.5,145.0,125.5,5955506.897,17676.98444,57185.0,106.422733,26.130542,108.0,2.3164,24.0,0.0035,39.779788,21.620022,41.0,2.1298,119.0,0.0017,-84.967459,45.86311,-83.0,18.1466,-144.0,0.2722,16.0,0.0,16.0,100.0,16.0,100.0
40428279.0,99.99999959,0.0,0.0,0.0,0.0,0.0,0.0,0.0,0.0,0.0,-109.7419411,32.41232935,0.095,6.51,8.68,730.0,2.77,0.39,1.57,0.148,103.0,13.35,48.5,8.83,23.8,3.88,17.15,0.12,4.28,0.068,2.45,46.9,41.3,0.66,806.0,1.09,1.21,21.5,19.4,480.0,27.8,137.0,0.005,1.37,8.44,0.7,2.6,361.0,1.49,0.18,18.95,0.631,0.686,3.29,116.0,2.13,29.4,85.4,142.5,6300778.421,25808.80258,53319.0,125.688554,42.350266,135.0,1.1543,246.0,0.0082,116.146797,35.05338,102.0,1.2221,15.0,0.0016,30.513811,54.681995,49.0,15.9241,206.0,0.0176,12.66834,6.647573,7.0,54.5915,23.0,22.594
40428276.0,88.24414761,0.0,0.0,0.0,11.75585228,0.0,0.0,0.0,0.0,0.0,-109.7349377,32.39027933,0.142,6.37,6.81,700.0,2.35,0.388,1.36,0.16,99.3,12.65,62.2,7.38,23.7,4.29,16.65,0.11,4.31,0.061,2.47,46.8,47.5,0.55,815.0,1.15,1.55,21.4,19.3,600.0,29.3,134.5,0.005,1.83,9.86,0.4,2.42,296.0,1.53,0.17,17.25,0.739,0.637,3.45,139.0,2.19,30.5,92.8,136.0,2583291.828,12097.2951,24886.0,119.754762,32.207363,117.0,2.4386,203.0,0.004,89.841482,23.0525,82.0,2.1929,8.0,0.004,-63.425578,12.145137,-66.0,31.2781,-55.0,0.0235,14.119002,8.375656,5.0,43.8671,16.0,14.0704
40429174.0,16.271280211333337,13.762571115,0.0,1.850600667,0.169002629,0.0,19.79081326,0.0,0.0,0.0,-109.1772869,32.37247231,0.021,7.72,2.44,1100.0,2.3,0.193,2.28,0.169,134.5,10.85,16.0,2.73,10.8,3.31,21.8,0.16,4.77,0.06,3.47,55.8,21.0,0.49,904.0,1.04,2.44,21.7,11.9,1220.0,31.0,132.0,0.02,0.32,6.75,0.2,2.61,353.0,1.26,0.05,12.7,0.517,0.474,1.91,70.4,1.08,33.4,78.8,167.5,16183012.94,31881.39462,145593.0,131.472372,38.942369,106.0,1.317,29.0,0.0032,50.537466,30.845515,36.0,1.7078,250.0,0.0006,70.929274,100.676318,156.0,7.0832,206.0,0.0113,11.377893,6.07691,16.0,48.3061,23.0,5.9123
40428281.0,99.99999997,0.0,0.0,0.0,0.0,0.0,0.0,0.0,0.0,0.0,-109.9378852,32.63814075,0.067,7.34,1.18,460.0,3.29,3.46,2.43,0.151,208.0,15.6,66.1,3.91,18.85,4.34,20.5,0.24,0.68,0.1,2.51,98.9,25.5,1.02,896.0,0.86,2.35,26.0,29.4,860.0,27.5,141.5,0.005,0.28,20.2,0.9,4.92,226.0,3.26,0.11,57.5,0.674,0.542,9.48,106.0,7.01,94.0,76.5,16.5,2949861.125,11256.3405,3501.0,189.018566,41.58833,255.0,0.9575,74.0,0.0035,176.010306,49.612606,255.0,1.9807,66.0,0.0035,-156.529653,23.43162,-185.0,31.5287,-115.0,0.0821,26.047614,2.793351,25.0,79.4376,21.0,3.5614
40428282.0,15.77132062,33.33527652,0.0,0.0,10.76303692,0.0,6.783282533,0.011807032,0.0,0.0,-109.8975583,32.59779685,0.062,7.46,1.81,510.0,3.97,1.285,3.61,0.179,159.5,18.55,96.5,5.59,26.6,4.5,21.7,0.21,1.315,0.13,1.86,71.3,35.1,1.39,918.0,1.21,2.2,27.2,45.3,2370.0,25.5,127.5,0.005,0.5,25.5,0.6,6.18,353.0,2.04,0.05,24.1,0.774,0.56,7.49,120.5,3.76,104.0,81.6,30.4,3641288.368,12385.36688,13169.0,218.487129,31.075036,255.0,7.9626,120.0,0.0028,211.152243,45.881985,255.0,10.1731,31.0,0.0028,61.50416,66.519484,30.0,28.3226,-87.0,0.0055,2.090069,0.628339,2.0,97.9615,7.0,0.8529
40428283.0,0.0,100.0,0.0,0.0,0.0,0.0,0.0,0.0,0.0,0.0,-109.8735542,32.59550159,0.024,7.65,2.87,412.0,6.46,0.693,2.1,0.153,284.0,16.6,80.5,4.71,23.5,4.97,26.1,0.32,1.62,0.152,2.0,120.0,52.9,1.03,917.0,2.64,2.36,43.9,36.1,1910.0,33.7,170.0,0.005,0.63,19.15,0.7,10.1,172.5,3.76,0.02,76.8,0.716,0.731,10.45,99.0,3.01,150.0,99.7,45.4,10159453.32,18977.09245,4686.0,208.89458,40.184041,255.0,1.1897,90.0,0.001,140.633095,46.474015,255.0,0.0581,7.0,0.001,153.072689,80.860877,79.0,11.1698,277.0,0.0756,8.33892,5.57271,6.0,69.5181,7.0,3.8536
40428284.0,50.000000182,0.0,0.0,0.0,0.0,0.0,0.0,0.0,0.0,0.0,-109.8398165,32.58639977,0.039,8.24,2.84,550.0,8.03,0.852,1.83,0.183,318.0,16.85,90.2,7.51,31.6,4.47,27.0,0.3,1.855,0.127,2.68,131.0,48.2,1.0,969.0,2.89,2.36,39.6,39.5,1770.0,42.9,238.0,0.01,0.64,18.1,1.0,11.95,231.0,3.25,0.04,97.8,0.64,1.005,11.15,91.9,4.55,134.0,114.5,56.1,4134135.475,14605.44761,624.0,187.105769,35.763356,255.0,0.1362,95.0,0.0037,140.65016,45.512811,146.0,0.0589,5.0,0.0037,198.546501,80.380935,114.0,23.4972,288.0,0.0269,8.396309,5.057195,6.0,51.5221,3.0,18.8575
40428256.0,100.0,0.0,0.0,0.0,0.0,0.0,0.0,0.0,0.0,0.0,-109.3118902,32.09857523,0.048,6.95,6.46,560.0,1.57,0.406,3.01,0.224,63.6,12.05,51.2,7.0,20.2,3.78,16.1,0.2,2.06,0.062,2.16,31.3,25.2,0.81,617.0,1.88,1.66,13.4,24.3,600.0,31.3,109.0,0.05,1.29,11.4,0.6,2.3,315.0,0.9,0.12,8.37,0.448,0.533,2.16,89.3,1.76,22.6,74.7,72.7,17147795.39,22684.78344,46985.0,177.748303,56.622542,255.0,4.5627,24.0,0.0006,52.293521,35.27944,1.0,1.8278,192.0,0.0006,-136.566497,73.523431,-190.0,13.2645,133.0,0.1027,7.355207,4.51942,11.0,37.9736,3.0,0.7085
40428255.0,40.677602877,9.3223970705,0.0,0.0,0.0,0.0,0.0,0.0,0.0,0.0,-109.3001918,32.10749554,0.077,5.3,8.73,401.0,1.69,0.367,5.42,0.294,68.0,7.27,41.8,9.06,21.3,2.16,12.65,0.22,2.54,0.049,1.93,35.2,32.8,1.01,504.0,1.37,0.863,15.45,16.85,450.0,18.45,108.0,0.02,1.05,7.19,0.7,2.05,173.0,1.04,0.04,10.2,0.362,0.521,2.94,53.7,1.78,21.1,58.4,87.6,5996534.258,14693.04275,27868.0,171.778671,46.98683,255.0,3.0624,4.0,0.0017,47.855095,38.937388,1.0,3.7859,174.0,0.0017,-134.248666,53.858477,-137.0,18.9522,24.0,0.0658,11.407359,3.267848,14.0,53.6732,11.0,22.2701
40429178.0,49.99999986499999,0.0,0.0,0.0,0.0,0.0,0.0,0.0,0.0,0.0,-109.0694399,32.25636476,0.082,6.95,5.8,630.0,2.13,0.457,2.53,0.234,86.9,12.2,59.2,7.15,24.8,3.61,18.25,0.13,3.28,0.059,2.53,41.6,36.0,0.78,777.0,1.3,1.675,20.2,24.5,550.0,27.8,127.0,0.02,1.26,9.24,0.4,2.48,263.0,1.44,0.07,14.75,0.467,0.639,3.04,88.4,2.11,26.0,79.4,104.0,1996557.933,7559.543128,19216.0,100.976894,39.294855,70.0,1.8109,211.0,0.0156,3.880154,10.489176,1.0,83.6166,58.0,0.0052,-52.147586,18.886751,-29.0,36.1527,-48.0,12.2811,21.096645,3.114599,23.0,72.8092,16.0,27.1908
40429177.0,100.0,0.0,0.0,0.0,0.0,0.0,0.0,0.0,0.0,0.0,-109.0872598,32.26707147,0.052,7.27,6.3,640.0,1.7,0.334,3.08,0.178,79.7,14.25,63.0,6.79,29.6,4.3,18.4,0.14,3.37,0.052,2.01,38.4,29.3,1.09,705.0,1.01,1.755,16.5,21.7,1010.0,19.3,99.7,0.02,0.62,12.2,0.4,2.02,361.0,1.15,0.06,10.7,0.592,0.541,2.67,120.0,1.64,25.5,80.2,110.5,371049.2444,3119.230338,3589.0,68.312065,23.37666,66.0,3.032,19.0,0.1669,46.200789,21.921571,40.0,2.5028,108.0,0.0281,-53.710541,7.244862,-47.0,52.1846,-41.0,0.5735,16.0,0.0,16.0,100.0,16.0,100.0
40429181.0,100.0,0.0,0.0,0.0,0.0,0.0,0.0,0.0,0.0,0.0,-109.0432946,32.23789733,1.995,6.96,4.81,620.0,2.26,0.399,1.32,0.162,103.0,9.78,49.7,8.8,17.95,2.95,17.6,0.14,3.64,0.05,2.98,48.3,36.3,0.57,767.0,1.52,1.71,26.0,21.0,460.0,28.9,165.0,0.02,1.45,7.17,0.4,2.45,196.5,1.76,0.09,20.1,0.461,0.835,3.41,76.1,2.13,26.1,69.4,106.0,7181550.62,16297.69453,68520.0,87.152452,39.156778,97.0,1.4441,248.0,0.0058,17.32143,24.15196,1.0,38.2244,146.0,0.0014,18.073504,64.308123,-84.0,20.4953,-48.0,0.0141,21.261461,3.024443,23.0,75.1637,16.0,24.8363
40429176.0,0.0,31.17404956,0.0,0.0,0.0,0.0,0.0,58.88754865,0.0,0.0,-109.0556238,32.25622675,0.067,6.8,6.88,660.0,1.83,0.369,2.71,0.173,86.8,12.8,67.4,6.84,26.4,4.19,17.65,0.15,3.69,0.059,2.21,43.4,29.1,0.92,685.0,1.14,1.695,20.2,21.6,820.0,21.1,114.0,0.03,0.9,11.45,0.4,2.51,315.0,1.46,0.08,12.8,0.619,0.599,2.87,115.5,1.84,26.8,80.3,116.5,3460400.666,11109.04076,33209.0,101.240326,43.879286,94.0,1.6152,7.0,0.018,11.260216,18.434643,1.0,55.2515,102.0,0.003,24.804313,37.808217,7.0,29.6753,-3.0,0.0293,23.0,0.0,23.0,100.0,23.0,100.0
40429182.0,0.0,100.0,0.0,0.0,0.0,0.0,0.0,0.0,0.0,0.0,-109.0741221,32.27048366,0.108,7.01,9.55,770.0,1.86,0.379,3.17,0.173,102.5,15.75,73.0,6.56,23.3,4.79,18.35,0.16,3.86,0.065,2.27,49.6,30.0,1.09,911.0,1.32,1.865,23.1,26.8,940.0,22.9,113.0,0.03,1.04,12.6,0.6,2.56,348.0,1.56,0.18,13.15,0.697,0.66,3.1,135.0,1.78,29.7,91.2,128.0,18913884.97,32409.63365,181304.0,111.591642,40.885691,115.0,1.2828,5.0,0.0033,19.456243,23.791145,1.0,36.4231,149.0,0.0005,-56.526284,73.700816,-58.0,6.1357,-141.0,0.0252,19.018367,3.466703,16.0,56.8805,23.0,43.1195
40429183.0,15.596333813000001,68.80733287,0.0,0.0,0.0,0.0,0.0,0.0,0.0,0.0,-109.1006734,32.29212921,0.05,7.36,6.57,630.0,2.04,0.354,3.11,0.239,102.5,22.1,112.0,9.61,29.2,7.41,21.1,0.15,4.39,0.072,1.78,49.8,30.3,1.04,1290.0,1.05,1.755,19.35,29.4,1150.0,21.8,95.3,0.02,0.62,14.35,0.5,2.89,426.0,1.28,0.02,16.7,0.985,0.5,3.14,226.0,1.77,32.9,161.5,153.0,10643326.08,22873.82891,98478.0,102.39817,44.554838,71.0,1.4973,235.0,0.0049,27.353233,29.902011,1.0,23.3543,169.0,0.001,75.191684,40.201636,64.0,10.7986,67.0,0.0752,16.698838,2.098449,16.0,90.0166,23.0,9.9834
40429179.0,100.0,0.0,0.0,0.0,0.0,0.0,0.0,0.0,0.0,0.0,-109.05562,32.25623,3.15,7.15,6.16,600.0,2.32,0.457,1.84,0.335,97.4,12.35,62.8,9.74,29.3,3.56,18.8,0.15,3.6,0.069,2.73,45.5,38.1,0.76,877.0,1.36,1.695,23.9,22.8,540.0,45.4,157.0,0.04,1.75,9.46,0.5,2.79,255.0,1.69,0.04,14.95,0.529,0.851,3.19,91.4,2.76,26.9,96.6,109.5,,,,,,,,,,,,,,,,,,,,,,,,,,,
40428288.0,100.0,0.0,0.0,0.0,0.0,0.0,0.0,0.0,0.0,0.0,-109.7548566,32.54209135,0.03,7.5,2.98,490.0,3.81,0.776,1.43,0.152,161.0,11.4,38.5,6.36,19.8,3.82,20.8,0.18,1.365,0.077,3.12,71.1,27.1,0.56,737.0,1.6,2.35,36.9,18.15,810.0,28.5,218.0,0.005,0.6,13.1,0.8,6.89,131.5,3.13,0.02,43.4,0.612,0.797,7.22,81.9,5.48,82.1,73.4,34.5,6426608.377,15448.11094,38811.0,196.969236,45.002878,255.0,10.7647,63.0,0.0064,67.59336,37.570455,1.0,1.4501,203.0,0.0016,44.286741,75.697376,-23.0,17.6703,-87.0,0.3649,23.0,0.0,23.0,100.0,23.0,100.0
40428285.0,100.0,0.0,0.0,0.0,0.0,0.0,0.0,0.0,0.0,0.0,-109.8091297,32.57819317,0.063,7.52,3.77,447.0,5.06,0.755,1.97,0.317,403.0,14.15,51.5,6.64,36.8,4.63,25.5,0.42,1.435,0.192,2.32,173.5,45.9,0.74,1035.0,3.42,1.88,52.6,25.9,2110.0,50.6,214.0,0.03,0.66,20.7,1.0,9.86,170.5,3.89,0.06,106.0,0.786,0.909,16.45,76.0,2.67,177.5,131.5,42.5,6219103.26,16541.31391,520.0,188.957692,36.294338,255.0,0.0759,109.0,0.0025,120.623327,35.482816,118.0,0.0354,13.0,0.0025,176.510158,63.931049,230.0,18.2477,36.0,0.151,6.186071,5.549125,3.0,74.5781,7.0,1.3197
40428286.0,100.0000003,0.0,0.0,0.0,0.0,0.0,0.0,0.0,0.0,0.0,-109.8041071,32.56503111,0.02,7.54,2.88,430.0,7.98,1.375,1.73,0.179,299.0,12.25,68.7,7.73,21.6,5.12,25.7,0.33,1.96,0.145,2.48,119.0,40.5,0.71,843.0,1.85,2.46,54.0,24.9,1850.0,44.5,233.0,0.005,0.59,17.0,1.0,12.65,182.5,4.91,0.05,160.0,0.666,0.949,19.3,94.3,3.92,176.5,106.0,56.5,22291295.08,32465.51797,46639.0,196.735929,39.064428,255.0,2.3045,1.0,0.0005,124.677042,38.451473,107.0,0.2622,3.0,0.0005,29.761719,125.00936,-76.0,5.1395,-56.0,0.0798,14.666471,3.881188,16.0,89.3621,6.0,1.6465
40428226.0,100.0,0.0,0.0,0.0,0.0,0.0,0.0,0.0,0.0,0.0,-109.7780629,32.38262548,0.093,7.09,6.89,790.0,2.19,0.358,1.28,0.148,96.6,13.4,45.5,6.9,19.85,3.6,17.75,0.17,3.39,0.054,2.78,45.3,32.7,0.52,990.0,1.39,1.775,20.3,19.1,500.0,31.4,139.5,0.01,1.52,8.71,0.6,2.47,386.0,1.39,0.13,19.75,0.611,0.73,3.01,113.0,2.16,28.6,86.8,119.5,3576193.357,16653.14304,34314.0,122.894183,38.43932,117.0,1.8689,220.0,0.0116,90.148205,26.106413,77.0,1.6915,204.0,0.0029,-40.540723,9.680636,-41.0,28.331,6.0,0.0424,15.17017,7.418198,23.0,36.9763,5.0,31.0743
40429185.0,99.99999999,0.0,0.0,0.0,0.0,0.0,0.0,0.0,0.0,0.0,-109.1400408,32.31362251,0.093,7.0,5.27,640.0,2.1,0.422,2.03,0.261,103.5,10.8,48.9,6.07,29.2,3.99,18.3,0.16,3.75,0.07,2.77,50.6,33.8,0.77,805.0,1.76,1.605,23.3,16.7,670.0,25.0,148.5,0.03,1.13,11.25,0.4,3.0,277.0,1.66,0.06,16.95,0.621,0.801,3.12,99.2,2.34,32.6,84.6,113.5,3516455.706,13942.63219,33648.0,82.859011,41.174744,55.0,1.9682,221.0,0.0148,42.692753,25.630935,42.0,2.136,153.0,0.003,19.820736,33.917072,-3.0,27.6979,7.0,0.1268,16.0,0.0,16.0,100.0,16.0,100.0
40428228.0,50.00000002,0.0,0.0,0.0,0.0,0.0,0.0,0.0,0.0,0.0,-109.8160846,32.40243535,0.084,7.28,6.25,590.0,3.06,0.303,1.02,0.169,99.8,10.8,51.3,9.99,22.5,2.9,19.3,0.16,4.02,0.046,2.84,51.3,36.0,0.49,832.0,1.08,1.44,24.3,21.9,430.0,26.7,163.5,0.01,1.15,9.03,0.5,2.82,269.0,1.68,0.05,20.7,0.467,0.739,3.51,70.4,2.61,32.5,78.7,135.0,3543238.882,15729.83326,34007.0,77.3988,29.873442,63.0,2.1061,162.0,0.0029,90.468033,27.382378,84.0,1.7601,2.0,0.0029,-2.419589,29.299686,-27.0,30.8212,6.0,0.8811,18.187641,3.244644,16.0,68.748,23.0,31.252
40428227.0,100.0,0.0,0.0,0.0,0.0,0.0,0.0,0.0,0.0,0.0,-109.7817993,32.40234164,0.104,6.72,7.37,770.0,2.17,0.373,1.22,0.16,131.0,14.1,101.5,5.48,24.6,4.02,17.15,0.2,4.04,0.055,2.58,67.2,30.6,0.41,930.0,1.21,1.69,24.3,23.5,370.0,29.8,131.5,0.01,1.28,9.81,0.5,2.67,309.0,1.66,0.08,19.45,0.715,0.642,3.42,124.0,2.33,33.7,84.7,144.5,2554976.282,10126.82701,24534.0,102.708486,31.07899,91.0,2.6456,21.0,0.0122,111.793992,41.442058,85.0,1.6255,33.0,0.0041,-21.179579,7.44538,-25.0,38.3904,-9.0,8.3603,18.362258,3.309916,16.0,66.2535,23.0,33.7465
40428291.0,48.926099434,0.0,0.0,0.0,0.0,0.0,0.0,2.147800986,0.0,0.0,-109.7693312,32.54993979,0.039,7.49,5.63,510.0,4.52,1.275,2.03,0.179,276.0,12.15,75.5,8.37,35.4,4.69,22.7,0.29,4.15,0.152,2.76,135.0,42.6,0.84,904.0,2.72,2.5,59.7,43.2,1180.0,34.0,174.0,0.005,1.74,14.95,0.8,7.48,244.0,4.29,0.08,77.8,0.761,0.71,9.56,108.0,4.58,95.8,108.5,105.0,21677924.97,27756.32209,122794.0,176.010546,49.391126,255.0,4.7678,41.0,0.001,80.962979,46.01432,57.0,0.6447,253.0,0.0053,36.157543,96.288506,132.0,6.8118,131.0,0.021,16.911859,3.41988,16.0,77.221,7.0,4.2667
40429186.0,22.9261705975,1.7661507964999998,0.0,2.381507947,0.0,0.0,0.0,0.0,0.0,0.0,-109.1459407,32.32657615,0.063,6.72,3.6,690.0,2.69,0.491,1.82,0.206,103.0,7.95,42.2,6.9,17.75,3.16,17.9,0.17,4.16,0.071,2.84,48.9,31.8,0.55,745.0,1.44,1.595,26.5,16.0,470.0,27.1,152.0,0.02,0.84,8.46,0.5,3.26,257.0,1.75,0.05,22.9,0.52,0.715,3.79,71.3,1.98,33.9,78.1,129.0,3340707.609,10569.69602,31913.0,104.404005,29.94223,99.0,2.6762,184.0,0.0062,29.308836,19.30839,1.0,4.778,108.0,0.0031,35.152737,81.34261,53.0,34.3955,235.0,0.4158,16.0,0.0,16.0,100.0,16.0,100.0
40428225.0,99.99999999,0.0,0.0,0.0,0.0,0.0,0.0,0.0,0.0,0.0,-109.7620596,32.41462067,0.068,7.06,6.86,770.0,2.55,0.372,1.29,0.134,112.5,12.1,38.5,8.66,17.7,3.06,18.6,0.15,4.19,0.058,2.86,50.1,28.9,0.52,887.0,1.2,1.385,23.6,17.85,330.0,31.5,149.5,0.01,0.9,7.46,0.6,2.68,436.0,1.65,0.31,22.5,0.494,0.772,3.37,82.6,1.94,29.6,73.9,142.5,2877008.056,11505.76449,27011.0,111.602754,35.102487,102.0,2.1574,249.0,0.0036,115.454421,36.612536,104.0,1.2909,4.0,0.0036,-11.843999,24.554364,-25.0,27.1492,-44.0,1.699,17.667051,7.542336,23.0,66.6691,7.0,33.3309
40429187.0,0.0,100.0,0.0,0.0,0.0,0.0,0.0,0.0,0.0,0.0,-109.2395515,32.39448767,0.077,7.17,4.27,820.0,2.47,0.447,1.83,0.301,114.5,10.85,45.5,6.41,29.7,4.91,20.5,0.18,4.33,0.093,2.86,55.4,33.3,0.65,924.0,1.87,1.735,29.6,15.5,820.0,27.7,139.0,0.03,1.04,10.8,0.5,4.24,296.0,1.79,0.06,15.9,0.837,0.612,2.66,107.5,2.04,35.0,116.5,144.5,712172.0736,6217.307864,6810.0,96.220264,23.958823,80.0,4.1174,25.0,0.0584,38.82055,24.291579,29.0,4.1285,96.0,0.0145,-57.681644,31.460257,-49.0,67.4392,-213.0,0.8247,5.391614,0.793642,5.0,80.4193,7.0,19.5807
40429188.0,44.20701272,27.896493925,0.0,0.0,0.0,0.0,0.0,0.0,0.0,0.0,-109.1988366,32.42171159,0.054,7.41,2.56,920.0,2.54,0.268,1.78,0.168,103.0,8.14,26.4,3.85,16.65,3.2,19.05,0.15,4.48,0.074,3.03,48.9,26.4,0.49,734.0,1.17,2.17,23.0,10.9,830.0,24.1,135.5,0.02,0.6,7.82,0.4,2.81,330.0,1.38,0.02,12.5,0.555,0.523,2.31,64.7,1.44,31.1,79.3,152.0,3495057.119,10117.26519,32986.0,127.976293,42.212703,100.0,1.4226,38.0,0.0089,68.650379,30.884404,56.0,1.545,190.0,0.003,-224.066883,35.349227,-263.0,32.882,-91.0,1.5655,14.582774,3.278186,16.0,84.253,7.0,15.747
40429191.0,100.0,0.0,0.0,0.0,0.0,0.0,0.0,0.0,0.0,0.0,-109.1785633,32.41413942,0.06,7.46,3.07,910.0,2.54,0.285,1.77,0.235,112.0,8.83,26.3,4.76,21.0,2.93,19.95,0.17,4.74,0.055,3.03,52.2,30.1,0.56,797.0,1.15,1.98,21.5,12.6,870.0,26.5,144.5,0.02,0.66,8.58,0.3,2.62,309.0,1.41,0.02,13.6,0.483,0.59,2.49,57.8,1.615,32.1,83.9,163.0,14420603.08,23972.47978,130017.0,117.410823,37.867936,99.0,1.5628,5.0,0.0014,68.540679,37.742297,61.0,1.2274,235.0,0.0007,-240.605413,57.089508,-289.0,15.8653,-200.0,0.1595,8.476741,4.543647,7.0,51.9205,23.0,0.7395
40428287.0,81.06913963,18.93086035,0.0,0.0,0.0,0.0,0.0,0.0,0.0,0.0,-109.7555234,32.57320686,0.014,7.7,5.31,560.0,4.05,1.03,2.37,0.16,295.0,13.9,56.5,8.14,42.9,5.63,24.2,0.29,5.41,0.143,2.83,139.0,42.1,0.68,996.0,3.33,2.4,68.4,35.9,1420.0,31.3,181.0,0.005,1.87,15.25,0.7,7.87,307.0,4.8,0.07,110.0,0.899,0.684,13.85,128.0,5.87,104.0,119.0,144.5,24733610.22,37832.66789,179670.0,176.203328,40.683988,255.0,3.686,7.0,0.0004,145.593466,58.732186,255.0,4.6674,2.0,0.0059,-64.421213,56.13883,-83.0,8.1866,-78.0,0.0045,18.494548,3.352472,16.0,64.3636,23.0,35.6364
40429189.0,100.0,0.0,0.0,0.0,0.0,0.0,0.0,0.0,0.0,0.0,-109.2294551,32.41996317,0.044,7.39,3.51,1060.0,2.54,0.317,3.33,0.245,117.0,7.98,25.3,5.17,15.7,3.06,20.6,0.18,4.0,0.064,3.19,51.9,49.3,0.57,877.0,1.16,2.01,22.6,13.25,650.0,31.6,133.5,0.02,0.64,7.97,0.4,2.96,330.0,1.4,0.04,14.65,0.477,0.568,2.42,54.6,1.495,32.2,87.9,123.5,1160493.658,5731.330962,9755.0,128.406151,41.428281,106.0,1.7315,7.0,0.0089,63.680346,38.081937,52.0,1.4429,152.0,0.009,-176.572663,103.579356,-254.0,57.7551,-41.0,0.4277,7.0,0.0,7.0,100.0,7.0,100.0
40428289.0,24.09083441,75.90916603,0.0,0.0,0.0,0.0,0.0,0.0,0.0,0.0,-109.8863291,32.56847193,0.034,7.6,2.87,490.0,4.09,0.649,1.45,0.184,164.0,11.9,43.9,6.64,22.3,3.96,21.3,0.19,1.54,0.102,3.02,74.6,29.5,0.58,761.0,1.74,2.33,33.0,19.9,830.0,28.6,216.0,0.005,0.68,13.55,0.6,6.53,140.5,3.02,0.05,42.7,0.622,0.795,7.01,87.2,5.74,79.1,76.2,40.3,7128364.444,16129.60638,44769.0,169.668945,39.965202,255.0,2.8937,29.0,0.0087,160.042024,42.592768,255.0,1.5406,2.0,0.0015,-43.270097,67.966197,-49.0,16.2234,24.0,0.0113,11.417195,4.501112,7.0,50.7327,6.0,0.1686
40428292.0,22.89226503,7.547118748666667,0.0,6.538236124,0.313491936,0.0,0.0,7.434942677,2.604341606,0.0,-109.9057969,32.55630727,0.064,7.8,3.08,500.0,4.14,0.781,1.91,0.174,216.0,12.05,65.4,6.75,26.6,4.2,23.2,0.24,1.795,0.132,2.49,96.3,34.5,0.67,828.0,1.98,2.28,34.5,25.3,1420.0,29.0,188.5,0.005,0.76,17.0,0.7,7.05,191.5,2.61,0.04,52.0,0.692,0.793,7.21,85.2,3.07,113.0,93.7,56.9,1155785.915,9250.641401,10678.0,140.448773,32.436275,151.0,1.8108,209.0,0.0269,146.510485,37.677637,126.0,1.1828,45.0,0.009,-211.727455,20.088015,-227.0,31.2876,-240.0,0.2619,11.429045,4.503381,7.0,50.5913,5.0,0.1613
40428232.0,49.99999998,0.0,0.0,0.0,0.0,0.0,0.0,0.0,0.0,0.0,-109.8692167,32.48625153,0.111,7.47,4.99,600.0,2.59,0.754,0.78,0.336,116.0,6.72,28.5,6.25,20.1,2.19,17.95,0.25,1.85,0.063,3.11,50.5,23.1,0.28,652.0,1.26,2.23,21.6,13.0,360.0,42.0,164.0,0.01,1.04,8.71,0.5,2.97,127.0,1.66,0.05,34.6,0.381,0.655,3.74,45.6,3.23,47.6,91.5,64.0,756.609481,110.402587,43.0,73.372093,22.199962,98.0,25.5814,72.0,4.6512,85.095238,14.076,87.0,7.1429,56.0,2.381,-151.0,0.0,-151.0,100.0,-151.0,100.0,4.0,0.0,4.0,100.0,4.0,100.0
40428231.0,11.318531400333335,23.708578095,0.0,0.5037633885,9.385595644,0.0,8.234127182,0.0,0.0,0.0,-109.865677,32.48024954,0.072,7.82,6.2,680.0,2.85,1.305,0.97,0.186,122.0,9.42,30.4,8.21,20.5,2.39,20.7,0.2,1.94,0.068,3.36,53.8,29.1,0.34,840.0,1.38,2.28,25.0,17.75,400.0,33.0,203.0,0.01,1.31,9.87,0.8,3.76,175.0,2.67,0.06,29.5,0.432,0.936,4.54,54.9,3.14,47.4,67.1,63.0,7273889.131,21088.59118,66104.0,106.510423,43.033713,88.0,1.5528,15.0,0.0029,139.689282,42.129131,255.0,1.1305,10.0,0.0014,-45.408503,78.969375,-81.0,15.5768,-133.0,0.0042,7.973692,2.877941,7.0,87.4501,4.0,1.2983
40428293.0,50.000000221,0.0,0.0,0.0,0.0,0.0,0.0,0.0,0.0,0.0,-109.8878329,32.53220029,0.081,7.13,3.95,560.0,2.93,1.03,0.77,0.263,108.0,6.47,30.2,7.08,28.2,2.3,19.6,0.14,1.955,0.086,2.87,51.5,30.7,0.35,449.0,1.81,2.24,23.0,11.6,390.0,27.0,166.0,0.01,0.89,8.09,0.5,4.54,126.5,1.87,0.08,21.9,0.332,0.705,3.5,41.5,4.06,41.4,69.5,61.7,3119337.403,11456.47584,29157.0,122.153548,37.331538,128.0,1.7127,191.0,0.01,179.637106,38.206286,255.0,3.485,22.0,0.0033,-209.07585,33.731852,-218.0,36.1832,-230.0,0.8773,5.324785,1.862029,5.0,97.0474,16.0,2.9526
40428296.0,49.99999996,0.0,0.0,0.0,0.0,0.0,0.0,0.0,0.0,0.0,-109.8625815,32.51275909,0.085,7.04,6.07,540.0,2.42,1.255,0.69,0.27,135.0,5.47,33.0,7.91,33.1,2.77,19.95,0.17,1.96,0.108,3.02,57.3,24.7,0.32,448.0,4.19,2.29,31.8,9.86,410.0,32.2,164.5,0.01,1.02,7.72,0.7,5.77,107.0,2.56,0.09,36.4,0.363,0.695,5.34,46.3,4.98,51.4,78.0,60.6,763141.1149,5123.311674,6793.0,111.245547,33.23008,103.0,1.7692,199.0,0.0136,174.894683,43.886032,255.0,5.2417,52.0,0.0136,-98.46507,54.154174,-133.0,36.1736,-69.0,7.6872,7.0,0.0,7.0,100.0,7.0,100.0
40428294.0,15.710488012666668,16.05805164,0.0,15.329216133000001,0.0,0.0,0.0,6.152051021,0.0,0.0,-109.8741699,32.54230245,0.126,7.43,4.68,520.0,3.16,1.085,0.85,0.238,107.0,6.11,31.7,6.42,30.7,2.41,19.25,0.15,2.08,0.071,2.77,50.6,26.4,0.36,396.0,2.26,2.22,20.0,12.1,350.0,29.3,169.5,0.01,0.82,8.32,0.6,3.98,122.5,1.73,0.07,19.55,0.351,0.702,2.9,47.7,3.71,41.7,65.4,65.4,4077754.97,12587.1008,34815.0,154.98021,42.410429,255.0,2.7504,58.0,0.0025,152.490225,43.559932,255.0,1.8773,5.0,0.0025,-52.316847,69.163899,-31.0,27.9944,26.0,0.4929,14.859632,3.353149,16.0,89.633,5.0,10.367
40428233.0,23.728949992666667,12.7430650065,0.0,0.0,0.0,0.0,3.327020005,0.0,0.0,0.0,-109.8422844,32.48254241,0.096,7.59,7.82,600.0,3.22,1.93,1.3,0.202,124.0,10.8,52.0,8.77,28.7,3.22,19.8,0.25,2.66,0.091,2.77,57.6,41.3,0.64,773.0,1.73,2.01,30.3,33.2,610.0,34.0,174.5,0.02,1.72,11.45,0.5,4.21,250.0,2.61,0.09,32.2,0.579,0.771,5.77,79.3,3.51,52.2,84.9,94.3,13076885.97,25032.78858,101079.0,156.641231,42.914471,255.0,2.3871,33.0,0.0024,110.10274,47.638649,86.0,0.8253,2.0,0.0111,49.638729,33.027541,30.0,17.3605,-42.0,0.0255,11.725259,4.494359,16.0,52.5029,7.0,47.4971
40428229.0,9.272337871333333,23.35550711233333,0.0,2.066166104,0.0,0.0,0.0,0.0,0.050298884,0.0,-109.8057505,32.4304291,0.051,6.9,9.53,460.0,2.94,0.308,0.79,0.136,95.7,5.97,22.7,10.05,17.05,1.95,18.25,0.15,3.58,0.048,3.6,49.2,38.0,0.27,583.0,1.42,1.67,25.4,11.85,310.0,28.2,222.0,0.01,1.37,5.03,0.4,2.43,187.5,1.86,0.06,23.6,0.318,0.819,4.01,45.1,2.15,30.1,54.9,107.0,1815958.577,11866.34614,16229.0,80.175303,37.326165,63.0,2.2653,153.0,0.0057,100.6853,35.728537,80.0,1.3286,2.0,0.0057,6.335876,27.884286,36.0,40.1347,-27.0,0.7572,17.063195,2.512366,16.0,84.8115,23.0,15.1885
40429195.0,99.99999963,0.0,0.0,0.0,0.0,0.0,0.0,0.0,0.0,0.0,-109.2343762,32.47076584,0.075,7.25,3.32,750.0,2.24,0.354,2.02,0.211,85.3,11.8,37.4,5.05,37.7,3.36,18.95,0.15,3.68,0.066,2.43,40.4,30.8,0.69,606.0,1.14,1.625,16.45,17.55,550.0,23.6,129.0,0.03,0.72,8.74,0.4,2.32,357.0,1.14,0.05,14.35,0.461,0.575,2.1,89.0,1.59,21.5,86.2,124.5,3768501.051,11215.87772,36169.0,134.800741,36.334511,118.0,1.8614,40.0,0.0083,43.536123,23.64706,34.0,2.1955,158.0,0.0028,-163.764037,62.580328,-131.0,26.6362,-55.0,0.6773,4.055614,0.92669,4.0,74.9794,7.0,7.6455
40429197.0,100.0,0.0,0.0,0.0,0.0,0.0,0.0,0.0,0.0,0.0,-109.266184,32.5108691,0.067,7.69,3.3,840.0,1.94,0.26,2.34,0.233,85.2,12.7,25.4,3.81,32.9,3.28,20.5,0.15,3.76,0.051,2.38,39.8,26.7,0.82,695.0,1.01,1.74,14.0,15.4,900.0,21.8,105.0,0.04,0.52,9.8,0.5,1.92,379.0,0.89,0.07,11.0,0.405,0.466,1.71,75.5,1.14,24.8,82.7,137.0,18482029.23,42416.21805,177957.0,132.33716,39.808746,120.0,1.3455,12.0,0.0034,43.614643,25.624202,28.0,1.7621,178.0,0.0006,3.370914,240.401797,-307.0,6.1581,83.0,0.0011,6.006437,3.864987,4.0,29.5869,7.0,0.2363
40429192.0,19.191579285,51.8674925,0.0,0.0,0.0,0.0,9.749348887,0.0,0.0,0.0,-109.2148298,32.43656851,0.069,7.24,3.27,750.0,2.26,0.336,2.54,0.184,99.3,12.0,45.3,5.16,25.4,3.99,19.35,0.16,4.04,0.076,2.61,49.2,33.5,0.7,692.0,1.48,1.68,21.2,21.8,650.0,23.7,128.5,0.03,0.79,10.0,0.5,2.91,333.0,1.34,0.07,23.2,0.603,0.562,2.47,102.5,1.635,29.6,94.4,138.0,7091582.016,15952.02555,68164.0,136.138798,40.926153,114.0,1.5242,3.0,0.0088,70.471447,34.436533,60.0,1.4208,211.0,0.0015,-209.392103,38.281415,-199.0,16.051,-230.0,0.3986,7.229489,3.751536,7.0,63.9466,16.0,12.8587
40429193.0,90.46873043,4.909930354,0.0,0.0,0.0,0.0,0.0,0.0,4.621339475,0.0,-109.234241,32.44988618,0.09,7.46,4.05,740.0,2.47,0.36,2.1,0.277,85.9,11.2,36.9,6.73,38.6,3.33,20.7,0.16,4.05,0.07,2.65,42.3,39.8,0.79,628.0,1.11,1.485,17.75,19.3,670.0,25.0,138.0,0.03,0.84,10.3,0.4,2.58,309.0,1.2,0.06,15.3,0.448,0.655,2.32,77.9,1.69,26.9,90.9,136.5,463415.9349,3184.720392,4453.0,114.788233,28.107527,110.0,3.4777,85.0,0.0673,40.846861,16.59471,45.0,3.4722,93.0,0.0224,-12.864322,89.532933,74.0,48.1101,-198.0,7.8217,7.0,0.0,7.0,100.0,7.0,100.0
40429196.0,75.84525007,24.15474895,0.0,0.0,0.0,0.0,0.0,0.0,0.0,0.0,-109.2508173,32.48323912,0.102,7.12,4.26,670.0,2.45,0.483,2.71,0.313,90.9,11.85,48.5,6.6,48.1,3.64,19.5,0.15,4.35,0.076,2.47,44.1,37.8,0.88,626.0,1.42,1.32,18.95,20.9,870.0,26.8,128.5,0.04,0.94,10.45,0.3,2.79,292.0,1.3,0.1,15.45,0.497,0.652,2.38,87.1,1.97,27.0,102.0,146.5,8588434.739,15718.84847,82745.0,124.260197,30.964607,131.0,1.7095,252.0,0.0024,42.049745,22.206094,31.0,2.222,145.0,0.0012,-22.070319,49.928506,-21.0,13.5036,-152.0,0.782,4.144022,2.652189,3.0,65.5853,12.0,9.9984
40429198.0,19.605887215000003,3.635584783666667,0.0,2.0265649275,0.0,0.0,35.73669977,10.0916411,0.0,0.0,-109.2359277,32.55038638,0.085,7.37,4.22,730.0,2.07,0.302,1.85,0.196,94.1,14.55,75.6,5.0,37.4,3.99,19.3,0.15,5.24,0.069,2.28,45.2,31.5,0.89,692.0,1.04,1.45,18.55,29.8,800.0,20.2,114.0,0.03,0.83,11.9,0.5,2.44,323.0,1.17,0.02,12.3,0.573,0.5,2.18,94.7,1.8,27.6,91.5,197.0,13069095.99,20634.14681,106582.0,138.567263,41.68246,108.0,1.5071,18.0,0.0032,62.592783,35.394173,50.0,1.3619,249.0,0.0016,108.430776,191.114299,71.0,8.7907,-87.0,0.0287,11.02042,3.745417,9.0,33.638,11.0,4.4629
40429194.0,31.405810965,0.517020917,0.0,1.1686885655,0.0,0.0,0.0,2.411148265,0.0,0.0,-109.2477051,32.45675314,0.055,9.1,3.33,1240.0,2.55,0.275,3.02,0.236,116.0,15.1,31.2,4.49,29.4,3.92,25.0,0.18,5.45,0.059,3.44,51.3,37.7,0.65,941.0,1.31,2.4,19.6,18.9,920.0,35.5,137.5,0.02,0.49,9.12,0.5,2.47,522.0,1.32,0.04,16.15,0.536,0.604,2.47,101.5,1.41,30.3,91.8,189.0,3240667.224,10594.60466,31232.0,115.797964,30.849842,110.0,2.1087,38.0,0.0128,39.834973,18.753647,34.0,2.5593,121.0,0.0032,-104.721449,83.754301,-85.0,33.548,-222.0,0.7659,7.0,0.0,7.0,100.0,7.0,100.0
40428297.0,13.717415132,1.2398311925,0.0,13.570075205,0.0,0.0,41.81299068,0.0,1.132366172,0.0,-109.5422871,32.35657121,0.16,7.31,6.1,550.0,4.3,0.861,1.53,0.267,140.0,12.25,47.1,10.25,42.0,3.68,21.6,0.17,2.23,0.101,2.7,67.0,43.2,0.73,783.0,1.47,1.44,22.3,21.3,920.0,31.3,197.0,0.005,0.95,15.65,0.5,4.48,194.0,1.7,0.08,30.6,0.514,0.904,4.36,82.1,3.66,68.8,100.0,71.0,552491.2233,5366.657084,5302.0,104.163712,22.274182,85.0,3.3847,149.0,0.0376,57.736415,18.78634,66.0,2.4271,6.0,0.0188,-171.755865,0.640577,-172.0,53.0059,-173.0,11.2903,12.470257,4.394155,16.0,60.7806,7.0,39.2194
40428237.0,50.000000015,0.0,0.0,0.0,0.0,0.0,0.0,0.0,0.0,0.0,-109.8231419,32.42935618,0.061,6.27,5.23,510.0,2.54,0.308,1.01,0.119,130.5,8.04,43.0,5.23,16.05,3.08,15.5,0.29,2.94,0.062,2.8,67.5,33.3,0.29,816.0,1.36,1.57,31.2,15.95,280.0,22.5,145.5,0.01,1.26,8.08,0.5,3.38,175.0,2.13,0.02,23.3,0.565,0.53,3.61,73.8,2.19,41.9,68.1,95.5,663947.4408,5112.446993,6374.0,48.348447,23.608142,45.0,3.916,108.0,0.0313,79.803594,22.634708,72.0,2.5117,17.0,0.0156,-5.751444,10.621695,-2.0,80.9061,60.0,0.5169,23.0,0.0,23.0,100.0,23.0,100.0
40428298.0,0.0,49.999999986,0.0,0.0,0.0,0.0,0.0,0.0,0.0,0.0,-109.5723037,32.3693252,0.073,6.32,7.13,550.0,2.13,0.447,1.92,0.148,120.5,11.55,68.7,7.0,25.4,4.36,17.3,0.17,2.97,0.085,2.18,59.0,33.0,0.63,676.0,0.92,1.525,19.9,20.7,810.0,22.4,127.5,0.005,1.96,14.65,0.6,2.83,244.0,1.5,0.05,22.7,0.674,0.543,3.43,119.5,2.99,43.3,78.0,99.0,27877114.28,81030.16063,266005.0,114.592553,32.259783,123.0,1.8705,5.0,0.0022,68.77753,33.735912,60.0,1.5369,250.0,0.0015,-99.058748,59.908372,-142.0,4.9558,-76.0,0.0022,22.496538,2.359126,23.0,94.8565,7.0,1.5936
40428305.0,100.0,0.0,0.0,0.0,0.0,0.0,0.0,0.0,0.0,0.0,-109.1795096,32.4561688,0.036,7.63,3.24,940.0,1.65,0.154,2.9,0.136,105.5,20.8,30.2,2.01,21.1,6.57,23.7,0.16,2.99,0.062,2.29,48.8,17.1,0.66,1090.0,1.28,2.07,17.25,16.85,1040.0,21.5,95.3,0.03,0.3,8.81,0.6,3.01,429.0,1.03,0.11,12.9,0.768,0.305,1.55,194.0,0.87,24.1,107.0,101.5,3442908.695,13959.97768,33046.0,137.83526,43.754318,255.0,1.4734,37.0,0.003,49.049798,27.660567,1.0,1.9855,151.0,0.003,-313.726147,75.942755,-266.0,30.5334,-449.0,0.1942,3.255144,0.691436,3.0,85.5981,2.0,1.0965
40428238.0,5.684528213,22.006905205000002,0.0,9.989176601,0.0,0.0,40.31248352,0.0,0.0,0.0,-109.8586342,32.42735902,0.087,6.88,10.7,700.0,2.39,0.471,1.15,0.146,114.0,16.25,64.8,7.75,28.5,5.08,17.95,0.29,3.07,0.063,2.74,58.2,41.7,0.44,909.0,1.42,1.695,29.3,37.7,660.0,27.0,156.5,0.01,2.55,9.52,0.6,3.18,281.0,1.78,0.02,20.9,0.869,0.639,3.14,151.5,3.15,34.4,92.5,111.5,3814470.555,13550.23791,36266.0,67.554983,34.200286,44.0,1.8221,195.0,0.0027,75.300599,31.032028,59.0,1.8056,4.0,0.0027,31.010542,27.437287,16.0,28.7784,5.0,0.0212,18.460087,3.341943,16.0,64.8559,23.0,35.1441
40428303.0,14.552857493500001,0.264332777,0.0,26.386831071000003,0.0,0.0,0.0,0.0,17.85628963,0.0,-109.1634508,32.45652612,0.032,7.96,3.79,1100.0,1.63,0.122,3.2,0.147,104.0,19.3,18.4,1.77,23.0,4.61,20.5,0.14,3.09,0.042,2.25,45.0,15.9,0.71,1170.0,1.15,2.1,12.85,14.1,1240.0,20.7,87.3,0.05,0.26,8.01,0.8,1.98,462.0,0.74,0.19,10.3,0.543,0.328,1.28,118.0,0.716,24.2,87.9,112.5,7180386.165,16966.282,68265.0,134.432081,40.668089,120.0,1.467,239.0,0.0029,47.785121,30.387278,1.0,2.8268,188.0,0.0014,-343.834364,65.429141,-274.0,15.8058,-323.0,0.3683,2.73367,1.683602,2.0,81.6261,6.0,0.0304
40428235.0,100.0,0.0,0.0,0.0,0.0,0.0,0.0,0.0,0.0,0.0,-109.8130888,32.44540681,0.056,6.73,9.09,610.0,2.34,0.337,1.13,0.126,113.0,9.35,35.3,8.83,21.1,2.95,16.0,0.25,3.32,0.058,3.01,58.8,37.1,0.38,646.0,1.2,1.53,24.8,18.7,510.0,22.7,171.0,0.01,1.58,7.08,0.5,2.68,261.0,1.65,0.02,20.6,0.503,0.685,3.7,74.8,2.21,34.2,65.1,121.5,7192121.681,21350.77575,61602.0,114.306337,44.219176,97.0,1.3185,8.0,0.0029,96.214348,34.62156,86.0,1.2163,234.0,0.0014,27.310773,48.830628,36.0,16.8909,-21.0,0.08,15.37089,6.453904,16.0,35.2533,7.0,32.2586
40428234.0,12.80052604,0.0,0.0,87.19949192,0.0,0.0,0.0,0.0,0.0,0.0,-109.8390348,32.45491977,0.094,7.08,10.05,690.0,2.34,0.292,1.41,0.112,88.8,12.25,41.3,9.98,27.6,3.18,17.5,0.25,3.6,0.055,2.55,44.2,53.4,0.59,616.0,0.95,1.625,21.0,28.1,710.0,20.8,145.0,0.01,1.98,9.38,0.5,2.27,354.0,1.29,0.02,15.4,0.602,0.628,2.95,86.0,1.995,28.2,75.9,137.5,5041035.391,16119.40127,45124.0,104.9034,43.841984,68.0,1.3112,248.0,0.0021,106.116577,42.217569,92.0,0.9669,240.0,0.0041,6.363948,16.55155,-14.0,19.1098,35.0,1.3481,16.15858,7.71731,23.0,54.4725,16.0,4.9219
40428302.0,25.000000032499997,0.0,0.0,0.0,0.0,0.0,0.0,0.0,0.0,0.0,-109.1864133,32.46778796,0.119,7.36,2.97,730.0,1.86,0.287,2.01,0.235,76.9,13.4,33.0,4.46,38.5,3.6,18.65,0.12,3.7,0.052,2.22,38.0,24.5,0.81,615.0,0.97,1.47,13.75,16.5,560.0,20.0,123.0,0.01,0.63,10.05,0.3,2.01,389.0,0.94,0.06,13.65,0.476,0.537,1.85,87.4,1.15,21.8,87.2,133.0,8673693.417,24138.80692,82609.0,153.156133,44.295569,255.0,1.9842,19.0,0.0072,57.95414,38.25152,31.0,1.4705,244.0,0.0012,-274.37651,37.104956,-278.0,13.2497,-258.0,0.0479,7.230527,5.390725,3.0,51.9231,4.0,0.1065
40428236.0,0.0,100.0,0.0,0.0,0.0,0.0,0.0,0.0,0.0,0.0,-109.7840718,32.45438877,0.027,7.12,6.92,189.0,3.85,0.216,0.4,0.134,82.3,2.4,11.1,7.78,6.86,0.91,18.8,0.19,3.75,0.041,4.48,40.4,34.4,0.15,564.0,1.55,1.93,31.5,7.22,100.0,30.9,271.0,0.01,0.62,2.4,0.3,2.32,61.2,2.22,0.02,26.3,0.137,0.789,4.7,11.4,1.595,30.4,51.7,97.5,6284374.415,16063.49575,49910.0,117.423302,43.47856,111.0,1.0993,238.0,0.0066,92.485653,33.918271,84.0,1.1229,232.0,0.0016,60.016638,48.967193,16.0,18.178,98.0,1.2394,11.031491,4.475545,7.0,55.2057,16.0,44.7943
40428304.0,4.582167968,29.50832226666667,0.0,6.892864897,0.0,0.0,0.0,0.0,0.0,0.0,-109.1700285,32.45208757,0.057,7.5,3.23,950.0,1.67,0.156,4.26,0.207,89.5,17.35,18.0,2.62,25.4,3.28,19.05,0.13,3.91,0.058,2.23,36.9,22.1,0.84,1040.0,0.8,1.825,11.85,14.95,980.0,21.3,79.8,0.08,0.31,8.18,0.4,1.6,517.0,0.77,0.06,10.65,0.402,0.38,1.45,76.4,1.145,22.6,71.9,145.0,3744485.59,12291.62244,35421.0,155.702408,47.035027,255.0,2.7257,25.0,0.0166,56.723548,31.446251,50.0,1.5235,176.0,0.0028,-333.904701,60.486553,-323.0,29.7047,-296.0,0.0244,5.383787,3.089838,7.0,51.082,16.0,4.0643
40428327.0,56.24081729,43.75918245,0.0,0.0,0.0,0.0,0.0,0.0,0.0,0.0,-109.6290933,32.37635611,0.084,7.3,6.13,720.0,2.92,0.43,2.06,0.18,116.5,12.5,37.5,9.3,25.2,3.63,19.45,0.2,4.5,0.065,2.9,54.6,44.5,0.61,700.0,1.08,1.415,20.8,22.7,770.0,29.2,166.5,0.005,1.38,9.95,0.6,2.45,229.0,1.53,0.07,22.5,0.503,0.694,3.26,83.8,3.45,36.1,79.1,152.0,4016398.866,13047.46579,38600.0,119.630907,29.629552,123.0,2.3978,210.0,0.0078,56.220836,24.161783,45.0,2.2593,170.0,0.0026,-19.628318,9.614862,-13.0,22.0936,-4.0,0.6013,23.0,0.0,23.0,100.0,23.0,100.0
40428299.0,58.06249546,0.0,0.0,41.93750466,0.0,0.0,0.0,0.0,0.0,0.0,-109.5934059,32.36724142,0.09,6.42,7.38,570.0,2.52,0.588,1.49,0.179,158.5,13.85,84.6,7.99,29.1,5.57,18.45,0.18,4.65,0.094,2.46,79.9,34.6,0.55,878.0,1.48,1.36,30.7,24.0,620.0,25.7,142.0,0.005,1.79,12.95,0.5,3.8,220.0,2.2,0.04,38.5,0.946,0.627,4.85,153.0,3.5,47.1,98.4,151.0,5901698.762,22287.68458,56483.0,98.795354,28.89755,94.0,2.565,13.0,0.0106,47.682959,25.941615,34.0,2.1551,176.0,0.0018,-60.558457,33.980134,-86.0,19.1598,-25.0,0.0137,23.0,0.0,23.0,100.0,23.0,100.0
40428328.0,8.075832437,45.962083925,0.0,0.0,0.0,0.0,0.0,0.0,0.0,0.0,-109.6325563,32.39252036,0.088,7.01,6.9,670.0,2.71,0.444,1.37,0.175,120.5,13.0,53.7,13.7,27.2,3.96,18.9,0.2,4.7,0.065,2.65,56.4,43.8,0.57,780.0,1.35,1.455,24.3,23.1,730.0,26.3,158.5,0.005,1.98,11.6,0.3,3.0,263.0,1.77,0.08,23.7,0.686,0.733,3.72,99.1,3.79,37.5,88.0,152.5,563505.5112,6165.707296,5384.0,127.096582,38.917317,119.0,3.4228,209.0,0.0185,65.97885,30.905528,49.0,1.7187,6.0,0.0185,-36.877196,29.724385,-5.0,36.6619,0.0,1.5597,23.0,0.0,23.0,100.0,23.0,100.0
40429199.0,75.05962309,8.707041704,0.0,16.2333352,0.0,0.0,0.0,0.0,0.0,0.0,-109.2137067,32.50469738,0.094,7.4,4.11,660.0,2.28,0.4,1.8,0.293,88.8,12.7,53.3,5.74,42.4,3.66,20.5,0.14,4.77,0.076,2.27,42.6,33.7,0.91,626.0,1.48,1.3,17.0,27.2,730.0,22.4,115.5,0.03,0.87,12.1,0.6,2.45,299.0,1.11,0.05,14.2,0.48,0.528,2.33,78.1,1.88,27.6,92.8,171.0,2948186.104,9228.077363,28450.0,141.150369,37.925114,152.0,1.6677,10.0,0.014,57.495181,34.818687,43.0,1.6653,220.0,0.0035,242.025359,113.667215,167.0,32.2727,269.0,0.0206,3.0,0.0,3.0,100.0,3.0,100.0
40428301.0,37.89639485,50.95578773,0.0,11.14781674,0.0,0.0,0.0,0.0,0.0,0.0,-109.1978369,32.49472815,0.174,7.62,5.13,710.0,2.43,0.415,1.86,0.327,90.0,14.55,52.5,6.52,56.3,3.63,20.4,0.13,4.77,0.073,2.34,41.5,40.1,0.98,742.0,1.4,1.295,16.2,29.7,790.0,24.7,131.5,0.02,0.9,11.85,0.7,2.43,306.0,1.09,0.07,13.85,0.443,0.61,2.21,67.7,1.9,28.7,100.0,174.5,2029090.345,7251.277083,19545.0,145.15825,40.775333,141.0,2.1172,231.0,0.0153,52.238344,35.816011,27.0,1.6455,179.0,0.0051,178.12809,77.541574,269.0,37.0437,0.0,4.1698,5.424328,1.116961,5.0,53.9718,3.0,2.0691
40428326.0,0.0,49.9999999435,0.0,0.0,0.0,0.0,0.0,0.0,0.0,0.0,-109.6165533,32.37716437,0.079,7.13,6.67,740.0,2.62,0.459,1.44,0.162,126.0,12.15,41.6,12.45,23.7,3.79,19.25,0.21,5.16,0.068,2.91,59.2,40.8,0.5,803.0,1.39,1.605,23.9,20.7,750.0,29.7,168.0,0.005,1.87,10.3,0.6,2.87,271.0,1.77,0.08,24.6,0.65,0.729,3.75,93.6,3.76,38.8,81.2,168.0,15826958.31,40227.4513,151601.0,116.623116,32.58138,115.0,1.6977,235.0,0.002,61.568043,26.679404,62.0,1.5455,192.0,0.0007,-39.617123,26.200351,-29.0,10.1248,-88.0,0.0153,23.0,0.0,23.0,100.0,23.0,100.0
40428258.0,99.99999987,0.0,0.0,0.0,0.0,0.0,0.0,0.0,0.0,0.0,-109.8878908,32.50629338,0.062,7.27,4.74,620.0,2.59,2.24,1.54,0.178,146.0,11.1,60.2,6.65,27.7,4.74,19.45,0.33,1.92,0.118,2.53,68.8,27.8,0.59,727.0,1.67,1.785,25.4,22.2,980.0,23.0,128.0,0.01,1.09,14.6,0.5,4.91,190.5,1.79,0.07,26.9,0.616,0.56,4.18,102.0,3.84,59.3,79.0,59.6,1005212.843,7524.474741,9567.0,94.147382,33.898573,71.0,2.3957,7.0,0.062,127.396074,29.260801,119.0,1.5959,57.0,0.0104,-251.463887,16.329787,-264.0,55.2084,-215.0,0.4119,5.0,0.0,5.0,100.0,5.0,100.0
40428257.0,60.67075379,32.33347816,0.0,0.0,3.286477435,0.0,0.0,0.0,0.0,0.0,-109.8778592,32.49869132,0.079,7.29,6.02,700.0,2.48,1.36,1.19,0.151,157.0,9.95,43.6,6.8,21.8,3.24,18.95,0.3,2.08,0.113,2.84,67.3,24.6,0.37,765.0,1.74,1.96,28.6,19.5,470.0,26.9,149.5,0.01,1.03,9.97,0.5,4.84,146.0,2.04,0.07,29.8,0.478,0.612,3.91,66.9,3.89,54.7,69.3,69.5,3628752.493,16321.72076,33253.0,112.583887,39.539185,93.0,2.001,179.0,0.0086,161.29397,44.466631,255.0,2.9987,21.0,0.0029,-127.985383,65.47248,-149.0,19.8875,-176.0,0.0056,8.570014,4.245406,7.0,47.7603,4.0,0.7932
40428259.0,77.96410714,21.45611103,0.0,0.0,0.0,0.0,0.0,0.579782558,0.0,0.0,-109.9051008,32.53124312,0.071,7.23,4.45,570.0,2.93,0.555,0.86,0.162,114.5,8.55,39.1,5.65,20.6,2.52,17.6,0.25,2.2,0.069,2.8,53.9,22.5,0.33,608.0,1.43,2.12,25.1,14.85,400.0,24.2,162.5,0.01,0.86,9.04,0.5,4.02,147.0,1.96,0.05,32.2,0.456,0.649,4.0,57.0,3.77,47.6,58.0,75.0,3348456.42,16598.64881,29227.0,128.952475,42.345317,148.0,1.2476,46.0,0.0124,169.499335,32.779011,255.0,1.4118,59.0,0.0031,-216.008803,23.451065,-212.0,28.4909,-252.0,0.0271,7.64157,4.168908,5.0,54.624,16.0,19.2672
40428261.0,100.0,0.0,0.0,0.0,0.0,0.0,0.0,0.0,0.0,0.0,-109.9063736,32.54524881,0.099,7.25,4.68,570.0,3.2,0.507,1.14,0.175,149.0,12.9,57.2,5.75,22.8,3.5,18.6,0.32,2.36,0.09,2.47,69.4,27.6,0.44,879.0,1.48,1.785,27.5,22.0,590.0,25.8,154.0,0.01,0.92,12.75,0.6,4.78,165.5,1.99,0.04,31.3,0.584,0.656,5.16,77.2,2.82,66.9,74.3,81.2,417358.2595,3775.029907,3741.0,75.468859,24.655811,83.0,3.3342,118.0,0.0746,156.214152,31.118125,151.0,1.7662,83.0,0.0249,-238.290002,8.452647,-244.0,45.8,-241.0,0.7262,16.0,0.0,16.0,100.0,16.0,100.0
40428307.0,18.04110275,32.02407724,0.0,0.0,0.0,0.0,31.89371711,0.0,0.0,0.0,-109.0519378,32.42110818,0.029,7.63,2.63,970.0,2.11,0.147,1.88,0.129,138.0,10.3,34.4,4.22,16.6,3.52,20.3,0.16,2.58,0.064,3.78,65.3,25.1,0.39,705.0,1.77,2.12,26.2,16.75,630.0,28.2,216.0,0.005,0.39,6.55,0.4,3.14,302.0,1.98,0.02,25.2,0.579,0.696,2.3,81.0,1.285,27.0,74.6,89.0,5313666.616,15669.50546,46213.0,131.94441,47.996385,255.0,1.9074,232.0,0.0039,100.909817,57.604013,255.0,2.6663,244.0,0.0254,-133.887386,29.59478,-137.0,20.3515,-153.0,1.412,6.001407,2.92139,5.0,70.8589,23.0,2.6162
40428332.0,100.0,0.0,0.0,0.0,0.0,0.0,0.0,0.0,0.0,0.0,-109.5598582,32.40343468,0.097,6.48,6.6,570.0,2.26,0.436,1.38,0.182,121.5,13.15,57.6,11.5,25.0,4.53,17.65,0.2,4.34,0.074,2.42,58.1,41.8,0.6,808.0,1.26,1.295,24.6,22.2,690.0,24.0,137.0,0.005,1.73,12.1,0.5,3.12,216.0,1.73,0.06,26.3,0.764,0.6,3.77,122.5,3.28,40.5,92.2,147.5,7490956.046,15809.59651,71581.0,124.44407,42.426274,107.0,1.8674,18.0,0.0083,51.502206,25.384307,46.0,2.1807,170.0,0.0014,-66.145542,19.897352,-86.0,20.307,-93.0,0.0257,23.0,0.0,23.0,100.0,23.0,100.0
40428333.0,89.03715251,10.96284715,0.0,0.0,0.0,0.0,0.0,0.0,0.0,0.0,-109.593795,32.37963129,0.077,6.24,6.36,610.0,2.59,0.524,2.31,0.184,140.5,13.05,52.2,10.45,23.7,4.85,17.45,0.23,4.8,0.096,2.5,69.4,41.6,0.52,854.0,2.02,1.36,32.5,21.6,780.0,28.5,147.0,0.005,1.82,11.95,0.5,3.8,234.0,2.22,0.05,35.9,0.933,0.616,4.29,131.0,3.41,48.2,98.6,155.5,4733517.927,13479.90383,45483.0,102.817448,34.466726,88.0,3.0521,229.0,0.0044,44.397845,23.827684,32.0,2.0276,139.0,0.0022,-43.711057,18.775568,-20.0,23.8536,-34.0,0.0021,23.0,0.0,23.0,100.0,23.0,100.0
40428329.0,57.71074182,42.28925809,0.0,0.0,0.0,0.0,0.0,0.0,0.0,0.0,-109.545074,32.41252314,0.083,6.89,7.67,710.0,2.46,0.645,1.56,0.176,148.5,16.2,56.3,9.65,24.8,5.93,19.0,0.24,4.96,0.084,2.79,70.4,37.8,0.48,958.0,1.47,1.695,28.0,23.7,760.0,32.7,160.0,0.005,2.12,11.6,0.5,3.72,263.0,2.13,0.09,32.6,0.912,0.665,4.34,164.5,4.03,49.6,97.9,173.0,1624540.315,9218.340134,15621.0,105.941169,24.280947,89.0,2.4109,56.0,0.0383,42.917801,27.034621,29.0,2.6425,148.0,0.0064,-27.137776,8.959528,-25.0,71.1554,-38.0,0.0623,22.860036,0.979877,23.0,98.0005,16.0,1.9995
40428308.0,100.0,0.0,0.0,0.0,0.0,0.0,0.0,0.0,0.0,0.0,-109.0547278,32.43273304,0.069,8.1,2.78,940.0,1.89,0.184,2.58,0.174,112.5,17.7,91.8,3.54,35.4,4.15,20.4,0.16,5.78,0.065,2.51,52.7,25.5,0.92,781.0,0.93,1.88,17.55,38.2,1320.0,20.1,117.5,0.005,0.51,10.65,0.3,2.05,467.0,1.1,0.02,13.35,0.649,0.443,2.09,100.0,1.19,30.8,89.7,235.0,1104475.933,7955.158451,10616.0,122.01818,31.624655,116.0,1.8006,40.0,0.0188,53.189179,19.125103,50.0,2.4777,119.0,0.0094,-153.940557,24.686224,-178.0,37.1405,-66.0,0.3572,6.150977,0.988537,7.0,57.5488,5.0,42.4512
40428306.0,100.0,0.0,0.0,0.0,0.0,0.0,0.0,0.0,0.0,0.0,-109.063507,32.42065241,0.054,8.04,3.35,970.0,2.08,0.219,2.33,0.211,127.0,16.65,62.0,3.62,32.8,4.0,20.8,0.17,5.87,0.056,2.71,58.9,26.8,0.8,898.0,1.1,1.955,17.45,31.5,1310.0,25.1,128.5,0.005,0.49,10.15,0.1,2.19,417.0,1.1,0.07,14.3,0.612,0.439,2.12,95.2,1.26,33.2,86.9,227.0,3991908.294,13318.02406,34567.0,145.230827,44.625614,255.0,1.7212,28.0,0.013,73.412473,50.42512,42.0,1.3991,248.0,0.0104,-111.834116,54.030291,-153.0,26.6511,-163.0,1.7444,5.014606,0.201194,5.0,98.6957,4.0,0.3827
40428309.0,49.083082805000004,1.833833941,0.0,0.0,0.0,0.0,0.0,0.0,0.0,0.0,-109.0503114,32.44224579,0.065,7.71,3.88,770.0,1.94,0.175,2.42,0.161,103.5,17.45,65.4,4.22,33.4,4.24,19.1,0.13,6.07,0.066,2.24,49.1,28.8,0.93,745.0,0.75,1.37,17.35,33.1,1110.0,17.8,111.0,0.005,0.55,11.6,0.5,2.63,372.0,1.1,0.02,13.6,0.608,0.409,2.1,94.0,1.365,31.3,90.9,240.0,6918324.656,16439.42519,64457.0,138.765208,39.696291,133.0,1.5136,250.0,0.0045,43.596032,23.97354,42.0,2.2125,171.0,0.0015,-135.968569,37.123139,-104.0,16.4217,-140.0,0.3194,4.906863,0.706055,5.0,69.9838,7.0,6.9008
40428331.0,99.69807247,0.0,0.0,0.0,0.0,0.0,0.301927296,0.0,0.0,0.0,-109.5515329,32.40612343,0.075,5.77,8.19,540.0,2.28,0.762,1.57,0.175,181.0,20.5,105.0,7.35,25.1,8.92,18.6,0.25,6.11,0.107,2.21,90.8,33.1,0.49,1185.0,2.1,1.38,38.9,30.4,710.0,30.3,125.5,0.005,2.6,14.75,0.7,4.63,229.0,2.6,0.06,44.2,1.355,0.534,5.21,260.0,4.33,61.1,123.5,194.5,4107972.507,19660.47761,39480.0,103.966895,26.40619,99.0,2.3374,32.0,0.0152,41.031179,22.763919,30.0,2.7914,142.0,0.0025,-37.462553,20.836756,-19.0,19.2156,-68.0,2.3005,23.0,0.0,23.0,100.0,23.0,100.0
40428311.0,100.0,0.0,0.0,0.0,0.0,0.0,0.0,0.0,0.0,0.0,-109.0718455,32.44595109,0.046,8.17,3.98,1190.0,2.2,0.152,3.29,0.195,145.0,27.6,50.1,2.9,38.4,4.88,20.7,0.21,8.42,0.079,2.45,58.6,27.9,0.92,1255.0,1.15,1.885,19.25,41.1,2230.0,26.9,97.0,0.005,0.42,12.0,0.3,1.92,561.0,1.06,0.09,11.45,0.704,0.359,1.9,119.5,1.225,41.7,100.0,324.0,3282248.144,9951.245317,31425.0,146.832299,37.122779,135.0,1.8797,251.0,0.0095,40.00863,18.455449,45.0,2.5522,113.0,0.0032,-152.697813,36.818032,-120.0,34.7069,-257.0,0.6332,4.0,0.0,4.0,100.0,4.0,100.0
40428314.0,0.0,33.33333334466667,0.0,0.0,0.0,0.0,0.0,0.0,0.0,0.0,-109.1238987,32.45410169,0.035,8.52,2.33,1270.0,1.89,0.122,3.4,0.199,142.5,26.3,34.0,2.24,37.8,4.46,22.1,0.23,8.46,0.062,2.47,60.0,28.5,0.9,1195.0,1.19,2.32,15.55,35.2,2000.0,28.2,94.0,0.005,0.25,11.25,0.6,1.67,613.0,0.87,0.08,11.25,0.65,0.29,1.47,115.5,0.863,38.7,86.9,323.0,1831969.271,8780.285391,16611.0,168.662453,41.195582,255.0,2.4469,60.0,0.0057,44.041453,16.947142,42.0,2.5709,106.0,0.0057,-236.975607,70.85413,-255.0,39.1172,-218.0,0.3872,5.978235,0.2075,6.0,98.9118,4.0,1.0883
40428313.0,13.381756064000001,46.63479484,0.0,0.0,0.0,0.0,26.60169305,0.0,0.0,0.0,-109.0989501,32.46217598,0.046,8.32,2.27,1260.0,1.87,0.087,3.28,0.187,143.0,26.4,30.9,2.06,39.5,4.54,21.7,0.22,8.49,0.067,2.56,59.6,23.6,0.91,1250.0,1.17,2.3,15.95,35.1,2170.0,25.7,101.5,0.005,0.27,11.2,0.5,1.6,614.0,0.91,0.06,11.85,0.654,0.325,1.66,113.5,0.918,37.1,90.3,330.0,4187933.512,13168.24177,37560.0,169.209585,44.260823,255.0,4.5845,44.0,0.0074,40.624342,26.008303,32.0,2.022,167.0,0.0025,-185.628577,34.004412,-201.0,18.1176,-94.0,0.1306,5.641524,0.752838,6.0,80.9921,5.0,2.1681
40428315.0,100.0,0.0,0.0,0.0,0.0,0.0,0.0,0.0,0.0,0.0,-109.1400368,32.46000859,0.049,8.61,2.78,1400.0,2.19,0.138,2.74,0.183,174.5,24.4,27.1,2.46,33.3,3.93,22.4,0.25,9.05,0.056,2.96,66.5,27.8,0.7,1430.0,1.44,2.42,16.9,27.0,1490.0,34.7,129.0,0.005,0.32,8.6,0.2,1.92,519.0,1.03,0.09,16.5,0.562,0.437,2.07,100.0,1.235,37.0,85.6,334.0,6955292.654,20747.96058,63886.0,152.149188,43.53742,255.0,1.948,20.0,0.0075,41.225278,25.25129,37.0,1.9898,173.0,0.0015,-194.514674,136.875874,-94.0,15.6428,-383.0,0.0685,4.117287,1.271731,4.0,53.478,7.0,0.327
40428312.0,19.55666547,0.0,0.0,46.15268767,0.0,0.0,26.2501353,0.0,8.040510847,0.0,-109.0507764,32.47011897,0.049,8.3,3.83,1360.0,2.04,0.119,3.18,0.186,182.5,28.7,33.6,2.29,36.0,4.87,21.0,0.26,9.14,0.067,2.7,72.7,26.9,0.76,1470.0,1.07,2.15,17.95,36.9,2500.0,32.1,111.5,0.005,0.34,10.65,0.4,1.68,581.0,0.97,0.07,12.5,0.712,0.32,1.75,123.0,1.165,46.2,90.1,363.0,2134772.337,11528.36038,20550.0,132.168467,35.173672,134.0,1.6091,22.0,0.0292,34.742501,17.129725,1.0,4.9905,100.0,0.0048,-212.025835,67.363662,-161.0,37.6122,-104.0,0.1377,4.633401,0.481876,5.0,63.3401,4.0,36.6599
40428262.0,26.896851274,19.30944595,0.0,0.0,0.0,0.0,0.0,0.0,0.0,0.0,-109.4415124,32.81974659,0.089,6.85,4.96,650.0,2.6,0.319,2.17,0.244,100.5,15.7,143.0,4.54,47.4,4.87,19.15,0.28,4.76,0.086,2.3,50.2,30.4,0.75,799.0,1.74,1.575,33.9,32.5,650.0,20.1,114.5,0.02,0.84,11.2,0.6,3.39,353.0,2.17,0.04,15.85,0.801,0.441,2.66,145.0,1.785,38.4,114.0,176.5,6996678.519,16508.13092,66856.0,118.041567,34.047617,106.0,1.6319,209.0,0.0015,81.691027,34.153251,87.0,1.2351,4.0,0.0015,-41.003646,25.938593,-56.0,16.5637,63.0,0.0969,8.52152,3.373227,7.0,83.0942,16.0,16.9058
40428241.0,100.0,0.0,0.0,0.0,0.0,0.0,0.0,0.0,0.0,0.0,-109.4307968,32.8872945,0.115,7.55,4.49,790.0,2.22,0.277,2.9,0.282,88.6,13.85,60.2,4.06,63.8,3.59,18.7,0.27,5.09,0.071,2.3,44.5,28.3,0.91,670.0,1.78,1.52,19.95,32.2,970.0,18.9,96.3,0.02,0.69,11.4,0.6,2.26,341.0,1.19,0.06,9.85,0.529,0.403,1.94,83.1,1.355,32.1,90.3,208.0,3841429.568,12702.47572,37032.0,137.870841,37.353396,126.0,2.1759,218.0,0.0081,37.069683,18.225966,38.0,2.5143,113.0,0.0027,337.958607,53.665705,283.0,24.0455,412.0,0.2266,8.704628,5.164057,4.0,51.9268,17.0,17.1754
40428336.0,100.0,0.0,0.0,0.0,0.0,0.0,0.0,0.0,0.0,0.0,-109.0658711,33.10884178,0.012,7.24,2.71,840.0,3.61,0.211,0.81,0.232,94.9,5.58,27.1,3.08,31.2,2.03,19.2,0.16,5.39,0.052,3.44,46.3,28.7,0.3,944.0,2.83,2.52,31.6,13.05,290.0,25.4,148.5,0.01,0.51,5.33,0.2,2.67,175.5,2.14,0.09,16.5,0.328,0.443,2.91,41.5,1.385,25.0,104.5,174.5,13488307.96,28981.84045,4744.0,126.206788,49.999128,118.0,0.0512,7.0,0.0008,102.995138,53.007046,55.0,0.0374,8.0,0.0008,-44.593128,39.627726,-20.0,16.4239,5.0,0.0782,11.911238,8.961385,23.0,39.3682,11.0,0.0138
40428265.0,100.0,0.0,0.0,0.0,0.0,0.0,0.0,0.0,0.0,0.0,-109.397283,32.84324203,0.064,7.79,3.83,740.0,2.76,0.247,1.8,0.207,95.6,11.6,55.5,3.7,42.6,3.65,19.95,0.26,5.43,0.065,2.57,47.7,24.2,0.65,672.0,1.74,1.795,26.6,24.2,810.0,19.15,119.5,0.01,0.61,9.64,0.5,3.35,323.0,1.59,0.02,11.95,0.569,0.414,2.1,78.8,1.41,34.3,92.0,221.0,8041368.912,17070.08762,76047.0,136.970084,34.730528,125.0,1.5797,22.0,0.0013,92.142395,31.700124,90.0,1.4041,4.0,0.0013,34.556582,75.657584,78.0,14.2803,109.0,0.0252,6.900763,0.687973,7.0,97.885,5.0,0.2172
40428264.0,96.34208079,0.0,0.0,0.0,0.0,0.0,3.657919488,0.0,0.0,0.0,-109.4223864,32.84709837,0.061,7.35,4.43,730.0,2.42,0.246,2.5,0.184,104.5,14.45,91.3,3.48,40.6,4.85,20.3,0.31,5.58,0.077,2.41,52.9,24.3,0.8,795.0,1.73,1.78,30.0,26.6,1080.0,18.2,101.5,0.01,0.62,11.9,0.9,3.14,374.0,1.77,0.04,12.7,0.822,0.398,2.16,125.0,1.425,36.4,111.5,230.0,7263436.81,20409.06073,69480.0,136.668969,34.380301,137.0,1.7334,31.0,0.0085,77.666173,30.274605,69.0,1.756,219.0,0.0014,161.515439,67.300059,109.0,15.6019,104.0,0.1896,5.181404,1.934897,7.0,50.0157,2.0,15.9533
40428242.0,43.64702145,28.176489723,0.0,0.0,0.0,0.0,0.0,0.0,0.0,0.0,-109.4073574,32.91299656,0.088,7.98,4.8,800.0,2.53,0.287,1.71,0.248,90.8,15.1,59.6,4.38,61.7,4.04,20.5,0.27,5.66,0.074,2.26,44.4,27.8,0.79,778.0,2.67,1.54,23.3,29.7,970.0,18.0,105.5,0.02,0.67,12.75,0.7,2.59,323.0,1.38,0.07,9.95,0.616,0.442,1.91,87.7,1.435,32.3,99.0,236.0,11863309.75,28657.51635,100382.0,162.089727,40.759874,255.0,2.3305,50.0,0.007,58.840231,24.2394,51.0,1.5534,177.0,0.0009,430.271397,151.829518,598.0,9.5909,446.0,0.175,12.077,6.045309,14.0,35.5091,19.0,0.1888
40428335.0,100.0,0.0,0.0,0.0,0.0,0.0,0.0,0.0,0.0,0.0,-109.0865546,33.08916484,0.055,8.4,2.96,870.0,2.11,0.23,2.29,0.292,85.2,25.1,77.3,2.43,97.3,5.36,22.8,0.17,6.2,0.082,2.07,39.4,20.7,0.77,965.0,2.96,1.81,21.5,37.9,1010.0,21.2,87.2,0.01,0.57,15.45,0.7,2.41,403.0,1.33,0.06,11.0,0.881,0.294,1.93,181.5,1.285,26.4,106.5,227.0,9896819.223,19510.25645,4970.0,158.606036,40.413852,152.0,0.1219,38.0,0.001,82.375504,27.087646,86.0,0.1271,6.0,0.001,68.786797,113.89177,82.0,14.8163,-96.0,0.0061,8.429055,5.936867,5.0,41.3146,11.0,10.3372
40428268.0,15.735057510333332,6.5668373036666665,7.4581057525,10.22501561,0.0,0.0,7.9530888,0.0,0.0,0.0,-109.3289795,32.85073742,0.073,7.93,3.92,730.0,3.19,0.249,1.56,0.256,124.5,15.9,80.7,3.72,50.4,4.06,21.1,0.29,6.26,0.079,2.67,56.3,26.9,0.66,916.0,2.9,1.77,30.4,32.9,830.0,23.3,131.0,0.02,0.6,10.8,0.6,3.75,300.0,1.77,0.04,15.2,0.609,0.399,2.41,92.7,1.555,42.3,108.5,248.0,9193867.315,21543.55177,85943.0,156.344833,38.455276,181.0,1.3214,47.0,0.0034,91.029372,28.755192,78.0,1.5802,11.0,0.0011,265.344954,199.601118,130.0,12.4967,23.0,0.0562,11.474788,4.398316,7.0,43.5064,12.0,2.1599
40428266.0,95.55040094,4.44959561,0.0,0.0,0.0,0.0,0.0,0.0,0.0,0.0,-109.361687,32.84432275,0.063,7.66,3.78,710.0,2.97,0.246,1.7,0.226,130.5,15.95,100.5,3.53,44.9,4.83,21.8,0.32,6.41,0.093,2.6,60.7,24.7,0.69,980.0,3.37,1.84,35.0,29.9,940.0,22.8,123.0,0.01,0.69,11.2,0.7,4.08,308.0,2.03,0.04,14.35,0.796,0.401,2.37,113.0,1.64,43.8,122.0,249.0,3651155.657,12901.64365,32010.0,160.987348,41.917649,255.0,2.6974,252.0,0.0113,90.93006,28.073817,86.0,1.5339,8.0,0.0028,75.043945,101.534181,86.0,24.0684,115.0,1.3253,13.143799,4.113054,16.0,66.4809,2.0,0.382
40428239.0,77.18474544,9.245016271499999,0.0,0.0,4.325222159,0.0,0.0,0.0,0.0,0.0,-109.4068057,32.85951935,0.049,7.62,4.47,860.0,2.92,0.208,3.0,0.232,111.0,13.5,41.0,3.02,42.1,3.77,21.1,0.3,7.02,0.073,2.69,51.9,27.2,0.76,860.0,2.06,2.04,28.8,25.3,1390.0,22.3,104.0,0.01,0.49,10.8,0.6,2.77,370.0,1.59,0.05,11.7,0.549,0.366,1.92,78.9,1.29,41.8,96.0,291.0,6558370.224,18182.50111,60395.0,148.02843,38.76212,147.0,1.8111,29.0,0.0094,67.483579,29.07511,66.0,1.5746,201.0,0.0016,255.603575,83.164152,367.0,18.4183,101.0,0.105,2.804262,0.980656,2.0,59.7869,4.0,40.2131
40428334.0,29.553318235,20.446681799,0.0,0.0,0.0,0.0,0.0,0.0,0.0,0.0,-109.1203208,33.1209147,0.059,7.7,2.52,1000.0,1.93,0.219,2.06,0.261,116.5,31.9,149.5,1.99,78.3,7.31,22.6,0.2,8.7,0.092,1.92,56.4,19.3,1.06,1255.0,3.19,1.65,24.9,60.9,1330.0,21.0,88.1,0.03,0.45,14.1,0.6,2.88,401.0,1.24,0.11,11.6,1.14,0.338,1.82,213.0,1.07,34.4,149.5,337.0,9130585.587,17029.36436,12305.0,176.354409,40.789974,255.0,0.5338,49.0,0.0011,99.814887,25.162709,94.0,0.2584,10.0,0.0011,159.6961,70.225912,150.0,12.7132,92.0,0.0033,18.571728,1.800765,19.0,94.6466,11.0,5.3534
40428263.0,10.859567821333334,43.93314659,0.0,0.0,0.0,0.0,23.48814999,0.0,0.0,0.0,-109.4261249,32.83640101,0.132,7.06,5.62,610.0,3.83,0.358,1.91,0.262,86.4,11.25,82.1,5.25,52.1,3.64,19.45,0.24,4.87,0.08,2.45,41.7,32.5,0.71,649.0,2.08,1.5,35.9,24.6,570.0,23.3,142.0,0.02,0.87,9.92,0.6,3.67,297.0,2.34,0.06,17.95,0.576,0.515,3.01,94.1,1.865,42.2,99.4,160.5,5889649.291,14225.31649,56140.0,122.345119,33.533332,122.0,1.5603,26.0,0.0088,76.381248,29.637785,58.0,1.6787,3.0,0.0018,11.910246,100.921621,108.0,19.3087,109.0,0.2234,7.0,0.0,7.0,100.0,7.0,100.0
40428269.0,0.0,49.999999865,0.0,0.0,0.0,0.0,0.0,0.0,0.0,0.0,-109.4906576,32.85279379,0.122,7.51,4.43,890.0,2.12,0.287,4.35,0.353,84.0,18.8,105.5,6.68,95.4,4.03,17.95,0.16,4.48,0.074,2.19,41.2,37.2,1.27,782.0,2.01,1.725,16.8,52.5,1430.0,23.1,101.0,0.02,0.65,11.95,0.7,2.18,563.0,1.04,0.08,9.19,0.597,0.415,2.13,117.0,1.715,26.6,99.6,180.0,1371745.964,7019.993996,13281.0,136.139447,27.205567,129.0,2.883,56.0,0.0452,41.357385,22.062235,28.0,2.4501,127.0,0.0075,-20.021978,78.986027,-109.0,42.0754,-23.0,4.8824,10.762027,3.388228,9.0,66.0383,3.0,2.1415
40428273.0,6.679645565,22.647169305,0.0,5.907396197,0.0,0.0,35.43897409,0.0,0.0,0.0,-109.5230505,32.8561841,0.086,7.56,4.67,970.0,2.19,0.25,4.32,0.302,92.4,19.25,151.5,4.75,57.0,4.84,18.9,0.19,5.12,0.064,2.3,45.7,31.0,1.0,864.0,1.75,2.08,24.7,44.9,1430.0,20.9,92.2,0.01,0.56,11.75,0.5,2.31,543.0,1.51,0.04,8.24,0.767,0.366,1.9,142.5,1.585,29.5,105.5,210.0,1190927.402,8195.268873,11509.0,127.035711,29.074242,118.0,2.4113,49.0,0.026,40.484688,29.163898,28.0,2.6067,150.0,0.0087,-161.519901,44.372446,-134.0,53.3679,-59.0,0.068,10.604589,1.65166,11.0,45.3376,14.0,13.9567
40428271.0,99.99999936,0.0,0.0,0.0,0.0,0.0,0.0,0.0,0.0,0.0,-109.5054304,32.84646273,0.083,7.45,4.88,880.0,2.41,0.25,4.39,0.377,98.3,20.6,126.5,7.08,69.3,4.87,19.05,0.18,5.26,0.072,2.26,47.6,46.9,1.35,980.0,1.61,1.54,23.4,55.7,1620.0,22.4,106.5,0.01,0.69,12.95,0.7,2.49,415.0,1.4,0.06,10.25,0.675,0.447,2.27,134.5,1.68,31.0,125.0,231.0,6592556.98,18464.03354,63702.0,127.2947,28.470443,129.0,2.0754,197.0,0.0031,41.103646,25.934772,1.0,2.1041,181.0,0.0016,-35.141281,119.276196,-117.0,17.408,108.0,0.8672,7.853987,3.527181,11.0,42.9892,9.0,23.5808
40428274.0,100.0,0.0,0.0,0.0,0.0,0.0,0.0,0.0,0.0,0.0,-109.5091801,32.87429178,0.066,7.7,5.03,1050.0,2.42,0.218,4.85,0.421,85.6,18.9,74.9,5.14,69.7,4.16,20.4,0.12,5.85,0.078,2.44,41.6,35.7,1.32,924.0,1.48,2.33,17.95,52.3,1890.0,25.7,74.9,0.005,0.43,12.15,0.5,2.06,619.0,1.08,0.12,8.08,0.598,0.315,1.52,113.0,1.505,29.3,96.7,224.0,643559.2642,4632.248814,6203.0,138.875544,26.899602,140.0,2.7956,198.0,0.0482,46.044779,21.10906,39.0,2.9795,112.0,0.0161,82.70417,33.79593,90.0,55.4209,-51.0,5.9953,17.0,0.0,17.0,100.0,17.0,100.0
40428275.0,95.77614106,1.4383826979999998,0.0,1.271635481,0.0,0.0,0.0,0.075458091,0.0,0.0,-109.5290974,32.8414566,0.047,7.36,5.46,840.0,3.38,0.34,2.86,0.338,124.0,15.3,91.1,3.55,72.0,5.67,22.1,0.14,6.85,0.103,2.38,60.2,37.9,0.87,982.0,3.61,2.17,43.0,26.4,2360.0,21.3,94.7,0.01,0.6,13.8,0.8,3.15,410.0,2.5,0.09,9.44,0.968,0.323,1.97,130.0,1.685,40.6,129.0,268.0,546550.2385,4763.478158,5297.0,103.578441,34.444823,78.0,2.6052,65.0,0.0566,48.141588,22.652528,37.0,2.7221,119.0,0.0189,-156.503892,17.989789,-170.0,46.7939,-115.0,13.788,9.0,0.0,9.0,100.0,9.0,100.0
40428272.0,99.99999963,0.0,0.0,0.0,0.0,0.0,0.0,0.0,0.0,0.0,-109.5345143,32.84866642,0.031,8.19,3.55,910.0,3.86,0.175,2.38,0.189,130.5,12.65,59.3,2.88,34.5,4.22,22.7,0.21,7.45,0.08,3.03,63.7,27.7,0.66,857.0,2.43,2.58,38.5,22.4,1700.0,23.9,133.0,0.01,0.4,10.2,0.4,3.18,417.0,2.39,0.02,12.05,0.654,0.391,2.34,99.0,1.51,46.8,102.5,289.0,5282248.102,20279.66525,50942.0,110.678654,29.948385,101.0,1.8077,33.0,0.0078,55.594145,30.174881,34.0,1.8111,208.0,0.002,-95.966772,88.718181,-63.0,19.3335,108.0,1.5666,10.0085,1.884705,11.0,66.3762,3.0,5.317
40428338.0,5.669655237,94.33034475,0.0,0.0,0.0,0.0,0.0,0.0,0.0,0.0,-109.5679457,32.99151488,0.068,6.73,2.95,960.0,2.09,0.221,1.22,0.167,93.9,11.65,111.5,3.03,33.3,3.09,17.9,0.18,3.49,0.058,2.45,46.8,24.8,0.48,696.0,1.71,1.89,23.4,33.5,470.0,21.4,110.5,0.005,0.66,8.2,0.3,2.26,295.0,1.31,0.07,12.4,0.505,0.429,1.89,78.1,1.28,21.0,75.7,121.0,2941572.46,11026.42984,27240.0,134.671806,52.391277,95.0,1.1236,252.0,0.007,107.946972,27.155986,104.0,1.6449,18.0,0.0035,40.193046,46.458321,61.0,26.0765,-7.0,1.4445,11.078095,2.464142,9.0,58.4381,14.0,41.5619
40428339.0,100.0000001,0.0,0.0,0.0,0.0,0.0,0.0,0.0,0.0,0.0,-109.5653175,32.9794252,0.074,6.99,3.52,880.0,2.27,0.26,1.6,0.201,89.6,13.95,132.0,3.53,42.1,3.41,18.15,0.18,3.78,0.056,2.31,43.6,26.4,0.7,675.0,1.26,1.65,19.0,45.1,600.0,21.1,101.5,0.005,0.68,9.93,0.5,2.1,304.0,1.17,0.11,12.35,0.523,0.426,1.87,82.5,1.32,22.2,81.7,137.0,2849304.825,10180.17485,27263.0,148.764736,54.363638,255.0,2.1969,5.0,0.0217,92.831455,26.411399,83.0,1.6775,11.0,0.0036,122.626389,77.789055,188.0,32.6009,-19.0,0.0461,12.034862,2.812968,14.0,65.6535,7.0,1.6814
40428337.0,100.0,0.0,0.0,0.0,0.0,0.0,0.0,0.0,0.0,0.0,-109.5311448,32.95572809,0.067,7.17,3.79,830.0,2.35,0.277,2.59,0.242,78.8,17.15,94.5,4.43,52.6,3.48,18.45,0.18,4.24,0.066,2.06,37.2,35.7,1.12,689.0,1.62,1.51,15.35,55.3,970.0,20.5,95.0,0.02,0.62,11.4,0.5,1.82,388.0,0.95,0.04,10.15,0.484,0.433,2.12,86.8,1.285,21.8,84.4,152.0,752.5871747,110.1348231,9.0,138.666667,24.904261,164.0,44.4444,118.0,11.1111,99.222222,18.146183,73.0,11.1111,73.0,11.1111,365.0,0.0,365.0,100.0,365.0,100.0,14.0,0.0,14.0,100.0,14.0,100.0
40428317.0,11.96002061,37.2914249015,0.0,0.0,0.0,0.0,1.497109832,0.0,0.0,0.0,-109.1982357,32.65393016,0.064,8.1,3.77,960.0,2.35,0.22,2.32,0.198,128.5,24.4,68.3,3.77,43.7,4.67,21.8,0.22,6.68,0.079,2.09,53.4,36.5,0.93,1035.0,0.89,1.58,18.1,63.4,1390.0,24.9,91.2,0.005,0.62,13.4,0.5,2.13,430.0,1.1,0.04,12.9,0.661,0.407,1.91,114.0,1.535,32.7,98.0,261.0,6270234.878,14063.59723,53665.0,135.56439,46.135965,255.0,1.4371,9.0,0.0099,73.572446,30.024275,65.0,1.2275,186.0,0.0017,-23.128878,231.728673,-194.0,18.3267,-394.0,0.1503,11.984942,2.991497,9.0,49.8283,11.0,0.634
40428322.0,48.964088015,2.071824772,0.0,0.0,0.0,0.0,0.0,0.0,0.0,0.0,-109.1300933,32.68376048,0.065,7.53,7.89,1390.0,2.25,0.263,5.45,0.307,202.0,36.6,63.0,3.26,41.4,4.63,19.4,0.23,6.88,0.068,2.43,67.9,39.4,1.07,2190.0,1.86,1.835,19.9,57.8,1550.0,48.9,108.0,0.005,0.71,9.98,0.5,2.23,536.0,1.25,0.11,14.9,0.668,0.424,2.62,147.0,2.46,40.1,92.4,250.0,313471.8462,4339.057651,4830.0,83.469979,27.321107,77.0,2.4646,17.0,0.0205,28.544989,18.735218,1.0,4.82,92.0,0.0203,-87.514349,18.174664,-102.0,47.6821,32.0,0.9231,5.046923,0.302729,5.0,97.6538,7.0,2.3462
40428316.0,99.99999973,0.0,0.0,0.0,0.0,0.0,0.0,0.0,0.0,0.0,-109.1860411,32.71487108,0.022,7.26,8.33,860.0,4.44,0.2,5.06,0.231,150.5,19.45,32.0,4.42,23.2,3.48,22.0,0.27,7.06,0.064,2.6,58.2,51.7,0.67,1215.0,1.08,2.07,30.3,29.3,1380.0,35.8,138.0,0.005,0.55,7.61,0.6,3.23,418.0,2.1,0.11,14.6,0.477,0.374,2.2,87.9,1.99,51.8,90.5,234.0,3200775.097,10386.31039,30814.0,96.670085,29.367795,106.0,2.0003,16.0,0.0032,73.483864,35.559209,52.0,1.5694,218.0,0.0032,-15.014279,92.044808,8.0,35.7649,-23.0,0.5952,6.152058,1.350859,7.0,71.7353,4.0,28.2647
40428323.0,100.0,0.0,0.0,0.0,0.0,0.0,0.0,0.0,0.0,0.0,-109.1504663,32.70060894,0.052,8.04,4.34,1060.0,2.13,0.196,3.71,0.198,140.0,25.9,83.2,3.43,39.8,5.03,22.3,0.23,7.18,0.069,2.23,62.2,32.2,1.11,1155.0,1.05,1.9,20.7,57.3,1890.0,26.3,95.5,0.005,0.56,13.15,0.4,2.17,535.0,1.26,0.07,13.6,0.748,0.374,2.07,138.0,1.78,39.3,101.5,273.0,1345860.831,9367.001506,12991.0,88.348472,30.37655,73.0,2.6116,184.0,0.0384,54.726053,23.285768,51.0,2.5017,139.0,0.0077,49.472939,32.232944,36.0,33.3609,-24.0,0.0828,2.899033,1.004101,2.0,55.3552,5.0,0.6138
40428319.0,25.15836751666667,24.52489734,0.0,0.0,0.0,0.0,0.0,0.0,0.0,0.0,-109.1646024,32.67739078,0.032,7.92,6.01,1260.0,1.76,0.165,4.7,0.239,160.0,30.4,68.0,2.31,41.8,5.35,20.6,0.26,7.69,0.063,1.94,64.6,42.1,1.1,1425.0,1.01,1.925,20.4,59.9,3010.0,33.4,60.8,0.005,0.5,13.05,0.3,2.01,603.0,1.13,0.08,9.92,0.814,0.261,1.5,143.0,1.33,42.1,94.7,299.0,4195616.794,10926.94972,40020.0,105.877936,41.514526,92.0,1.5347,188.0,0.0148,51.789791,24.779066,46.0,1.886,155.0,0.0025,187.270881,75.210457,181.0,26.8056,274.0,0.1159,2.488565,1.783609,2.0,93.0205,9.0,6.9795
40428318.0,100.0,0.0,0.0,0.0,0.0,0.0,0.0,0.0,0.0,0.0,-109.1944005,32.67110351,0.028,8.55,4.31,1380.0,1.99,0.122,4.14,0.233,180.0,34.7,47.5,1.53,45.0,5.46,22.5,0.25,8.95,0.073,2.07,71.2,38.0,1.15,1685.0,0.95,2.33,18.6,70.3,2990.0,33.9,60.6,0.005,0.37,13.1,0.5,1.97,668.0,1.01,0.06,10.8,0.801,0.241,1.41,145.0,1.155,44.3,98.1,353.0,6700975.463,15827.71629,60735.0,129.822442,39.193833,131.0,1.4398,20.0,0.0093,58.68854,27.497475,49.0,1.5021,172.0,0.0015,338.000212,113.268586,165.0,17.1482,37.0,1.4439,10.449012,3.648576,9.0,59.8554,2.0,7.3821
40428321.0,32.68804174,7.430928205000001,0.0,1.527615717,7.147845705,0.0,11.08659886,0.0,0.0,0.0,-109.1512345,32.68410112,0.053,8.85,5.3,1510.0,1.91,0.151,4.63,0.264,187.0,36.8,65.2,1.5,45.9,6.08,24.3,0.27,9.01,0.083,2.13,77.1,46.4,1.25,1780.0,1.01,2.37,22.1,70.2,3640.0,37.4,58.3,0.005,0.41,14.75,0.7,2.05,721.0,1.21,0.12,10.35,0.921,0.216,1.36,159.0,1.35,48.9,104.5,348.0,777260.403,5943.313241,7501.0,88.757766,27.569381,68.0,2.4894,18.0,0.0799,48.063067,23.527712,38.0,2.2367,127.0,0.0133,39.449198,55.836098,-3.0,48.011,-84.0,0.3913,4.170035,1.342033,5.0,72.3345,2.0,27.6655
40428343.0,13.507063903999999,13.186630752,0.677517491,3.9675579374999996,2.2166804315,0.0,7.91217935,4.956361423,7.191011782,0.0,-109.6133052,32.87738676,0.131,7.69,8.31,620.0,1.49,0.419,2.38,0.361,62.5,17.15,129.5,3.7,111.5,4.84,19.6,0.18,3.24,0.089,1.77,28.5,28.3,1.28,879.0,1.93,1.88,13.05,37.4,830.0,33.8,73.0,0.01,1.16,13.1,0.8,1.83,441.0,0.84,0.19,7.91,0.637,0.406,1.61,140.0,1.245,20.1,152.0,106.0,550721.0828,6527.230748,5344.0,182.070921,30.7194,185.0,2.9362,102.0,0.0374,61.090637,18.737413,64.0,2.2085,15.0,0.0187,-145.807269,27.925745,-173.0,42.6579,-160.0,0.1101,9.867293,3.986639,11.0,47.8196,6.0,4.6241
40428346.0,44.463937305,4.65180822,0.0,0.0,3.244578671,0.0,3.175738599,0.0,0.0,0.0,-109.5495381,32.94676519,0.061,7.04,3.98,900.0,1.9,0.258,1.4,0.197,102.0,10.9,102.5,3.64,53.1,3.73,17.5,0.15,3.48,0.072,2.42,53.3,26.0,0.53,712.0,1.73,1.88,20.5,22.5,510.0,24.0,99.6,0.005,0.75,8.01,0.4,2.37,299.0,1.3,0.06,17.7,0.58,0.476,2.42,99.1,1.48,21.7,91.4,128.5,16085235.91,26591.6764,152199.0,109.995756,51.511773,255.0,1.6741,2.0,0.0064,90.986187,34.44257,76.0,1.2759,5.0,0.0019,-123.288146,59.60836,-94.0,9.9756,5.0,0.0113,9.592212,4.176373,7.0,48.551,9.0,2.8235
40428347.0,0.230340607,99.76965926,0.0,0.0,0.0,0.0,0.0,0.0,0.0,0.0,-109.5179328,32.92162418,0.085,7.43,3.97,870.0,1.99,0.324,1.7,0.342,92.7,12.2,103.5,3.95,78.9,3.71,18.55,0.19,3.85,0.063,2.39,47.8,29.7,0.73,701.0,1.94,1.81,17.6,30.5,720.0,25.4,100.0,0.005,0.71,9.57,0.5,2.41,341.0,1.13,0.07,14.9,0.549,0.454,2.12,96.3,1.39,22.7,98.9,139.0,1317100.0,9343.179441,12747.0,137.182161,34.710059,114.0,1.6152,216.0,0.0157,54.081015,19.87215,57.0,2.3402,117.0,0.0079,-112.464258,14.44388,-110.0,39.0546,-90.0,0.0384,17.0,0.0,17.0,100.0,17.0,100.0
40428342.0,3.05966944,0.0,0.0,0.0,0.0,0.0,96.94033049,0.0,0.0,0.0,-109.6025644,32.8436278,0.121,7.28,6.16,690.0,1.89,0.395,2.99,0.339,84.4,19.6,191.0,4.38,79.8,5.49,18.7,0.17,4.35,0.089,1.97,41.5,34.9,1.25,860.0,2.08,1.615,18.55,52.3,990.0,27.2,88.8,0.01,0.97,13.4,0.6,2.51,428.0,1.14,0.09,14.45,0.793,0.427,2.13,171.0,1.63,28.2,126.0,148.5,8322990.511,20602.7384,80391.0,115.603413,35.300792,121.0,1.8261,248.0,0.0025,60.884784,30.413883,40.0,2.1693,179.0,0.0012,-85.550345,51.154521,-134.0,13.6571,-133.0,0.028,7.617357,2.644635,6.0,58.1117,17.0,0.7295
40428341.0,28.89802723,40.04617322,0.0,2.157772328,0.0,0.0,0.0,0.0,0.0,0.0,-109.5958249,32.84634861,0.105,7.36,5.27,710.0,2.5,0.403,2.64,0.36,85.0,16.8,120.0,5.52,68.3,4.47,18.95,0.21,4.47,0.074,2.22,42.5,41.5,1.2,714.0,1.46,1.405,18.45,42.5,960.0,24.5,108.0,0.01,1.01,13.05,0.4,2.35,382.0,1.15,0.12,12.85,0.625,0.484,2.13,125.0,1.72,30.6,112.0,151.5,1581146.167,7290.01244,15293.0,101.060224,30.165705,94.0,2.0865,194.0,0.0196,39.264025,17.957023,33.0,3.3394,118.0,0.0065,-10.964121,11.227829,-19.0,39.7352,-27.0,3.7414,5.566802,0.823854,6.0,78.3401,4.0,21.6599
40428345.0,15.663925089333333,53.00822452,0.0,0.0,0.0,0.0,0.0,0.0,0.0,0.0,-109.5593328,32.93869095,0.138,7.02,4.29,780.0,2.1,0.227,2.47,0.197,80.9,14.95,100.5,3.99,96.4,3.59,17.55,0.19,4.53,0.059,1.99,39.8,29.9,0.86,578.0,1.85,1.38,15.65,47.6,710.0,18.95,92.5,0.01,0.74,11.55,0.4,1.84,341.0,1.02,0.09,10.95,0.537,0.418,2.01,91.3,1.46,24.1,80.6,153.5,7322484.734,15464.82192,70784.0,132.975206,40.430376,127.0,1.6851,36.0,0.0085,66.83674,30.041201,56.0,1.8499,202.0,0.0014,-190.891248,42.478175,-183.0,15.6709,24.0,0.0028,7.780186,3.309173,6.0,59.9712,7.0,0.3189
40428377.0,42.43904909,15.12190064,0.0,0.0,0.0,0.0,0.0,0.0,0.0,0.0,-109.0862264,32.67319421,0.066,6.55,8.13,690.0,1.89,0.259,3.96,0.211,92.5,13.8,59.0,6.53,28.5,3.37,17.4,0.16,4.56,0.058,2.25,43.6,46.9,1.54,835.0,2.96,1.23,17.45,30.8,890.0,22.5,108.0,0.005,0.79,10.05,0.7,2.3,440.0,1.17,0.07,16.9,0.451,0.533,4.35,93.1,2.93,32.1,85.1,161.5,5004765.503,19294.71068,48329.0,92.430735,27.201923,94.0,2.0252,182.0,0.0062,18.897018,16.99582,1.0,16.9512,100.0,0.0021,-66.32993,66.426801,-114.0,21.1372,-128.0,0.6867,10.436156,5.532343,16.0,48.8171,7.0,19.2702
40428401.0,27.396405716666667,8.905391098499999,0.0,0.0,0.0,0.0,0.0,0.0,0.0,0.0,-109.487438,32.90972116,0.109,7.51,3.95,1020.0,2.12,0.288,3.3,0.301,75.5,21.7,158.0,3.32,93.2,4.14,18.6,0.19,4.62,0.061,2.37,38.8,24.6,1.2,725.0,2.01,1.915,16.75,63.1,1180.0,20.4,87.7,0.08,0.61,11.75,0.8,2.1,579.0,0.98,0.09,9.25,0.637,0.35,1.89,127.0,1.195,22.4,89.7,183.5,12836606.74,29909.91339,116458.0,151.138642,41.219054,255.0,2.6948,41.0,0.0024,60.407139,31.094962,52.0,1.7041,240.0,0.0008,-56.209779,78.352786,-106.0,10.6939,-96.0,0.0765,23.973924,7.301672,17.0,47.6799,19.0,0.9625
40428353.0,49.988542635,0.02291473,0.0,0.0,0.0,0.0,0.0,0.0,0.0,0.0,-109.0859622,32.61938013,0.058,6.58,5.62,650.0,2.43,0.255,6.13,0.267,103.0,14.05,48.6,7.67,31.2,3.37,18.3,0.19,4.77,0.064,2.33,49.7,73.3,1.95,958.0,0.84,1.085,18.2,30.5,1030.0,24.3,122.5,0.005,0.8,11.05,0.6,2.47,476.0,1.18,0.06,15.65,0.428,0.553,3.84,98.4,2.91,37.0,91.0,166.0,2540015.015,8557.778997,24503.0,99.512345,27.207254,90.0,2.1089,185.0,0.0082,15.93703,16.954865,1.0,31.2367,99.0,0.0041,-144.890907,41.659732,-124.0,43.733,-71.0,0.1038,5.631141,0.929485,5.0,68.4429,7.0,31.5571
40428350.0,37.27872117,11.333133649499999,0.0,0.7262425880000001,0.0,0.0,1.323805668,0.0,0.0,0.0,-109.1009323,32.63774601,0.069,6.3,4.92,590.0,2.44,0.288,3.22,0.19,118.0,15.5,92.1,6.47,27.8,3.83,17.0,0.2,4.89,0.065,2.11,55.7,54.6,1.19,894.0,0.85,1.145,21.9,30.4,840.0,25.4,108.0,0.005,0.85,10.35,0.2,2.96,347.0,1.48,0.04,16.9,0.59,0.525,4.0,123.5,3.96,38.1,93.5,170.5,6393371.236,18415.03028,61448.0,99.978209,40.141262,103.0,1.5554,242.0,0.0081,38.994646,25.747845,1.0,7.1704,152.0,0.0016,-111.301943,38.308711,-147.0,16.0877,-30.0,0.1141,9.057323,4.880392,5.0,43.3405,7.0,24.1692
40428324.0,9.697772705,90.30138152,0.0,0.00084588,0.0,0.0,0.0,0.0,0.0,0.0,-109.1259552,32.66215851,0.071,6.7,5.11,620.0,2.43,0.254,4.63,0.221,103.5,15.7,46.1,6.88,29.5,3.45,18.25,0.18,5.08,0.082,2.29,46.4,68.7,1.78,839.0,0.69,1.05,17.5,33.6,1000.0,24.6,123.5,0.005,0.81,11.1,0.5,2.27,434.0,1.14,0.06,15.15,0.438,0.538,3.66,94.2,2.7,35.8,91.8,171.5,6676749.12,17741.46495,64108.0,98.401214,40.249963,53.0,1.6045,216.0,0.0047,38.49365,21.071163,1.0,3.7943,145.0,0.0016,-20.260852,69.454057,29.0,16.695,58.0,0.0212,7.603796,1.77578,7.0,78.2902,5.0,1.7818
40428351.0,0.0,33.333333312,0.0,0.0,0.0,0.0,0.0,0.0,0.0,0.0,-109.1107609,32.62410953,0.053,7.15,5.03,830.0,2.39,0.244,4.0,0.252,124.0,18.65,56.2,5.45,30.2,3.69,17.9,0.19,5.15,0.069,2.31,56.6,48.5,1.06,1175.0,0.86,1.495,18.8,34.0,1210.0,30.3,106.0,0.005,0.73,9.55,0.3,2.57,409.0,1.24,0.07,14.75,0.508,0.5,3.17,108.5,3.19,38.4,87.0,197.5,5085223.24,15091.99363,48675.0,119.166246,42.978405,114.0,1.5964,15.0,0.0122,49.505364,23.676867,42.0,2.0287,160.0,0.002,-240.696839,160.962291,-431.0,22.3967,-211.0,1.6664,6.064018,0.997949,7.0,53.2009,5.0,46.7991
40428378.0,100.0,0.0,0.0,0.0,0.0,0.0,0.0,0.0,0.0,0.0,-109.5639247,32.78892759,0.073,7.2,4.12,810.0,1.94,0.285,5.06,0.327,101.5,17.9,136.0,3.74,53.9,5.06,18.8,0.19,5.4,0.076,2.25,52.1,32.2,1.12,857.0,1.71,1.75,22.0,41.4,1260.0,25.0,94.0,0.005,0.67,11.8,0.6,2.85,497.0,1.39,0.06,11.75,0.718,0.363,2.36,145.0,1.65,34.2,113.5,193.5,1129139.186,6967.093986,10720.0,92.121362,24.189972,86.0,3.8574,192.0,0.0091,34.274405,22.519517,22.0,3.4208,128.0,0.0092,60.26085,45.488265,102.0,54.2414,17.0,0.7622,4.408143,0.986008,4.0,84.968,6.0,4.2818
40428352.0,19.617547799,4.346464184,0.0,8.254158213,0.0,0.0,4.144086434,0.0,3.10909704,0.0,-109.0966259,32.62415119,0.064,6.9,4.64,680.0,2.19,0.26,3.23,0.187,121.0,16.6,106.0,6.07,29.9,4.48,18.5,0.2,5.47,0.076,2.22,58.5,49.9,1.25,917.0,1.01,1.295,22.3,35.1,980.0,23.0,113.5,0.005,0.83,11.85,0.5,2.84,379.0,1.48,0.06,17.1,0.662,0.518,3.47,133.5,3.18,37.9,102.5,192.5,2107499.214,8782.745106,20275.0,100.430432,30.782331,83.0,2.0713,19.0,0.0049,23.449404,19.703215,1.0,16.2367,95.0,0.0049,-163.179953,127.343056,-71.0,36.5672,-129.0,5.1607,6.94957,0.313555,7.0,97.4785,5.0,2.5215
40428325.0,97.8174457,0.0,0.0,0.0,0.0,0.0,0.0,0.0,2.182554363,0.0,-109.1102672,32.65016866,0.068,6.88,5.31,720.0,2.26,0.283,3.01,0.198,125.5,18.4,110.0,5.02,27.7,4.57,19.95,0.22,5.72,0.075,2.34,59.3,40.5,1.05,1005.0,1.15,1.51,23.3,37.4,960.0,27.5,119.0,0.005,0.8,11.9,0.4,3.16,393.0,1.57,0.07,18.35,0.701,0.521,3.46,139.5,3.36,43.6,104.0,184.0,5083602.038,13314.84239,48893.0,102.292884,29.584975,84.0,2.216,3.0,0.0122,40.293515,21.579507,1.0,2.5193,131.0,0.002,-74.156471,41.636879,-30.0,22.4726,-108.0,0.0219,12.291459,4.434049,16.0,58.8316,5.0,0.1691
40428376.0,10.335134511,39.664865458,0.0,0.0,0.0,0.0,0.0,0.0,0.0,0.0,-109.1389813,32.73957155,0.027,6.99,5.02,910.0,1.63,0.216,7.39,0.295,115.5,18.2,106.0,5.79,34.0,4.9,18.35,0.17,6.04,0.053,2.27,57.3,29.5,0.94,1045.0,1.26,1.93,21.5,35.1,1180.0,26.5,102.5,0.005,0.69,9.38,0.5,2.55,572.0,1.32,0.02,14.3,0.743,0.337,2.34,141.5,1.85,34.6,93.5,227.0,5943434.997,16958.9457,57106.0,94.439901,26.555737,93.0,1.948,175.0,0.0052,55.397236,27.703828,50.0,1.7741,200.0,0.0017,80.478067,77.30559,14.0,19.1299,61.0,0.5899,3.602979,0.48928,4.0,60.2979,3.0,39.7021
40428381.0,99.99999994,0.0,0.0,0.0,0.0,0.0,0.0,0.0,0.0,0.0,-109.5244325,32.78795742,0.087,7.76,3.9,840.0,2.59,0.284,2.14,0.252,107.5,12.9,65.4,4.17,45.9,4.09,20.7,0.21,6.2,0.067,2.72,52.3,29.3,0.7,764.0,1.65,2.03,28.3,25.2,1180.0,24.3,116.5,0.005,0.65,9.91,0.5,3.07,393.0,1.8,0.02,14.0,0.63,0.444,2.31,96.7,1.63,37.5,96.1,229.0,8367801.251,29142.92715,80448.0,87.359387,26.873229,86.0,3.2814,215.0,0.0012,43.648015,22.424492,32.0,3.3711,172.0,0.0012,85.25607,103.93731,30.0,12.7847,-18.0,0.0012,4.105125,2.565728,5.0,33.4786,6.0,3.2885
40428379.0,100.0,0.0,0.0,0.0,0.0,0.0,0.0,0.0,0.0,0.0,-109.4992457,32.78534629,0.061,7.89,3.84,880.0,2.41,0.282,2.2,0.285,122.0,13.15,60.9,3.88,47.4,4.25,20.8,0.21,6.33,0.072,2.68,61.2,27.2,0.69,877.0,1.91,2.02,27.3,23.7,1410.0,26.5,115.0,0.005,0.64,9.68,0.5,3.17,391.0,1.7,0.08,13.75,0.661,0.408,2.22,92.7,1.555,40.0,99.1,240.0,1485329.027,10131.9026,14432.0,75.004088,22.745539,86.0,3.5957,129.0,0.0139,41.742726,14.250374,36.0,4.343,6.0,0.007,-16.453721,30.813514,-37.0,39.6674,30.0,0.0204,3.830958,0.985609,3.0,58.4521,5.0,41.5479
40428344.0,99.99999999,0.0,0.0,0.0,0.0,0.0,0.0,0.0,0.0,0.0,-109.6085731,32.8938038,0.119,8.01,8.96,630.0,1.62,0.341,2.79,0.391,63.0,18.15,98.9,4.36,90.5,4.41,19.95,0.15,3.42,0.067,1.89,29.5,34.5,1.49,900.0,1.78,1.76,12.25,46.7,1120.0,31.4,80.3,0.005,1.23,13.1,0.6,1.64,417.0,0.78,0.13,7.66,0.544,0.443,1.46,123.0,1.225,22.2,137.5,115.5,4226161.329,11589.14018,40832.0,180.067006,42.399151,255.0,5.61,51.0,0.0073,67.327334,22.593498,58.0,2.3803,2.0,0.0024,-33.224031,43.542025,-5.0,26.8933,-128.0,0.0622,11.569036,3.794705,11.0,53.3711,21.0,6.6298
40428354.0,99.99999988,0.0,0.0,0.0,0.0,0.0,0.0,0.0,0.0,0.0,-109.5726264,32.86345557,0.068,6.21,3.8,760.0,1.17,0.205,8.62,0.495,71.1,14.35,82.8,3.61,65.8,3.37,15.3,0.16,3.72,0.062,1.82,37.6,43.2,1.23,681.0,1.56,1.47,13.0,42.1,1140.0,19.0,77.1,0.005,0.65,9.79,0.4,1.67,490.0,0.83,0.08,7.83,0.482,0.333,2.0,90.0,1.5,24.0,79.4,142.5,4312851.013,11895.23081,41733.0,133.160185,35.682693,145.0,1.8376,241.0,0.0024,53.883157,28.471626,1.0,1.6618,190.0,0.0024,-38.736414,38.852474,-24.0,29.4805,-114.0,2.1109,12.706732,2.989219,11.0,66.1946,6.0,2.9236
40428355.0,8.251484989,83.49703032,0.0,0.0,0.0,0.0,0.0,0.0,0.0,0.0,-109.5344604,32.87763013,0.077,6.38,4.76,690.0,1.42,0.306,3.26,0.288,81.5,16.5,206.0,4.28,81.4,4.57,17.15,0.15,4.25,0.066,1.93,41.1,28.0,1.2,683.0,1.72,1.445,17.45,50.7,990.0,18.55,86.3,0.005,0.67,12.35,0.7,2.34,415.0,1.14,0.12,10.15,0.696,0.389,2.16,137.5,1.54,24.8,96.4,161.0,418172.6901,3201.202579,4039.0,126.746719,29.653992,128.0,2.6485,227.0,0.0495,69.515994,21.324251,50.0,2.214,4.0,0.0246,-220.320398,22.846713,-215.0,54.6204,-88.0,0.8974,16.635783,4.695344,14.0,76.0383,25.0,23.9617
40428362.0,22.31975837,77.68024163,0.0,0.0,0.0,0.0,0.0,0.0,0.0,0.0,-109.5328843,32.91888606,0.092,7.65,4.94,800.0,1.95,0.308,2.92,0.274,85.0,16.15,117.5,5.1,127.5,4.07,18.9,0.16,4.4,0.069,2.11,43.7,30.4,1.09,646.0,2.35,1.325,16.2,54.6,990.0,21.4,95.0,0.01,0.84,12.45,0.4,2.15,357.0,1.01,0.07,11.3,0.554,0.451,1.99,101.0,1.55,24.4,99.4,172.5,12218636.24,25992.15366,118080.0,157.905191,49.540011,255.0,5.2541,44.0,0.0034,73.103106,30.28987,64.0,1.6678,236.0,0.0008,-168.07315,46.650348,-213.0,9.4409,-114.0,0.0017,9.588956,3.726926,9.0,53.3466,11.0,0.0034
40428404.0,10.346393653666667,47.6619541,0.0,0.0,0.0,0.0,21.29886497,0.0,0.0,0.0,-109.1510836,32.52140134,0.104,7.74,4.78,740.0,2.56,0.314,1.78,0.219,96.8,13.35,56.1,6.74,33.3,3.6,19.45,0.23,4.64,0.075,2.47,48.6,42.4,0.79,699.0,0.94,1.24,18.7,26.3,690.0,23.5,138.0,0.03,0.94,11.1,0.7,2.42,259.0,1.2,0.07,15.45,0.499,0.615,2.26,81.4,2.08,32.2,94.5,171.5,33668975.01,57339.85224,318564.0,106.570174,38.290916,95.0,1.4319,248.0,0.0022,46.615287,27.460136,30.0,1.9179,216.0,0.0003,61.35303,172.107596,126.0,5.7557,269.0,0.0181,5.921152,3.394479,7.0,29.0072,3.0,0.1817
40428385.0,32.23687916,0.0,35.31048203,0.215757805,0.0,0.0,0.0,0.0,0.0,0.0,-109.1650157,32.38302944,0.053,7.85,2.06,1030.0,2.3,0.209,2.13,0.177,102.0,10.4,29.4,3.18,20.6,3.75,22.1,0.18,4.64,0.073,3.13,50.1,23.4,0.63,746.0,1.15,2.41,20.6,14.75,1090.0,23.4,133.0,0.005,0.38,8.64,0.4,2.53,385.0,1.21,0.02,12.8,0.589,0.414,2.02,74.7,1.03,30.5,90.3,177.0,16033995.91,28318.8139,135538.0,123.647899,44.841103,114.0,1.3088,5.0,0.0026,68.096669,41.857406,52.0,1.1986,248.0,0.0039,-90.368123,103.964041,88.0,7.1682,-3.0,0.019,8.259273,5.318544,5.0,49.2497,23.0,0.7591
40428403.0,36.91777044,0.0,0.0,9.91840587,0.0,0.0,2.16001822,0.0,4.167629174,0.0,-109.1390821,32.50589213,0.103,7.55,4.17,720.0,2.54,0.266,1.46,0.157,94.1,11.95,53.1,6.27,28.7,3.44,19.15,0.2,4.67,0.058,2.49,50.0,38.5,0.71,629.0,0.8,1.36,18.45,22.4,560.0,21.2,143.5,0.02,0.82,10.45,0.4,2.34,266.0,1.23,0.09,16.15,0.503,0.62,2.39,80.2,1.895,30.4,84.8,164.0,3376022.434,20391.59605,32513.0,111.395995,35.989624,95.0,2.0962,30.0,0.0092,47.267765,25.603353,36.0,1.9299,146.0,0.0031,-283.939976,97.035816,-318.0,17.8301,-254.0,0.5912,3.628472,2.402925,2.0,54.1475,16.0,2.2991
40428357.0,0.0,100.0000002,0.0,0.0,0.0,0.0,0.0,0.0,0.0,0.0,-109.5019897,32.90981676,0.074,7.73,3.19,1040.0,1.76,0.271,3.92,0.43,91.4,15.85,85.6,2.99,110.0,3.79,19.7,0.16,4.83,0.06,2.36,46.8,26.1,1.12,736.0,2.69,2.07,16.05,51.5,1400.0,23.7,81.5,0.005,0.49,11.25,0.6,1.98,527.0,1.01,0.14,10.3,0.542,0.334,1.67,97.0,1.21,25.0,84.8,179.0,2663817.17,11575.83388,25794.0,127.653485,27.67085,122.0,2.326,62.0,0.0116,47.83,18.883766,44.0,2.3836,123.0,0.0039,-68.975728,30.555267,-37.0,46.1845,-137.0,1.1889,17.753877,1.564346,17.0,81.1531,21.0,18.8469
40428356.0,100.0,0.0,0.0,0.0,0.0,0.0,0.0,0.0,0.0,0.0,-109.5016602,32.88810533,0.08,6.9,4.15,780.0,1.8,0.347,2.86,0.309,95.7,20.8,263.0,3.9,107.0,5.44,18.85,0.16,5.03,0.095,2.0,48.4,24.4,1.27,821.0,2.65,1.59,21.9,66.5,1190.0,21.2,88.2,0.005,0.75,13.65,0.3,2.91,420.0,1.38,0.08,12.2,0.819,0.375,2.29,169.0,1.525,28.8,115.5,187.5,5564257.397,19312.97368,53615.0,133.776592,36.416424,114.0,1.6266,1.0,0.0056,57.340776,25.009091,54.0,2.1833,170.0,0.0019,-119.09716,31.061135,-90.0,18.7648,-86.0,0.0018,21.908824,3.433,25.0,50.7711,21.0,21.1784
40428361.0,100.0,0.0,0.0,0.0,0.0,0.0,0.0,0.0,0.0,0.0,-109.5301203,32.91092271,0.104,6.99,5.04,720.0,1.74,0.388,2.84,0.298,96.8,22.2,305.0,4.26,107.0,5.7,19.1,0.18,5.14,0.091,1.98,48.9,25.5,1.34,832.0,2.76,1.395,21.2,77.9,1150.0,22.8,87.6,0.005,0.86,15.0,0.6,2.75,397.0,1.24,0.05,16.6,0.899,0.381,2.32,185.0,1.6,31.1,120.5,191.0,8964362.439,19527.24313,86746.0,154.494893,43.30959,255.0,2.8634,33.0,0.0046,69.28607,26.057521,64.0,1.9057,211.0,0.0012,-123.255932,15.166432,-142.0,13.7071,-24.0,0.0113,17.507426,3.862598,17.0,74.5008,11.0,4.0797
40428348.0,15.74823924,42.125880375,0.0,0.0,0.0,0.0,0.0,0.0,0.0,0.0,-109.1275206,32.48946612,0.052,8.05,2.72,910.0,2.29,0.221,2.22,0.143,106.5,12.6,50.6,3.74,28.3,3.58,19.25,0.2,5.31,0.063,2.46,53.8,30.4,0.63,667.0,1.18,2.01,19.4,20.9,730.0,20.8,124.0,0.005,0.64,8.78,0.4,2.32,423.0,1.23,0.04,16.3,0.589,0.483,2.53,87.6,1.515,29.4,79.8,205.0,7569.229725,459.9328811,65.0,93.661538,26.873079,41.0,13.8462,88.0,6.1538,28.228571,16.785343,1.0,7.1429,11.0,1.4286,-279.0,0.0,-279.0,100.0,-279.0,100.0,7.0,0.0,7.0,100.0,7.0,100.0
40428382.0,7.6931004345,15.5372510065,0.0,15.6643925185,0.0,0.0,22.21051216,0.0,0.0,0.0,-109.2225039,32.39722721,0.085,7.69,3.93,890.0,2.63,0.449,1.89,0.357,123.0,10.75,24.1,5.39,30.0,4.37,21.1,0.16,5.4,0.084,3.1,56.8,30.1,0.72,848.0,1.65,1.865,20.9,12.95,1300.0,30.8,144.0,0.01,0.7,9.97,0.5,3.28,298.0,1.42,0.05,15.45,0.647,0.635,2.59,87.8,1.78,36.5,106.5,202.0,445481.0198,3870.198987,4248.0,115.306968,26.627742,99.0,3.6184,158.0,0.0235,44.420917,18.156779,35.0,2.7324,2.0,0.0234,52.184217,21.03362,61.0,85.058,2.0,14.942,14.366109,3.46921,16.0,81.8457,7.0,18.1543
40428359.0,10.4629659205,7.961049834,0.0,0.0,71.11301828,0.0,0.0,0.0,0.0,0.0,-109.4991126,32.93767611,0.069,7.07,4.52,930.0,1.92,0.385,3.79,0.418,96.4,21.1,164.5,3.66,153.0,4.73,18.4,0.17,5.43,0.081,2.15,48.4,23.4,1.51,746.0,4.19,1.665,18.5,72.1,1500.0,22.5,88.6,0.01,0.71,13.55,0.6,2.48,591.0,1.09,0.12,12.15,0.7,0.356,2.23,147.0,1.47,25.4,104.0,208.0,2390545.587,9016.53525,23145.0,152.198661,39.028417,145.0,2.1829,239.0,0.0173,59.277857,26.477035,46.0,2.0474,151.0,0.0043,-95.667146,26.34218,-105.0,46.2189,-16.0,3.3243,26.0168,7.935119,33.0,56.355,17.0,43.645
40428402.0,32.92746956,22.357510305999998,0.0,0.0,0.0,0.0,0.0,0.0,0.0,0.0,-109.1187389,32.48655194,0.068,7.96,3.53,900.0,2.08,0.196,2.78,0.164,96.9,16.9,57.9,3.28,37.0,4.14,21.1,0.22,5.57,0.059,2.27,47.8,27.0,0.85,756.0,1.22,1.945,15.6,33.4,1280.0,20.9,95.6,0.02,0.52,10.75,0.4,2.01,485.0,0.99,0.06,10.75,0.576,0.376,1.73,99.4,1.24,30.8,83.7,211.0,7254896.547,17032.68101,69890.0,125.589126,41.040764,127.0,1.4982,14.0,0.0086,43.484858,24.960118,1.0,3.5722,135.0,0.0014,-266.985554,96.112031,-144.0,17.1396,-255.0,0.0056,5.701797,1.483155,6.0,45.1869,2.0,11.6036
40428383.0,3.692653237,29.883767310666666,0.0,1.2097772629999999,2.940280469,0.0,0.0,1.296209757,0.0,0.0,-109.2087086,32.3853418,0.055,7.89,2.23,1050.0,2.48,0.273,2.11,0.206,130.0,8.93,23.2,3.51,18.95,3.56,21.5,0.18,5.58,0.071,3.37,60.3,25.7,0.55,801.0,1.41,2.4,22.0,12.95,1250.0,28.3,142.0,0.005,0.43,7.75,0.3,2.63,338.0,1.37,0.05,15.05,0.555,0.547,2.34,67.6,1.35,39.0,86.4,204.0,490228.8676,5563.733361,4737.0,97.04201,21.579867,99.0,5.1509,62.0,0.1267,43.397843,26.557828,26.0,3.0034,110.0,0.0212,-20.329473,55.497841,-59.0,65.667,-93.0,0.9928,16.0,0.0,16.0,100.0,16.0,100.0
40428384.0,100.0,0.0,0.0,0.0,0.0,0.0,0.0,0.0,0.0,0.0,-109.1780838,32.38440487,0.037,7.88,2.26,1170.0,2.78,0.305,2.64,0.216,145.5,7.9,14.8,3.34,14.3,3.27,22.1,0.2,6.17,0.072,3.66,64.0,27.2,0.47,861.0,1.44,2.54,23.9,10.55,1210.0,32.6,145.0,0.005,0.42,6.86,0.3,3.07,328.0,1.45,0.05,17.05,0.506,0.578,2.48,56.8,1.52,42.5,84.3,225.0,3889304.008,11987.68902,37338.0,99.264556,28.953127,85.0,2.1896,8.0,0.0053,44.59841,23.995742,1.0,1.8499,147.0,0.0027,-42.69038,82.89786,-3.0,29.1907,-224.0,0.0313,20.715595,3.282123,23.0,67.3656,16.0,32.6344
40428358.0,100.0,0.0,0.0,0.0,0.0,0.0,0.0,0.0,0.0,0.0,-109.4910167,32.92378072,0.059,7.67,3.2,1110.0,2.09,0.291,3.19,0.402,97.6,20.4,165.0,2.84,136.0,4.64,20.1,0.17,6.28,0.056,2.47,49.0,21.0,1.41,729.0,2.51,2.01,19.55,72.2,1580.0,22.7,89.8,0.005,0.51,14.2,0.6,2.28,663.0,1.11,0.1,11.3,0.721,0.331,2.21,147.0,1.24,24.0,94.1,234.0,10225907.89,24570.00312,98446.0,137.929444,40.636205,127.0,1.387,23.0,0.005,71.652701,37.174812,53.0,1.452,235.0,0.001,-9.315779,42.713944,24.0,11.2236,-105.0,0.1791,24.561359,7.1043520000000004,19.0,30.5824,31.0,17.0454
40428386.0,26.048659604999997,10.8759733555,20.82358086,0.0,5.327152887,0.0,0.0,0.0,0.0,0.0,-109.5921205,32.98021833,0.066,7.05,3.22,1040.0,2.41,0.222,0.93,0.167,90.6,5.61,39.5,3.75,35.9,2.13,18.7,0.14,2.48,0.043,2.77,46.6,28.2,0.38,635.0,1.88,2.12,19.2,13.65,350.0,23.0,117.5,0.01,0.58,6.05,0.3,1.86,227.0,1.2,0.04,13.0,0.318,0.454,1.95,42.1,1.315,17.3,65.4,82.8,7384193.425,15995.68712,47846.0,108.265017,39.716713,89.0,1.0083,227.0,0.0014,87.847858,30.387868,83.0,0.983,6.0,0.0014,-17.733318,28.062293,15.0,15.3893,-64.0,0.278,9.41284,1.735138,9.0,80.5738,7.0,7.9781
40428389.0,13.50817048125,14.604700708666668,0.0,2.152951344,0.0,0.0,0.000264598,0.0,0.0,0.0,-109.6485577,32.97865184,0.082,7.31,2.52,1140.0,2.07,0.202,1.77,0.129,83.9,9.56,45.8,2.58,93.8,2.94,19.7,0.14,3.04,0.054,2.68,42.6,23.1,0.63,643.0,1.57,2.37,17.2,21.2,580.0,21.9,96.9,0.01,0.43,7.16,0.4,1.79,411.0,1.03,0.06,10.2,0.421,0.392,1.53,72.2,1.045,16.1,71.3,113.5,3632348.976,10522.04942,23203.0,134.28255,45.595394,117.0,0.8208,244.0,0.0057,97.090143,33.415169,89.0,1.0099,6.0,0.0028,-69.507089,35.649546,-93.0,29.9362,116.0,0.7047,11.727575,1.276997,12.0,87.6315,21.0,0.8219
40428387.0,0.0,0.0,0.0,0.0,0.0,0.0,100.0,0.0,0.0,0.0,-109.5940985,33.00096979,0.047,7.46,1.95,1360.0,2.43,0.157,1.02,0.191,87.0,4.96,27.0,2.52,25.6,1.72,19.8,0.15,3.18,0.036,3.3,43.0,25.5,0.39,785.0,2.78,2.42,20.5,13.6,460.0,26.4,121.0,0.01,0.36,4.63,0.3,1.76,242.0,1.27,0.02,12.1,0.241,0.476,2.08,31.7,0.982,16.75,67.7,106.5,10980225.08,24589.67457,51804.0,122.389507,41.226169,127.0,0.6635,4.0,0.0028,84.334311,32.835983,82.0,0.6245,212.0,0.0009,56.28562,98.077856,120.0,10.3483,-19.0,0.0046,7.547425,1.963477,9.0,64.4182,12.0,0.015
40428388.0,100.0000001,0.0,0.0,0.0,0.0,0.0,0.0,0.0,0.0,0.0,-109.6190409,33.00986429,0.065,7.54,2.8,1120.0,2.6,0.281,1.71,0.216,75.1,10.05,51.8,3.04,45.8,2.83,20.2,0.15,3.83,0.047,2.73,37.5,28.4,0.7,851.0,1.94,2.15,18.8,25.8,660.0,25.2,103.5,0.01,0.46,7.25,0.4,1.95,388.0,1.2,0.05,10.85,0.389,0.447,2.27,64.4,1.085,18.15,78.0,135.0,5571964.994,15955.60231,15978.0,136.138002,50.741374,255.0,0.4733,10.0,0.0018,95.873373,37.447806,91.0,0.3534,2.0,0.0019,3.852525,49.627464,-57.0,19.5223,31.0,0.8639,8.762693,3.709198,12.0,43.0335,5.0,6.306
40428405.0,30.2865277215,13.18365913,0.0,0.0,26.24328553,0.0,0.0,0.0,0.0,0.0,-109.1324093,32.53267428,0.086,7.52,4.2,750.0,2.69,0.264,1.72,0.183,95.8,13.2,63.8,5.96,29.4,3.68,18.9,0.21,4.66,0.067,2.52,49.4,40.0,0.83,734.0,0.85,1.32,18.7,26.7,780.0,21.9,128.5,0.02,0.85,10.65,0.4,2.41,276.0,1.4,0.07,15.85,0.527,0.563,2.24,84.1,1.98,32.1,90.0,163.0,15337196.49,29842.64827,147733.0,97.152985,28.143495,99.0,2.1237,255.0,0.002,33.086176,20.441856,1.0,3.8776,149.0,0.0007,-89.252494,138.942165,-187.0,7.5634,-248.0,0.0654,9.112579,5.612542,16.0,39.7693,2.0,0.5172
40428412.0,33.788828865999996,32.4223423,0.0,0.0,0.0,0.0,0.0,0.0,0.0,0.0,-109.1551533,32.55615032,0.074,6.56,3.72,650.0,1.92,0.272,2.09,0.125,129.5,16.8,157.5,4.12,25.3,5.53,18.3,0.26,4.98,0.099,2.11,70.4,28.5,0.68,829.0,1.24,1.385,28.4,33.1,470.0,18.9,107.0,0.02,0.89,12.15,0.3,3.27,302.0,1.8,0.02,24.6,1.01,0.44,3.11,162.5,2.01,39.5,108.0,175.5,403904.7309,3040.277039,3904.0,93.602459,30.179174,97.0,2.8681,142.0,0.0256,26.891304,14.59011,22.0,3.4774,69.0,0.0256,96.958375,35.15967,108.0,91.0231,-15.0,8.9769,4.0,0.0,4.0,100.0,4.0,100.0
40428407.0,7.761788821,16.7052716982,0.0,0.0,0.0,0.0,0.764207825,0.185856027,0.0,0.0,-109.1090723,32.53602914,0.101,7.45,4.72,790.0,2.55,0.272,2.62,0.235,108.5,14.95,51.5,6.22,37.0,3.65,19.7,0.22,5.23,0.066,2.44,51.2,47.5,0.97,786.0,1.24,1.265,17.8,28.6,1040.0,26.0,128.0,0.03,0.74,11.15,0.9,2.45,316.0,1.14,0.06,16.15,0.49,0.578,2.25,87.7,1.865,34.5,95.7,200.0,11691428.68,23825.5833,112521.0,87.944828,28.095115,84.0,1.978,186.0,0.0053,33.844313,19.37127,1.0,2.4685,150.0,0.0009,-203.543248,116.731326,-238.0,9.832,-8.0,0.0355,7.640936,3.982283,7.0,49.0226,5.0,12.1831
40428406.0,100.0,0.0,0.0,0.0,0.0,0.0,0.0,0.0,0.0,0.0,-109.102959,32.53309317,0.096,7.67,3.95,820.0,2.5,0.281,1.78,0.221,101.0,14.5,55.2,5.8,37.5,3.62,19.7,0.22,5.67,0.075,2.53,50.0,39.7,0.8,774.0,1.1,1.41,18.45,27.1,860.0,23.5,142.0,0.02,0.77,11.1,0.6,2.58,299.0,1.23,0.06,16.2,0.512,0.573,2.53,80.3,1.85,32.0,92.4,207.0,4334149.933,15713.00786,41755.0,78.527554,25.37174,77.0,2.1523,163.0,0.0096,30.81811,17.850231,1.0,3.5147,109.0,0.0024,-274.027823,29.016549,-261.0,35.1593,-258.0,0.0047,6.991538,0.159101,7.0,99.7179,4.0,0.2821
40428363.0,0.0,50.00000003,0.0,0.0,0.0,0.0,0.0,0.0,0.0,0.0,-109.2621722,32.64961931,0.072,7.29,5.82,670.0,2.37,0.28,2.12,0.152,126.0,18.05,157.5,7.39,33.4,5.57,20.1,0.18,5.75,0.066,2.39,64.0,37.2,0.81,824.0,1.23,1.385,27.1,45.0,750.0,21.6,124.0,0.005,1.07,12.65,0.2,3.4,322.0,1.95,0.02,20.8,0.866,0.541,3.05,162.0,3.14,37.4,117.0,204.0,2815518.659,20211.1013,27194.0,102.933257,40.713928,119.0,1.5839,218.0,0.0073,59.086854,26.850927,45.0,1.8122,175.0,0.0037,232.56272,87.236571,254.0,31.0365,93.0,0.1007,15.548344,4.04922,11.0,37.0751,3.0,0.4552
40428366.0,46.813693295,0.0,0.0,0.0,0.0,0.0,6.372613395,0.0,0.0,0.0,-109.2656416,32.59983579,0.104,7.84,4.51,770.0,2.1,0.399,1.82,0.321,107.5,16.25,68.4,5.88,51.3,4.13,19.0,0.16,5.79,0.077,2.35,51.8,41.4,0.95,826.0,1.62,1.385,18.9,35.0,1000.0,24.7,119.0,0.005,0.84,12.55,0.4,2.62,326.0,1.13,0.07,14.95,0.549,0.526,2.17,91.3,1.98,31.8,104.5,218.0,5486722.634,12314.74092,50897.0,133.096175,43.972563,116.0,1.3266,33.0,0.0057,51.764161,31.250038,43.0,2.0478,218.0,0.0019,-214.240106,268.665162,-385.0,20.7398,-424.0,0.0868,12.642338,1.255066,12.0,78.8781,19.0,0.2171
40428411.0,10.62739599,89.37260415,0.0,0.0,0.0,0.0,0.0,0.0,0.0,0.0,-109.1140115,32.58112805,0.07,7.67,4.6,850.0,2.01,0.237,2.06,0.179,119.0,18.15,99.5,4.3,31.6,4.33,19.1,0.22,5.8,0.072,2.39,58.8,30.8,0.83,919.0,1.03,1.65,20.6,35.1,930.0,22.7,111.5,0.02,0.73,11.25,0.7,2.46,345.0,1.29,0.06,13.8,0.667,0.472,2.3,112.0,1.655,35.1,90.0,222.0,15808982.2,33170.68905,152212.0,99.88746,40.174788,97.0,1.4743,229.0,0.0033,45.784003,21.6308,45.0,2.0733,176.0,0.0007,-120.136976,180.182723,-144.0,7.3395,23.0,0.2994,3.748503,0.823538,4.0,50.3381,5.0,0.0138
40428408.0,96.34625313,3.653746846,0.0,0.0,0.0,0.0,0.0,0.0,0.0,0.0,-109.0965711,32.56053259,0.059,7.41,5.45,1180.0,2.17,0.296,4.87,0.215,165.0,26.1,73.4,4.53,31.4,4.55,19.3,0.27,5.94,0.077,2.44,60.7,39.3,1.0,1705.0,1.08,1.56,19.95,33.6,1330.0,41.4,111.5,0.02,0.78,10.3,0.5,2.44,438.0,1.25,0.15,15.5,0.665,0.461,2.1,128.5,2.45,38.1,97.5,228.0,3413191.171,11273.79215,32930.0,83.783966,34.737046,77.0,1.8493,255.0,0.003,29.775937,17.18338,1.0,3.6699,102.0,0.003,-258.102792,106.237741,-279.0,30.0416,-288.0,0.8197,4.064587,0.245795,4.0,93.5413,5.0,6.4587
40428365.0,37.933780015,24.13243997,0.0,0.0,0.0,0.0,0.0,0.0,0.0,0.0,-109.2759955,32.61127826,0.063,7.88,3.84,870.0,2.14,0.299,2.41,0.232,121.0,18.1,91.0,4.81,43.9,4.82,19.8,0.19,6.55,0.075,2.34,59.8,40.0,0.93,877.0,1.19,1.58,19.95,41.8,1170.0,23.7,109.0,0.005,0.71,12.5,0.4,2.58,394.0,1.24,0.07,14.35,0.692,0.457,2.13,124.5,1.77,33.8,105.5,250.0,11163211.17,23408.40232,102887.0,117.01835,42.389297,110.0,1.2828,248.0,0.0009,52.756101,33.819125,38.0,1.6964,217.0,0.0009,52.733909,281.176756,163.0,10.1957,89.0,0.745,12.367396,0.993443,12.0,75.39,11.0,6.3461
40428364.0,4.874163796,95.12583556,0.0,0.0,0.0,0.0,0.0,0.0,0.0,0.0,-109.2487839,32.64922959,0.058,8.2,3.78,950.0,2.07,0.266,2.58,0.23,121.5,19.4,79.7,4.22,48.7,4.79,20.8,0.19,6.62,0.063,2.3,57.2,34.4,0.99,892.0,1.11,1.775,18.65,54.2,1360.0,24.0,97.1,0.005,0.68,12.55,0.5,2.47,475.0,1.12,0.05,13.05,0.688,0.413,1.96,123.5,1.57,32.4,102.5,263.0,3262555.057,15733.84493,28704.0,126.290622,38.472856,120.0,1.6967,20.0,0.0032,48.198497,33.422616,33.0,2.079,190.0,0.0032,-183.041443,196.38405,-467.0,21.0755,-192.0,0.1336,13.175351,1.719797,15.0,45.9542,11.0,20.3275
40428409.0,100.0,0.0,0.0,0.0,0.0,0.0,0.0,0.0,0.0,0.0,-109.1026862,32.56887434,0.042,8.07,6.39,1090.0,2.25,0.256,3.32,0.261,187.0,35.1,113.5,3.4,39.9,5.64,21.5,0.26,6.94,0.066,2.09,69.5,39.2,1.12,1865.0,1.47,1.815,25.8,61.3,1760.0,41.6,78.0,0.02,0.64,13.75,0.7,2.33,454.0,1.54,0.1,11.75,0.936,0.374,1.64,163.5,1.945,42.2,102.5,262.0,6761194.41,13729.6959,65131.0,109.897315,35.801931,118.0,1.636,217.0,0.0092,43.071551,20.643076,41.0,2.175,139.0,0.0015,-194.279971,161.329735,-53.0,16.8438,-323.0,0.5397,4.0,0.0,4.0,100.0,4.0,100.0
40428367.0,99.9999998,0.0,0.0,0.0,0.0,0.0,0.0,0.0,0.0,0.0,-109.2740339,32.56834766,0.049,8.21,3.51,990.0,2.03,0.278,2.74,0.297,136.0,20.0,81.5,3.9,39.5,4.83,20.8,0.22,7.18,0.062,2.14,65.7,46.7,1.1,1085.0,1.34,1.82,18.9,43.0,1580.0,29.0,89.1,0.005,0.65,12.85,0.7,2.4,446.0,1.14,0.06,15.0,0.67,0.388,1.98,114.0,1.715,39.2,99.9,265.0,26103059.51,32974.49379,251449.0,121.435039,37.194525,116.0,1.6907,239.0,0.0008,41.677759,25.524225,31.0,2.0207,200.0,0.0004,57.688981,189.569221,83.0,4.4418,292.0,0.0039,13.896835,2.445677,12.0,54.2112,2.0,0.0377
40428392.0,100.0,0.0,0.0,0.0,0.0,0.0,0.0,0.0,0.0,0.0,-109.5480409,33.01777316,0.06,7.82,4.12,700.0,1.65,0.283,3.36,0.174,58.3,19.6,108.5,2.63,44.6,5.17,20.9,0.14,3.84,0.09,1.91,27.1,20.0,1.45,915.0,1.33,1.815,14.75,40.3,970.0,15.75,67.0,0.005,0.57,14.0,0.6,1.99,449.0,0.89,0.05,7.02,0.671,0.593,1.55,157.5,0.878,19.4,91.4,144.5,9104724.953,16755.55756,71226.0,171.482198,48.282053,255.0,5.0507,27.0,0.0057,105.826741,43.222044,255.0,1.1491,251.0,0.0057,12.122609,111.922423,8.0,12.6043,236.0,0.0111,33.668911,5.720661,35.0,81.259,6.0,4.0846
40428394.0,100.0,0.0,0.0,0.0,0.0,0.0,0.0,0.0,0.0,0.0,-109.5425813,32.97638747,0.101,7.58,4.84,740.0,2.07,0.39,2.34,0.314,78.7,17.25,118.5,4.96,79.7,4.33,20.0,0.15,4.29,0.07,2.24,37.7,29.2,1.17,683.0,1.73,1.355,16.4,56.8,970.0,21.1,102.5,0.02,0.77,13.6,0.5,2.29,345.0,1.01,0.07,10.2,0.603,0.455,1.85,101.5,1.55,25.0,98.0,169.0,928756.5409,6271.927493,8840.0,149.47681,36.822973,138.0,2.4071,76.0,0.0222,72.759205,26.647507,67.0,2.5078,2.0,0.0111,315.190704,64.896652,365.0,55.6112,242.0,8.1202,11.304324,6.824532,6.0,49.8337,31.0,7.5942
40428374.0,100.0,0.0,0.0,0.0,0.0,0.0,0.0,0.0,0.0,0.0,-109.1247863,32.78449805,0.063,6.55,5.72,810.0,1.57,0.181,4.78,0.193,97.7,17.75,123.0,4.18,37.3,4.78,17.3,0.19,4.35,0.067,2.07,43.9,31.0,1.07,839.0,1.26,1.555,16.95,41.3,1030.0,18.75,89.7,0.005,0.69,10.85,0.6,2.4,492.0,1.06,0.02,11.2,0.702,0.394,2.24,149.5,1.815,28.6,91.4,166.0,4058582.531,14827.60317,39156.0,105.361605,25.416725,101.0,3.1427,203.0,0.0051,26.609311,20.865157,1.0,10.5855,128.0,0.0025,-95.354655,39.63117,-81.0,26.4155,-2.0,0.015,11.345624,5.060243,9.0,76.3413,3.0,2.7412
40428437.0,0.0,100.0,0.0,0.0,0.0,0.0,0.0,0.0,0.0,0.0,-109.1766337,32.55095815,0.086,7.4,4.81,720.0,2.35,0.265,1.62,0.171,102.5,13.85,82.5,5.44,27.8,3.96,19.05,0.21,4.64,0.07,2.4,54.2,37.9,0.7,740.0,0.93,1.39,20.3,28.5,510.0,21.1,122.0,0.02,0.84,11.35,0.7,2.45,278.0,1.3,0.05,17.85,0.628,0.526,2.36,98.2,1.92,33.1,86.8,175.5,3274097.845,13099.72428,30208.0,125.120101,41.308404,130.0,1.49,237.0,0.0032,51.341527,27.572013,32.0,1.7903,171.0,0.0032,259.772066,118.675411,444.0,26.8507,282.0,1.1884,5.607446,2.674032,4.0,47.9739,6.0,2.4218
40428436.0,30.51500703,69.48499266,0.0,0.0,0.0,0.0,0.0,0.0,0.0,0.0,-109.1737351,32.60431391,0.092,6.86,4.01,750.0,1.94,0.299,1.41,0.228,92.0,14.6,72.7,4.19,35.2,3.36,16.55,0.21,4.67,0.051,2.19,46.3,28.4,0.59,767.0,1.41,1.455,17.2,27.0,600.0,21.7,109.0,0.03,0.74,9.27,0.7,2.09,289.0,1.1,0.12,12.9,0.539,0.478,2.35,82.4,1.65,28.4,77.0,177.0,7474410.565,16071.40438,48259.0,143.109451,46.76843,255.0,1.3131,29.0,0.0055,69.435919,24.174184,58.0,1.2988,7.0,0.0014,107.316168,175.737848,177.0,15.374,-173.0,0.0556,8.817208,2.479794,11.0,56.3442,6.0,43.6558
40428371.0,18.063869273999998,31.936130695499998,0.0,0.0,0.0,0.0,0.0,0.0,0.0,0.0,-109.0695562,32.76019141,0.083,6.52,9.28,710.0,1.69,0.185,3.82,0.176,86.3,15.7,85.7,5.88,35.4,4.34,16.45,0.17,4.68,0.052,2.17,43.1,36.1,1.02,729.0,1.13,1.53,19.35,30.0,980.0,19.0,104.0,0.005,1.1,10.95,0.5,2.26,368.0,1.12,0.06,12.2,0.648,0.486,2.1,133.5,2.56,27.9,86.6,168.5,23809775.33,38566.77402,221815.0,114.744346,31.296597,119.0,1.8515,218.0,0.0013,37.947377,30.85432,1.0,8.1769,214.0,0.0004,-51.199979,54.100801,-34.0,7.1504,-81.0,0.0038,18.831641,5.278252,17.0,32.0437,25.0,3.7069
40428434.0,100.0,0.0,0.0,0.0,0.0,0.0,0.0,0.0,0.0,0.0,-109.1549927,32.5841126,0.081,7.1,4.17,690.0,2.03,0.26,1.76,0.156,105.0,14.1,80.4,4.7,28.4,3.79,17.95,0.21,4.69,0.079,2.19,53.5,30.5,0.69,730.0,1.0,1.42,20.4,27.8,500.0,20.7,113.0,0.02,0.77,10.55,0.7,2.54,296.0,1.33,0.02,15.6,0.623,0.489,2.37,99.4,1.88,32.4,84.7,186.5,7759553.539,19950.85515,72376.0,121.512615,46.685586,104.0,1.2402,254.0,0.0013,56.180893,23.892158,48.0,2.0137,179.0,0.0013,-212.002428,169.572809,-171.0,14.4896,-87.0,0.1279,5.723702,1.314481,6.0,75.5031,5.0,5.0065
40428375.0,100.0,0.0,0.0,0.0,0.0,0.0,0.0,0.0,0.0,0.0,-109.129163,32.77402167,0.069,6.47,6.08,810.0,1.44,0.174,5.83,0.225,84.2,17.9,122.5,4.3,41.6,4.74,16.65,0.16,4.74,0.049,2.0,42.0,32.1,1.09,814.0,1.36,1.585,16.85,40.1,1140.0,18.25,88.5,0.005,0.7,11.25,0.7,2.21,496.0,1.07,0.07,10.6,0.724,0.356,2.24,150.0,1.995,28.5,90.9,181.0,6354591.95,20912.1364,61354.0,89.002738,27.426267,78.0,2.2031,188.0,0.0033,16.138721,21.322841,1.0,31.4378,132.0,0.0016,1.893291,45.011808,7.0,16.3973,-131.0,0.1101,6.82847,6.497123,3.0,68.1856,5.0,3.4941
40428435.0,0.0,100.0000001,0.0,0.0,0.0,0.0,0.0,0.0,0.0,0.0,-109.1636607,32.59279721,0.07,6.59,3.96,700.0,1.98,0.238,3.45,0.15,110.5,14.8,126.5,3.97,26.4,4.32,17.0,0.22,4.77,0.071,2.07,56.5,29.0,0.8,745.0,0.98,1.455,23.2,31.3,750.0,19.4,99.5,0.02,0.78,10.55,0.9,2.65,340.0,1.49,0.06,15.75,0.737,0.435,2.4,119.5,1.815,33.7,85.7,174.0,9675976.775,19416.0917,78623.0,132.931801,49.662906,255.0,1.5206,6.0,0.0054,55.412822,28.805169,40.0,1.5777,199.0,0.0011,-62.420289,177.261293,30.0,12.0335,-331.0,0.0209,7.702224,1.915198,6.0,52.985,11.0,14.5888
40428372.0,100.0,0.0,0.0,0.0,0.0,0.0,0.0,0.0,0.0,0.0,-109.0813822,32.79117276,0.06,6.48,8.27,1500.0,1.28,0.202,4.35,0.16,93.0,23.0,193.0,6.03,47.0,8.09,16.95,0.15,4.78,0.068,1.86,46.3,29.1,1.08,944.0,1.84,1.565,17.9,47.1,1170.0,20.8,87.6,0.01,0.99,12.65,0.6,2.57,388.0,1.06,0.08,9.78,1.025,0.342,2.05,275.0,3.0,27.5,135.0,171.0,15234083.61,30979.02454,144630.0,118.839985,31.777576,104.0,2.3949,23.0,0.002,34.942648,27.663313,1.0,6.4882,189.0,0.0007,57.914947,57.482272,122.0,7.5506,-26.0,0.028,21.753014,3.167317,21.0,58.8181,31.0,4.7736
40428391.0,100.0,0.0,0.0,0.0,0.0,0.0,0.0,0.0,0.0,0.0,-109.5573248,33.04883934,0.136,6.99,7.3,590.0,2.27,0.734,2.58,0.47,69.2,14.55,83.6,6.96,139.5,3.58,18.45,0.17,4.79,0.095,1.83,30.3,48.8,1.56,681.0,3.0,1.37,16.4,49.1,1200.0,26.6,97.7,0.04,1.14,10.9,0.6,2.87,348.0,1.06,0.18,10.45,0.507,0.526,2.25,94.0,1.735,22.4,103.0,192.0,1844068.042,7770.026977,16295.0,154.797852,44.726925,255.0,2.2109,43.0,0.0224,107.586912,30.051846,97.0,1.5211,11.0,0.0056,212.300817,46.626866,236.0,44.3737,93.0,3.7033,24.426731,11.351058,34.0,57.3158,6.0,0.0446
40428439.0,20.260849671499997,5.472912198,15.8232632015,0.0,13.51655897,0.0,0.0,0.0,8.842303272,0.0,-109.1946594,32.52588276,0.098,7.74,5.06,710.0,2.55,0.312,2.45,0.205,99.0,14.0,66.4,6.49,31.9,3.85,19.1,0.23,4.9,0.067,2.44,49.6,41.3,0.87,718.0,0.98,1.235,18.95,28.6,630.0,22.8,128.0,0.03,0.93,11.45,0.4,2.53,280.0,1.27,0.05,17.25,0.536,0.601,2.36,89.4,2.14,32.8,92.0,180.0,5321715.971,17557.379,51047.0,129.970576,40.750725,99.0,1.4433,33.0,0.0117,43.23184,21.593892,35.0,2.0276,127.0,0.0019,313.658205,128.65252,375.0,17.5978,248.0,0.0628,2.788182,1.215152,3.0,56.744,12.0,0.8534
40428373.0,0.0,99.9999999,0.0,0.0,0.0,0.0,0.0,0.0,0.0,0.0,-109.1098459,32.78698072,0.069,6.06,6.38,980.0,1.51,0.207,4.78,0.184,94.9,20.9,188.5,5.26,40.4,6.09,16.8,0.15,4.91,0.066,1.96,47.3,35.5,1.1,942.0,1.43,1.38,21.5,44.5,1150.0,19.5,92.2,0.005,0.8,11.95,0.6,2.61,439.0,1.3,0.04,12.25,0.956,0.366,2.52,207.0,2.37,30.1,116.5,180.5,3312592.222,14689.68633,32000.0,98.461687,25.980535,78.0,2.1897,172.0,0.0094,15.802247,20.272457,1.0,29.4487,111.0,0.0031,-12.153161,64.437674,-51.0,25.2883,166.0,0.2478,15.93392,6.269181,21.0,59.7155,3.0,3.8656
40428413.0,9.524473559,90.47552642,0.0,0.0,0.0,0.0,0.0,0.0,0.0,0.0,-109.1473951,32.58196226,0.077,7.1,4.51,730.0,2.0,0.251,2.09,0.148,105.0,15.9,109.5,4.32,31.7,4.17,18.45,0.22,5.07,0.062,2.16,54.2,31.4,0.79,753.0,0.94,1.465,20.8,33.3,730.0,19.85,106.5,0.02,0.75,11.7,0.6,2.48,315.0,1.29,0.04,13.7,0.651,0.446,2.24,110.5,1.735,31.8,89.7,193.5,831686.0742,6966.551077,8009.0,124.53802,43.690444,154.0,1.8957,6.0,0.0374,56.604997,18.183206,52.0,2.9694,2.0,0.0125,-86.170815,61.16057,-27.0,40.654,-331.0,1.3665,3.655914,0.938938,3.0,67.2043,5.0,32.7957
40428393.0,1.112413032,0.0,1.336897073,11.652646489,0.0,0.0,0.0,0.0,74.24539683,0.0,-109.5287595,32.99615212,0.057,8.28,2.53,970.0,1.74,0.172,3.35,0.181,73.7,25.4,173.0,2.26,63.6,5.13,21.5,0.16,5.1,0.058,1.99,35.0,19.1,1.83,820.0,1.35,2.21,14.25,97.1,1410.0,15.95,63.9,0.005,0.37,15.05,0.5,1.85,611.0,0.85,0.02,6.5,0.686,0.277,1.21,130.0,0.772,20.6,93.6,211.0,1857871.074,7551.790192,14139.0,176.00191,43.053043,255.0,4.3732,71.0,0.0111,89.132983,48.045409,255.0,1.2609,236.0,0.0056,-9.866739,69.610071,32.0,38.3656,154.0,7.5892,22.912648,4.392443,21.0,84.0613,33.0,15.9387
40428368.0,100.0,0.0,0.0,0.0,0.0,0.0,0.0,0.0,0.0,0.0,-109.0490183,32.76874568,0.134,7.34,10.1,770.0,1.78,0.253,2.76,0.24,93.1,18.2,89.2,6.89,47.6,4.79,18.8,0.17,5.2,0.068,2.28,45.9,41.8,1.1,764.0,1.4,1.485,17.65,37.3,1180.0,22.3,115.5,0.005,1.34,12.95,0.4,2.41,344.0,1.06,0.05,12.2,0.688,0.599,2.15,142.5,2.4,29.2,104.5,191.5,2410897.493,13707.29056,23261.0,123.77387,28.209513,127.0,2.4052,58.0,0.0043,33.03518,22.312023,1.0,3.2352,130.0,0.0043,-104.877739,30.661674,-101.0,25.6256,-143.0,4.3698,14.486914,1.106191,14.0,83.7695,17.0,16.2305
40428369.0,3.3908863795,79.74683088,13.4713964,0.0,0.0,0.0,0.0,0.0,0.0,0.0,-109.0578857,32.7533138,0.095,6.34,8.91,730.0,1.99,0.253,4.65,0.218,121.0,18.7,140.5,5.8,35.7,5.72,17.05,0.22,5.21,0.07,2.18,60.6,39.5,1.05,895.0,1.49,1.395,23.0,36.6,1050.0,22.6,108.0,0.005,1.42,11.5,0.7,2.96,389.0,1.32,0.04,17.4,0.882,0.521,2.62,190.5,2.55,33.8,115.5,193.5,2840654.437,14366.86178,27390.0,114.349544,28.388808,109.0,2.2094,32.0,0.0036,27.765603,24.372255,1.0,9.7391,120.0,0.0036,-67.130616,24.755336,-41.0,28.7856,-32.0,0.2784,13.60884,1.725189,14.0,95.1105,6.0,4.8895
40428438.0,37.72352962,15.500568837249999,0.0,0.274195023,0.0,0.0,0.0,0.0,0.0,0.0,-109.1883189,32.53160995,0.069,7.7,5.14,920.0,2.32,0.27,2.42,0.197,150.0,21.2,70.1,4.7,29.4,4.23,19.15,0.25,5.92,0.073,2.39,63.2,39.0,0.72,1200.0,1.11,1.555,23.4,33.1,760.0,31.8,113.5,0.02,0.89,10.5,0.6,2.55,330.0,1.63,0.06,15.45,0.646,0.499,2.19,110.5,2.07,38.2,88.5,224.0,2907263.404,9250.868949,27861.0,128.816123,36.493523,129.0,1.7471,244.0,0.0036,43.27428,24.479031,29.0,1.8848,140.0,0.0036,209.445103,77.305695,248.0,39.0362,126.0,2.3834,2.654596,1.265589,2.0,70.1736,7.0,5.5246
40428395.0,47.06549468,0.0,0.0,50.26269614,0.0,0.0,2.671809097,0.0,0.0,0.0,-109.4672511,32.96581584,0.071,7.9,3.61,1000.0,2.38,0.248,2.0,0.221,74.6,18.9,132.0,3.44,75.3,4.12,19.75,0.17,4.72,0.06,2.6,36.4,27.7,1.01,656.0,2.15,1.615,15.25,67.9,800.0,20.9,87.9,0.02,0.62,12.85,0.6,2.03,515.0,0.95,0.06,8.96,0.612,0.358,1.63,120.0,1.175,20.1,83.9,173.0,4263133.859,11727.79156,40714.0,134.977944,42.516391,123.0,1.3904,23.0,0.0024,80.292513,32.177189,67.0,1.3312,198.0,0.0024,136.486121,75.203448,146.0,25.1217,-35.0,0.0689,31.065367,0.355613,31.0,96.7317,33.0,3.2683
40428447.0,0.0,46.62677578,0.0,0.0,0.0,0.0,0.0,6.746448357,0.0,0.0,-109.1190771,32.82926776,0.059,7.05,5.39,780.0,1.45,0.172,3.03,0.147,77.2,18.6,118.5,5.1,46.2,5.22,18.05,0.13,4.75,0.058,2.04,37.3,23.7,1.14,714.0,1.35,1.62,16.7,39.0,1210.0,16.3,90.7,0.04,0.76,13.25,0.3,2.07,360.0,1.01,0.04,8.45,0.784,0.407,1.68,154.5,2.98,23.5,97.2,172.0,6468573.334,23177.97657,58715.0,112.014102,30.932313,99.0,1.8146,43.0,0.0032,39.583834,28.166894,1.0,4.7453,169.0,0.0016,-119.750968,64.497421,-62.0,14.2897,-123.0,0.1144,26.281126,8.187185,35.0,39.4113,14.0,24.1818
40428397.0,9.6358026945,60.25053591,0.0,16.15849551,1.576155828,0.0,0.0,2.743207438,0.0,0.0,-109.4721465,32.94396878,0.123,7.99,4.14,1030.0,2.64,1.205,1.98,0.652,76.3,18.95,105.5,3.72,168.0,3.76,19.85,0.18,4.85,0.08,2.73,36.2,25.9,0.99,710.0,5.31,1.665,14.0,61.4,890.0,25.2,97.9,0.04,0.77,12.1,0.8,2.22,514.0,0.92,0.2,9.93,0.523,0.386,1.88,99.8,1.33,20.5,94.2,175.0,542881.1527,4173.179861,5251.0,94.12569,35.923571,90.0,2.6266,47.0,0.0381,63.581794,35.052312,1.0,3.5979,150.0,0.019,-1.394251,4.604851,-4.0,64.3457,8.0,0.2613,22.641065,5.516831,19.0,69.6578,31.0,30.3422
40428396.0,29.360381645,20.489947077500002,0.0,0.299342704,0.0,0.0,0.0,0.0,0.0,0.0,-109.4792813,32.96333257,0.075,8.43,2.97,1270.0,2.67,0.272,2.27,0.264,73.4,17.35,64.7,2.67,100.5,3.67,21.1,0.19,5.01,0.06,2.91,36.8,23.8,0.92,650.0,2.72,2.11,12.9,51.0,1170.0,23.2,87.0,0.03,0.42,10.6,0.7,1.78,671.0,0.77,0.08,8.43,0.499,0.318,1.58,104.0,0.953,17.25,83.0,188.5,4918875.486,12668.95153,46437.0,156.608976,47.304877,255.0,3.297,27.0,0.0126,78.659863,28.239794,72.0,1.5592,186.0,0.0021,150.704978,126.229437,264.0,23.1146,174.0,0.0247,32.709535,0.704671,33.0,85.4767,31.0,14.5233
40428445.0,50.000000125,0.0,0.0,0.0,0.0,0.0,0.0,0.0,0.0,0.0,-109.1071784,32.81970858,0.072,6.78,6.7,830.0,1.49,0.19,3.32,0.125,81.6,17.35,121.0,6.88,43.4,5.03,18.45,0.13,5.06,0.062,2.15,39.2,27.9,1.21,706.0,1.3,1.42,17.9,40.0,1190.0,16.6,101.5,0.02,0.88,12.9,0.5,2.16,349.0,1.1,0.05,10.1,0.801,0.43,1.88,151.5,2.76,25.7,97.1,183.5,4091407.195,12742.68245,39450.0,112.259949,27.818736,116.0,2.3263,212.0,0.0025,31.811124,20.204237,23.0,2.717,124.0,0.0025,-139.450496,41.008207,-114.0,28.226,-62.0,0.0372,31.037863,8.308442,35.0,80.5608,9.0,5.3423
40428446.0,0.0,100.0,0.0,0.0,0.0,0.0,0.0,0.0,0.0,0.0,-109.1244001,32.81621303,0.07,6.3,6.22,890.0,1.63,0.214,3.38,0.15,93.6,18.9,158.0,5.42,38.3,5.42,18.25,0.14,5.07,0.074,2.19,45.6,28.0,1.04,865.0,1.37,1.37,21.0,39.6,1100.0,18.9,100.0,0.02,0.98,12.1,0.2,2.64,357.0,1.33,0.02,10.85,0.886,0.441,2.12,174.0,2.83,28.8,107.0,181.5,2294248.934,9984.182534,22078.0,103.724885,25.737412,98.0,2.2044,184.0,0.0135,22.119167,25.799519,1.0,24.8141,119.0,0.0045,-131.682378,34.997724,-128.0,47.1926,-90.0,0.2916,12.920409,3.093416,14.0,73.3255,35.0,0.9774
40428441.0,100.0,0.0,0.0,0.0,0.0,0.0,0.0,0.0,0.0,0.0,-109.4277572,32.58321205,0.065,6.91,5.3,690.0,2.09,0.296,5.87,0.251,130.5,13.3,45.3,7.23,24.9,3.46,19.35,0.15,5.71,0.072,2.59,59.4,44.6,1.13,739.0,1.04,1.32,22.1,26.8,1320.0,26.1,133.0,0.03,0.71,10.2,0.2,2.74,389.0,1.51,0.08,16.45,0.489,0.534,3.4,76.3,2.36,36.7,85.0,200.0,1110533.216,7933.154988,10454.0,123.156878,31.185858,116.0,2.3584,204.0,0.0187,80.707422,30.458309,79.0,2.1417,7.0,0.0093,165.999635,19.479502,155.0,47.9358,126.0,0.3645,18.918733,3.451395,16.0,58.3038,23.0,41.6962
40428415.0,5.841633215,30.681083836666662,0.0,2.115115202,0.0,0.0,0.0,0.0,0.0,0.0,-109.1430669,32.7211348,0.091,6.88,4.31,720.0,1.91,0.256,4.16,0.223,82.4,13.7,71.8,8.79,39.4,3.71,16.8,0.2,3.89,0.053,2.24,39.5,47.8,1.33,652.0,0.99,1.355,16.85,30.8,840.0,19.4,111.0,0.01,0.8,10.25,0.4,2.15,415.0,1.07,0.06,10.4,0.518,0.449,2.35,103.0,1.585,26.7,82.7,152.5,970309.1139,8148.385954,9347.0,83.282016,27.696827,63.0,2.6431,143.0,0.0213,65.949171,24.615139,68.0,2.1317,1.0,0.0107,51.606908,14.974737,39.0,46.3216,14.0,0.1565,4.0,0.0,4.0,100.0,4.0,100.0
40428398.0,12.1134480865,37.886551835000006,0.0,0.0,0.0,0.0,0.0,0.0,0.0,0.0,-109.0758034,32.65056265,0.062,6.46,4.25,610.0,2.14,0.239,3.74,0.192,87.5,13.1,52.4,6.13,28.5,3.26,16.95,0.18,4.04,0.055,2.26,41.7,51.9,1.38,747.0,0.79,1.245,23.6,26.6,850.0,19.65,103.5,0.005,0.76,9.84,0.4,2.19,394.0,1.12,0.02,13.25,0.453,0.497,2.97,90.9,2.57,29.6,80.1,150.5,8778152.563,33995.15928,84501.0,101.078591,34.953738,83.0,1.8218,1.0,0.0047,24.871521,22.825593,1.0,17.112,157.0,0.0012,-180.141635,80.210176,-184.0,12.6807,-75.0,0.1559,6.400588,1.726067,7.0,58.3314,4.0,0.2844
40428244.0,0.0,46.465781535000005,0.0,2.3646147510000004,1.524094639,0.0,0.0,0.815112785,0.0,0.0,-109.2647376,32.95693127,0.145,6.98,6.03,720.0,1.79,0.55,4.87,0.796,76.6,19.3,139.5,8.91,271.0,5.32,17.6,0.18,4.06,0.105,1.86,38.9,26.3,1.2,814.0,5.74,1.205,16.4,48.2,1090.0,26.5,89.2,0.02,0.89,12.25,0.5,2.71,711.0,1.03,0.23,9.49,0.693,0.343,1.74,151.0,2.22,25.3,171.5,161.0,2464952.007,9733.7526,23845.0,119.880814,24.609317,117.0,3.0293,53.0,0.0084,55.727879,21.100178,44.0,2.6481,4.0,0.0042,-224.179263,17.72794,-223.0,29.7374,-212.0,1.0644,11.739721,1.508233,12.0,97.108,3.0,2.892
40428399.0,67.93857929,0.0,0.0,19.68125792,0.0,0.0,0.0,12.38016283,0.0,0.0,-109.0711604,32.63598447,0.069,6.49,4.17,570.0,2.13,0.245,4.4,0.173,90.7,13.0,48.9,6.98,29.6,3.25,16.4,0.19,4.22,0.061,2.31,42.5,56.0,1.57,741.0,0.69,1.125,17.6,27.4,860.0,20.4,114.0,0.005,0.78,9.72,0.1,2.4,397.0,1.15,0.05,13.3,0.426,0.535,3.11,93.3,2.49,32.4,85.6,151.0,238843.8044,4965.854717,2327.0,83.528148,25.633897,88.0,3.1371,35.0,0.043,9.115835,17.147871,1.0,56.5293,46.0,0.0434,-173.172619,6.541206,-178.0,62.3299,-159.0,8.5459,6.116623,0.993176,7.0,55.8312,5.0,44.1688
40428414.0,31.309004448,6.072986853,0.0,0.0,0.0,0.0,0.0,0.0,0.0,0.0,-109.1380179,32.67365777,0.064,6.42,4.63,660.0,1.96,0.234,4.04,0.149,107.0,16.15,122.0,5.48,30.8,4.57,17.25,0.22,4.34,0.069,2.19,54.4,50.5,1.3,836.0,1.09,1.255,22.6,35.8,840.0,19.4,102.0,0.005,0.8,10.9,0.5,2.83,434.0,1.47,0.02,14.9,0.704,0.464,3.52,139.0,2.3,32.3,95.6,163.5,3736131.391,12619.20844,35965.0,104.230474,35.286804,105.0,1.7523,223.0,0.0111,39.939311,22.027959,1.0,2.9069,118.0,0.0028,61.10214,51.534147,70.0,30.1565,-116.0,0.0787,6.541912,1.340123,7.0,49.8557,9.0,13.62
40428243.0,30.29751704,20.00630124,0.0,24.83213214,0.0,0.0,0.0,0.031920337,0.0,0.0,-109.2540901,32.93837072,0.126,7.45,6.61,760.0,2.26,0.313,3.06,0.311,87.5,17.8,63.9,14.15,101.5,4.11,18.75,0.16,4.44,0.087,2.28,41.1,42.2,1.57,695.0,1.61,1.22,16.05,49.3,1120.0,23.1,132.0,0.01,0.89,12.95,0.5,2.25,443.0,1.01,0.08,10.85,0.495,0.544,2.32,93.2,2.83,26.8,132.5,168.0,5534028.728,13536.92916,52888.0,131.0561,41.678084,136.0,2.012,241.0,0.0056,47.358144,24.296115,38.0,2.1842,159.0,0.0019,-108.85548,128.216934,-103.0,20.276,-147.0,0.0384,17.037657,2.039668,17.0,82.3459,11.0,6.6851
40428246.0,19.4313370315,30.56866293,0.0,0.0,0.0,0.0,0.0,0.0,0.0,0.0,-109.2824328,32.94324354,0.085,7.24,4.06,750.0,1.94,0.313,2.89,0.305,89.0,16.5,79.6,6.99,100.5,4.26,17.7,0.19,5.08,0.065,1.97,41.0,40.9,1.2,707.0,2.21,1.43,17.45,43.1,840.0,18.7,86.0,0.01,0.75,12.1,0.5,2.27,371.0,1.06,0.07,10.15,0.564,0.523,1.91,96.6,1.73,26.2,94.2,213.0,4893193.643,14381.87883,42849.0,157.293846,44.226197,255.0,2.8796,223.0,0.0042,64.123605,31.486964,52.0,1.3979,165.0,0.0021,21.287004,132.996249,126.0,23.4257,-103.0,0.5465,18.826994,4.08897,17.0,39.8024,21.0,2.2333
40428245.0,81.15102564,18.84897432,0.0,0.0,0.0,0.0,0.0,0.0,0.0,0.0,-109.2784062,32.95162003,0.086,5.96,11.05,700.0,2.23,0.495,4.26,0.507,111.0,39.1,405.0,7.11,213.0,12.1,21.4,0.27,9.52,0.148,1.87,53.1,23.7,1.12,1340.0,7.36,1.46,30.3,81.3,1330.0,33.3,76.6,0.02,1.97,14.75,0.6,5.63,479.0,1.73,0.22,16.4,1.625,0.339,3.43,441.0,3.8,42.9,225.0,347.0,12255316.98,29843.84822,115167.0,116.61561,27.858073,118.0,2.0817,22.0,0.0034,61.227409,28.740659,50.0,1.8762,212.0,0.0008,-236.90425,31.828483,-290.0,9.2724,-201.0,0.2968,5.394214,4.135653,3.0,27.7168,5.0,1.4651
40428247.0,13.02380208,61.08736837,0.0,25.88882866,0.0,0.0,0.0,0.0,0.0,0.0,-109.3136116,32.9716211,0.163,6.27,8.25,650.0,1.76,0.695,6.33,1.005,89.7,25.3,293.0,27.4,364.0,7.12,18.3,0.22,4.23,0.129,1.78,45.4,26.1,1.15,988.0,8.61,1.29,20.7,64.5,1040.0,38.4,89.2,0.04,1.11,12.2,0.7,3.56,737.0,1.24,0.34,12.9,0.975,0.329,2.08,228.0,2.6,27.3,202.0,157.0,7241660.692,17409.21873,70072.0,126.458928,25.349994,131.0,2.6226,214.0,0.0057,70.502789,26.277156,59.0,1.9382,3.0,0.0014,-133.455747,47.991645,-141.0,31.5666,-204.0,0.007,3.667042,3.141431,2.0,74.8363,12.0,0.5838
40428418.0,45.827819895000005,3.520312403,0.0,0.0,0.0,0.0,1.303735548,0.0,0.0,0.0,-109.0853292,32.58268709,0.075,6.92,4.0,650.0,2.17,0.257,3.77,0.194,101.0,14.8,61.7,6.19,29.0,3.73,17.95,0.21,4.35,0.069,2.26,46.9,45.5,1.19,780.0,0.8,1.245,19.9,29.2,850.0,21.3,111.5,0.005,0.77,10.65,0.3,2.5,372.0,1.27,0.02,17.05,0.549,0.523,3.23,101.0,2.86,33.9,86.5,164.5,4372339.131,13494.14475,42122.0,83.636152,26.371647,89.0,2.4295,153.0,0.0119,36.273281,20.8068,1.0,2.9034,127.0,0.0024,-226.356577,72.236952,-249.0,21.2759,-129.0,7.3207,4.354237,0.478282,4.0,64.5763,5.0,35.4237
40428417.0,0.0,0.0,100.0,0.0,0.0,0.0,0.0,0.0,0.0,0.0,-109.0867565,32.58380427,0.063,7.05,4.43,740.0,1.99,0.248,3.5,0.145,109.0,15.15,105.5,5.23,27.5,4.55,17.5,0.22,4.44,0.073,2.29,53.3,36.6,1.03,804.0,1.05,1.395,23.6,29.4,790.0,19.1,106.5,0.01,0.83,10.8,0.1,2.78,368.0,1.47,0.05,18.25,0.726,0.475,3.0,120.5,2.27,36.0,93.4,175.5,1630407.952,8932.337064,15777.0,101.613425,31.649901,96.0,2.8828,1.0,0.0127,36.617696,19.328241,28.0,2.3734,100.0,0.0064,-231.726707,86.559762,-249.0,48.3829,-145.0,9.286,4.0,0.0,4.0,100.0,4.0,100.0
40428443.0,34.326026410000004,13.6116127225,0.0,1.9895475645,0.0,0.0,0.0,0.145626601,0.0,0.0,-109.2382263,32.94968863,0.058,7.2,3.8,830.0,1.85,0.212,3.02,0.263,78.8,26.7,203.0,3.44,85.3,8.38,20.8,0.26,4.54,0.079,2.05,39.5,20.7,1.09,1125.0,2.71,1.795,21.3,57.4,1440.0,21.6,77.0,0.01,0.56,11.55,0.7,2.77,489.0,1.14,0.09,7.9,1.18,0.264,1.49,296.0,1.235,23.0,156.0,183.5,6212649.332,19445.48504,59141.0,95.871426,35.448653,39.0,2.0556,206.0,0.0066,53.64588,33.966796,45.0,2.2286,214.0,0.0017,-198.634311,43.457154,-231.0,19.6159,-163.0,0.0049,9.806576,1.751024,9.0,66.9383,2.0,1.8527
40428416.0,100.0,0.0,0.0,0.0,0.0,0.0,0.0,0.0,0.0,0.0,-109.1295897,32.73330767,0.074,6.9,3.72,790.0,2.06,0.206,4.19,0.172,94.6,17.8,137.0,5.15,35.1,4.82,17.85,0.22,4.62,0.065,2.16,46.2,40.3,1.33,777.0,0.94,1.5,19.35,41.8,1030.0,18.1,103.0,0.005,0.65,11.05,0.5,2.29,456.0,1.15,0.02,12.05,0.742,0.396,2.7,139.5,1.57,28.9,98.8,196.0,16934355.48,44083.03598,162523.0,96.87451,31.483121,110.0,1.6607,204.0,0.0037,45.830888,27.494391,1.0,4.5307,205.0,0.0006,39.444476,94.576028,52.0,7.252,-68.0,0.0934,3.734427,1.483214,4.0,45.4522,3.0,1.04
40428248.0,73.92248039,4.193442044,0.0,3.1967401824999997,0.0,0.0,0.0,2.9723321655,0.0,0.0,-109.3462777,32.97269348,0.08,6.71,12.15,960.0,2.32,0.413,7.4,0.713,82.1,24.7,259.0,13.5,212.0,6.26,18.95,0.22,4.82,0.087,1.93,42.6,33.3,1.16,1395.0,5.71,1.565,21.0,67.8,1400.0,23.1,89.4,0.02,1.34,13.4,0.6,2.6,635.0,1.16,0.14,9.36,0.939,0.447,1.87,184.0,3.85,26.3,142.0,196.5,1336124.862,7408.001366,12850.0,144.999066,29.815698,138.0,2.6505,219.0,0.0309,76.525023,32.974718,64.0,1.7211,2.0,0.0077,-2.490638,25.031153,-1.0,70.7831,48.0,3.328,9.024104,2.999903,12.0,50.4017,6.0,49.5983
40428421.0,100.0,0.0,0.0,0.0,0.0,0.0,0.0,0.0,0.0,0.0,-109.1449208,32.63505542,0.086,7.86,4.04,820.0,1.92,0.236,2.12,0.168,95.2,18.0,75.4,4.4,39.6,4.31,19.25,0.23,5.05,0.064,2.15,46.1,31.5,0.91,765.0,1.22,1.56,17.7,42.7,910.0,18.95,99.1,0.01,0.68,11.9,0.3,2.19,393.0,1.12,0.04,12.55,0.611,0.439,2.11,99.9,1.525,28.5,89.8,197.5,5485799.961,14772.56265,51162.0,136.654587,49.249275,255.0,1.4846,229.0,0.0151,57.421934,22.332101,55.0,2.3047,176.0,0.0019,-27.589559,94.606277,43.0,20.9525,27.0,0.1256,8.336739,1.13103,9.0,72.7965,5.0,1.7526
40428419.0,4.797229012,0.0,0.0,27.84857078,0.0,0.0,39.50562981,0.0,0.0,0.0,-109.1384713,32.61234335,0.053,8.04,3.75,920.0,1.83,0.243,2.41,0.18,118.5,20.9,80.0,3.81,37.7,4.56,18.45,0.24,5.42,0.067,2.16,53.4,32.6,1.01,1035.0,1.05,1.725,17.75,42.6,1190.0,22.3,92.2,0.01,0.61,11.4,0.3,2.2,405.0,1.09,0.02,11.65,0.643,0.403,1.97,105.0,1.495,31.8,90.6,226.0,9239768.72,20452.91301,79927.0,142.660653,43.403383,255.0,1.32,25.0,0.0034,61.067308,22.467687,63.0,1.8528,190.0,0.0011,-113.318284,110.170219,-202.0,12.4409,-147.0,0.3707,6.167195,1.897241,6.0,45.0182,15.0,1.0864
40428442.0,17.81005118925,1.4704464675,0.0,13.95560955,0.0,0.0,11.86329247,0.0,0.0,0.0,-109.3215533,32.96339179,0.095,7.1,5.06,880.0,1.86,0.375,5.48,0.539,93.0,17.4,69.1,12.45,167.5,4.51,18.95,0.24,6.45,0.077,1.7,43.4,44.7,1.35,698.0,3.45,1.61,16.4,48.3,1480.0,21.5,68.0,0.03,0.59,14.2,0.8,2.24,559.0,0.96,0.14,8.77,0.62,0.324,1.64,95.4,1.505,27.8,114.0,266.0,410355.4643,4641.982467,3911.0,126.79775,27.748777,119.0,2.8392,53.0,0.0251,67.016104,27.940806,54.0,2.6369,2.0,0.0251,-186.616465,17.499612,-204.0,50.3328,-169.0,49.6672,11.786071,0.410077,12.0,78.6071,11.0,21.3929
40428425.0,100.0,0.0,0.0,0.0,0.0,0.0,0.0,0.0,0.0,0.0,-109.274434,33.13253445,0.088,7.66,2.77,720.0,1.36,0.309,2.71,0.406,51.3,26.4,155.0,3.41,206.0,4.51,18.6,0.18,3.67,0.065,1.74,23.5,16.9,2.74,743.0,5.8,1.655,9.86,137.0,1100.0,14.2,44.7,0.02,0.41,15.15,0.3,1.75,516.0,0.57,0.14,4.77,0.514,0.202,0.88,105.5,0.867,16.5,100.5,147.5,2439416.781,8593.67565,20475.0,181.156874,39.855565,255.0,3.6568,47.0,0.0042,112.101548,28.10531,116.0,1.4186,24.0,0.0042,-201.249761,9.631785,-198.0,44.5658,-197.0,0.2783,15.473044,0.849892,15.0,76.3478,17.0,23.6522
40428426.0,14.7014262,0.241522708,65.80605701,0.0,19.25099385,0.0,0.0,0.0,0.0,0.0,-109.2858301,33.07780573,0.105,7.58,25.0,730.0,2.66,0.196,4.81,0.36,68.3,24.1,123.5,13.45,170.5,5.03,19.1,0.21,4.74,0.063,2.17,33.3,46.6,1.66,695.0,5.98,1.425,13.6,73.3,1490.0,26.6,88.3,0.02,2.47,14.0,0.4,1.84,440.0,0.73,0.12,6.85,0.711,0.346,1.36,150.5,2.49,21.0,115.0,197.5,24864334.22,33896.10568,198901.0,157.243619,41.474667,255.0,1.7995,43.0,0.0017,92.582759,33.486377,87.0,1.0702,249.0,0.0008,-92.798202,116.122687,-168.0,8.9026,0.0,0.0314,11.400759,3.252684,12.0,52.9996,2.0,0.4651
40428448.0,9.480308611,0.0,0.0,30.4940528105,0.0,0.0,29.53158527,0.0,0.0,0.0,-109.1059986,32.99367422,0.071,8.38,2.58,790.0,2.17,0.197,2.75,0.284,59.3,19.3,46.9,2.68,96.1,4.81,20.3,0.2,4.94,0.058,2.19,27.2,29.4,1.34,869.0,3.2,1.82,12.95,28.6,1830.0,14.6,85.3,0.01,0.33,11.45,0.4,1.72,545.0,0.72,0.05,5.22,0.583,0.319,1.13,110.5,0.665,19.2,96.6,204.0,2490020.621,9164.893384,12933.0,133.751798,38.740532,152.0,1.3717,11.0,0.0041,92.93203,38.100321,86.0,0.7044,8.0,0.0041,210.891967,17.747557,219.0,38.883,115.0,0.0163,27.161312,3.844546,25.0,75.9854,34.0,24.0146
40428427.0,28.567529225,20.968817771,0.0,0.0,0.0,0.0,0.92730593,0.0,0.0,0.0,-109.2669057,32.91281895,0.086,7.54,3.9,820.0,1.75,0.298,1.72,0.247,85.6,15.45,78.2,4.16,72.1,4.03,18.35,0.23,5.28,0.068,2.25,42.3,24.4,0.75,683.0,2.15,1.57,18.15,32.0,740.0,18.95,98.3,0.01,0.75,11.25,0.5,2.32,324.0,1.11,0.06,10.7,0.615,0.448,2.15,94.4,1.535,25.5,89.4,199.0,6191528.775,16821.42158,50567.0,153.915577,46.832308,255.0,2.4514,251.0,0.0067,66.230509,22.285362,60.0,1.6859,3.0,0.0017,128.605774,158.20829,165.0,18.379,126.0,0.0425,22.991725,1.999983,21.0,50.2069,25.0,49.7931
40428423.0,8.3919715205,0.3592380126666666,27.97245584,8.119041554,3.7148401064999996,0.0,3.663576845,4.287991766,5.081989182,0.0,-109.0549224,32.97470531,0.038,7.89,4.14,960.0,2.24,0.132,1.94,0.18,100.5,15.55,88.8,4.09,42.8,4.12,19.0,0.25,5.89,0.049,2.9,48.9,32.9,1.02,824.0,2.23,2.4,24.0,40.4,1530.0,17.7,111.0,0.005,0.56,10.2,0.4,2.06,340.0,1.42,0.05,10.9,0.639,0.396,1.89,99.0,1.025,26.9,89.1,238.0,10973674.56,23200.19135,16391.0,95.278629,45.333036,85.0,0.6072,195.0,0.0009,77.031258,27.277426,74.0,0.2662,152.0,0.0009,92.305551,84.46304,96.0,10.5825,-91.0,0.0277,9.799857,7.409301,17.0,41.445,28.0,2.6683
40428422.0,47.865976335,0.0,0.0,4.267324369,0.0,0.0,0.000722933,0.0,0.0,0.0,-109.0608045,32.94811506,0.045,8.3,6.56,1060.0,1.95,0.088,3.09,0.16,91.5,23.7,172.0,3.9,49.8,6.0,19.2,0.26,5.95,0.063,2.34,44.0,33.7,1.72,890.0,1.28,2.57,19.0,67.8,2090.0,15.5,81.5,0.005,0.67,15.6,0.4,2.34,547.0,1.0,0.02,6.03,0.881,0.279,1.28,165.5,1.215,26.5,108.0,255.0,43588880.41,64671.80884,162365.0,109.600012,38.726169,85.0,0.6641,235.0,0.0005,72.101741,32.941024,72.0,0.5429,224.0,0.0002,58.119055,141.27866,94.0,5.0858,-120.0,0.0126,21.756043,11.016684,28.0,26.5108,34.0,0.0014
40428424.0,100.0,0.0,0.0,0.0,0.0,0.0,0.0,0.0,0.0,0.0,-109.0552093,32.97480589,0.048,8.12,3.56,970.0,2.05,0.185,2.49,0.25,88.9,20.3,92.7,4.11,66.4,5.08,20.8,0.25,6.04,0.074,2.46,43.8,35.5,1.26,942.0,2.52,2.18,20.1,43.3,1590.0,17.0,84.4,0.01,0.62,13.0,0.5,2.01,456.0,1.13,0.05,7.58,0.779,0.278,1.56,127.5,0.92,27.0,100.0,253.0,11294.32877,670.360378,33.0,100.030303,30.508305,57.0,7.1429,106.0,0.7937,77.611111,21.217495,70.0,3.2258,35.0,0.8065,69.728814,15.295763,62.0,79.661,100.0,20.339,28.0,0.0,28.0,100.0,28.0,100.0
40428428.0,48.644045645,2.285051349,0.0,0.0,0.426857313,0.0,0.0,0.0,0.0,0.0,-109.368215,32.86519218,0.074,7.36,4.45,600.0,3.2,0.35,1.62,0.294,108.0,10.2,43.3,5.69,57.0,3.34,21.0,0.25,6.77,0.08,2.64,50.5,30.5,0.72,719.0,2.75,1.465,28.0,20.2,690.0,23.1,148.5,0.01,0.65,9.8,0.3,3.51,287.0,1.73,0.05,13.2,0.45,0.564,2.17,60.6,1.51,37.4,110.5,245.0,11729991.73,21132.09669,95699.0,171.745431,41.574506,255.0,3.2801,41.0,0.0053,78.295924,28.465377,73.0,1.383,210.0,0.0009,539.748345,186.998713,398.0,9.791,367.0,0.4256,10.307601,5.557746,11.0,63.9187,7.0,0.2308
40428431.0,8.730176492,82.53964697,0.0,0.0,0.0,0.0,0.0,0.0,0.0,0.0,-109.3626222,32.2097978,0.084,6.31,9.1,470.0,2.48,0.614,3.42,0.255,109.5,9.09,42.7,8.12,23.8,3.27,15.9,0.26,2.09,0.069,2.11,53.9,38.4,0.83,625.0,1.36,1.15,19.8,17.85,560.0,23.9,136.5,0.01,1.47,10.1,0.6,3.49,215.0,1.49,0.08,21.9,0.445,0.675,3.34,66.1,2.62,37.2,70.7,83.8,1099440.94,9906.377421,10436.0,77.951322,27.046259,73.0,2.7477,153.0,0.0282,59.535591,28.435023,46.0,2.4852,2.0,0.0094,-296.446642,41.025155,-318.0,36.9089,-296.0,0.0736,23.0,0.0,23.0,100.0,23.0,100.0
40428429.0,50.00000009,0.0,0.0,0.0,0.0,0.0,0.0,0.0,0.0,0.0,-109.3387616,32.20085557,0.078,6.48,7.15,530.0,2.17,0.533,2.06,0.208,110.0,9.44,51.3,7.12,23.9,3.55,15.9,0.24,3.13,0.062,2.35,54.8,36.0,0.57,629.0,1.28,1.1,22.9,19.95,420.0,22.5,134.5,0.01,1.36,9.33,0.3,3.12,180.5,1.79,0.07,24.4,0.513,0.649,3.33,75.5,2.65,32.1,76.4,97.6,3175800.387,15355.82595,30284.0,88.855633,27.755753,107.0,2.1356,20.0,0.0197,60.25293,22.459843,48.0,2.4629,164.0,0.0033,-190.56486,57.649359,-201.0,24.9434,-116.0,0.2677,13.694161,5.708297,16.0,47.1589,23.0,15.3116
40428432.0,100.0,0.0,0.0,0.0,0.0,0.0,0.0,0.0,0.0,0.0,-109.0953478,33.21477554,0.038,8.3,3.66,1000.0,1.44,0.17,3.61,0.293,77.3,32.5,87.7,2.69,70.5,5.58,20.2,0.24,4.22,0.066,1.49,37.3,22.0,1.85,1400.0,1.64,1.38,18.6,59.4,1090.0,14.1,57.5,0.01,0.38,20.6,0.7,1.65,491.0,1.09,0.04,7.77,0.796,0.255,1.39,144.0,0.893,24.0,89.3,166.5,9289769.743,17050.50825,65732.0,143.284686,40.589758,163.0,1.0642,40.0,0.0022,107.991044,32.470843,94.0,1.2164,3.0,0.0011,166.080915,138.067567,187.0,12.3784,158.0,0.143,8.0517,4.21564,9.0,64.5555,11.0,2.0465
40428449.0,0.0,100.0,0.0,0.0,0.0,0.0,0.0,0.0,0.0,0.0,-109.6576184,32.31648572,0.07,6.74,3.37,500.0,2.2,0.843,2.65,0.139,115.0,17.2,112.0,4.3,31.7,6.71,18.55,0.3,1.59,0.087,1.84,54.1,24.0,1.2,877.0,1.1,1.825,18.25,29.1,1200.0,25.7,101.0,0.005,0.99,19.3,0.6,2.82,313.0,1.45,0.05,25.4,0.75,0.432,3.06,178.5,5.46,47.7,85.8,53.5,634610.8839,6864.685507,6123.0,135.862812,37.276655,143.0,2.3949,193.0,0.0326,90.6362,32.05941,69.0,1.8072,17.0,0.0163,-124.432807,20.975538,-108.0,51.5224,-98.0,0.0319,21.503686,2.869712,23.0,78.6241,16.0,21.3759
40428451.0,100.0,0.0,0.0,0.0,0.0,0.0,0.0,0.0,0.0,0.0,-109.6739709,32.32606209,0.1,6.51,6.49,540.0,2.28,0.51,2.3,0.144,118.5,13.15,66.0,4.56,33.3,4.6,17.0,0.29,1.92,0.093,2.15,55.9,24.3,0.85,686.0,0.86,1.64,17.2,22.7,1080.0,23.0,116.5,0.005,2.21,18.1,0.2,2.95,219.0,1.24,0.06,27.1,0.584,0.508,3.23,108.5,3.57,53.2,81.9,56.3,12778024.7,22458.60791,117114.0,197.905494,43.324241,255.0,16.9146,33.0,0.0049,116.008053,38.226586,106.0,1.1687,248.0,0.0049,5.266798,75.26161,78.0,8.8854,19.0,0.0024,7.440049,2.503358,7.0,61.4393,23.0,0.1634
40428433.0,99.90478838,0.095211569,0.0,0.0,0.0,0.0,0.0,0.0,0.0,0.0,-109.6584754,32.32944268,0.062,6.83,6.38,570.0,2.13,0.605,1.95,0.161,119.0,14.0,84.9,5.64,31.4,5.9,18.0,0.29,2.48,0.089,2.13,56.9,35.0,0.84,782.0,0.99,1.275,19.6,25.2,810.0,25.5,110.0,0.005,1.52,16.75,0.6,2.76,203.0,1.42,0.05,26.7,0.67,0.508,3.45,138.5,3.15,43.4,88.5,89.5,1388797.635,8434.190857,13377.0,150.082604,31.596944,151.0,2.7799,91.0,0.0149,74.11214,28.914273,61.0,1.9642,17.0,0.0075,-149.044409,24.727261,-146.0,47.7286,-135.0,0.8591,15.324865,2.640204,16.0,93.8624,5.0,6.1376
40428469.0,5.747828656,0.0,0.554905336,28.781337550000003,0.0,0.0,0.0,0.405930699,35.72865906,0.0,-109.3344171,31.47994936,0.115,5.74,7.27,430.0,1.76,0.331,2.38,0.201,66.8,18.2,99.9,7.8,48.9,4.27,14.35,0.22,3.21,0.053,1.73,31.9,32.5,0.83,726.0,1.28,0.624,24.3,46.2,580.0,17.7,93.7,0.02,1.05,11.7,0.8,1.95,126.0,1.46,0.08,10.1,0.727,0.515,2.06,116.5,1.965,22.1,72.1,123.5,7350115.334,22830.89549,67466.0,132.817879,57.875903,255.0,2.4593,14.0,0.0128,94.959015,42.645876,68.0,1.0804,2.0,0.0057,-65.414145,19.636479,-79.0,14.5748,-82.0,0.3703,33.313856,1.301012,33.0,47.1405,31.0,10.5023
40428456.0,79.40716348,20.59283674,0.0,0.0,0.0,0.0,0.0,0.0,0.0,0.0,-109.3955509,31.64922106,0.043,7.84,5.03,550.0,1.77,0.282,1.98,0.15,54.5,15.25,25.8,14.85,29.3,4.21,17.1,0.19,3.42,0.053,2.13,24.8,87.5,0.96,747.0,0.65,1.86,11.45,15.2,680.0,15.55,112.0,0.01,1.02,11.9,0.4,1.64,310.0,0.75,0.04,8.63,0.503,0.48,1.66,111.0,1.775,23.9,68.4,115.0,3398875.959,13235.45446,8168.0,163.965108,58.608492,255.0,1.9038,57.0,0.0031,89.157985,36.746746,94.0,0.3205,3.0,0.0031,114.654819,20.046421,122.0,30.9133,142.0,0.3602,16.224827,9.472308,25.0,53.8149,6.0,46.1851
40428471.0,3.367530403,22.70337389,0.0,25.507872499999998,8.50417225,0.0,0.0,11.04164826,0.0,0.0,-109.339819,31.47344735,0.079,6.03,6.06,440.0,1.72,0.211,3.13,0.196,64.0,22.8,123.0,6.44,36.4,4.65,14.8,0.22,3.6,0.052,1.59,30.9,27.1,1.07,817.0,1.61,0.782,29.1,63.7,750.0,14.05,78.9,0.01,0.83,14.1,0.6,1.74,191.0,1.69,0.04,8.18,0.792,0.412,1.64,130.5,1.49,21.8,71.5,138.0,2847882.865,12376.56557,26858.0,109.704743,48.012468,79.0,1.4605,30.0,0.0037,65.983835,31.992843,50.0,1.5163,182.0,0.0037,-62.737289,10.680408,-73.0,27.2624,-57.0,0.2132,32.598874,0.490126,33.0,59.8874,32.0,40.1126
40428455.0,16.83833081,66.32333856,0.0,0.0,0.0,0.0,0.0,0.0,0.0,0.0,-109.413029,31.651548,0.043,7.68,4.42,530.0,1.62,0.289,2.22,0.163,46.1,17.35,24.0,16.75,30.6,4.32,17.45,0.17,3.68,0.054,2.03,19.65,93.1,1.1,761.0,0.62,1.91,10.2,15.25,750.0,14.45,99.3,0.01,0.84,11.65,0.4,1.68,317.0,0.66,0.04,6.98,0.496,0.476,1.39,115.0,1.7,21.7,70.1,128.0,4076848.372,12910.57456,19018.0,175.862025,41.634231,255.0,2.2186,56.0,0.0026,110.919596,34.535675,96.0,0.6469,2.0,0.0026,81.665781,12.177774,75.0,27.7763,100.0,0.0199,6.0,0.0,6.0,100.0,6.0,100.0
40428468.0,100.0,0.0,0.0,0.0,0.0,0.0,0.0,0.0,0.0,0.0,-109.3438688,31.44005855,0.064,7.72,4.95,610.0,1.51,0.306,2.81,0.199,54.2,18.85,46.7,5.1,39.6,5.91,17.7,0.23,3.81,0.064,1.69,26.0,34.1,1.03,847.0,0.72,1.9,11.3,15.5,800.0,14.95,72.0,0.01,0.52,14.95,0.6,1.81,334.0,0.64,0.07,6.87,0.726,0.388,1.32,175.5,1.05,23.3,95.5,135.5,47446297.92,48151.17361,410323.0,150.448939,49.29302,255.0,2.1743,6.0,0.0013,72.590628,40.551117,53.0,1.0411,246.0,0.0022,-40.606796,15.424812,-45.0,5.6848,-59.0,0.0064,25.562148,5.877036,20.0,40.1107,35.0,0.4912
40428452.0,27.743396,9.081781232,0.0,2.9926521585,1.314540588,0.0,0.0,9.968019565,0.0,0.0,-109.3525281,31.56886443,0.057,7.02,5.35,560.0,2.28,0.45,1.41,0.287,74.4,23.2,89.9,13.25,50.8,4.16,15.45,0.2,3.91,0.064,2.15,36.6,34.1,0.84,1045.0,1.02,0.977,29.4,57.6,840.0,20.3,124.5,0.01,0.84,13.0,0.6,2.11,241.0,1.81,0.09,11.3,0.674,0.489,2.29,88.9,1.665,29.9,77.8,146.5,13644555.96,25936.17523,79234.0,165.861095,48.780238,255.0,2.6368,7.0,0.0023,170.97055,59.259423,255.0,9.8012,3.0,0.0023,23.346353,23.947018,43.0,10.3852,-25.0,0.1275,14.038244,8.054654,5.0,36.1699,34.0,0.1642
40428454.0,100.0,0.0,0.0,0.0,0.0,0.0,0.0,0.0,0.0,0.0,-109.3812252,31.63978174,0.051,7.62,3.66,600.0,1.43,0.199,3.98,0.182,44.3,17.75,21.2,12.85,29.4,4.6,18.3,0.17,4.01,0.056,1.84,18.6,94.2,1.28,842.0,0.51,2.04,9.69,14.55,900.0,13.35,71.6,0.02,0.7,13.45,0.5,1.59,368.0,0.57,0.04,4.99,0.544,0.393,1.25,125.0,1.02,22.1,82.1,146.0,3801093.487,12316.94017,10711.0,184.800952,43.341593,255.0,1.9714,85.0,0.0028,102.651823,41.75264,111.0,0.33,2.0,0.0028,94.635795,29.858218,69.0,34.1158,122.0,1.1098,22.467896,4.630507,25.0,76.9809,14.0,23.0191
40428467.0,0.0,80.44647676,19.55352309,0.0,0.0,0.0,0.0,0.0,0.0,0.0,-109.3456371,31.45011364,0.075,6.55,5.65,510.0,1.83,0.287,2.98,0.227,62.7,30.3,184.0,4.48,52.3,6.36,16.8,0.25,4.1,0.067,1.34,31.0,25.0,1.48,1030.0,2.19,1.12,37.8,85.1,1060.0,13.3,61.3,0.01,0.78,17.2,0.8,2.06,350.0,2.1,0.05,7.15,1.065,0.278,1.62,176.0,1.2,22.8,86.7,173.0,14491934.84,23047.2998,134817.0,137.096902,48.509701,129.0,1.1226,5.0,0.0043,69.205489,33.755987,59.0,1.3642,252.0,0.0007,-60.208941,8.166884,-59.0,15.6877,-48.0,0.0335,31.73493,0.541085,32.0,63.6964,33.0,4.8983
40428472.0,11.1397129905,38.860286849999994,0.0,0.0,0.0,0.0,0.0,0.0,0.0,0.0,-109.2224783,31.47324476,0.105,7.67,6.62,490.0,2.57,0.724,1.62,0.52,77.1,25.5,124.0,7.02,69.7,4.86,19.1,0.27,4.44,0.083,1.76,38.7,33.2,1.08,919.0,1.18,0.576,38.5,80.6,1230.0,23.2,102.5,0.02,1.06,18.2,0.7,2.57,169.5,2.21,0.12,11.2,0.763,0.444,1.92,98.4,1.51,28.4,93.6,173.5,20632.5714,648.2381477,179.0,120.603352,32.133002,117.0,12.2905,133.0,2.2346,138.704433,32.561746,133.0,3.4483,74.0,0.4926,11.331683,1.701451,12.0,86.6337,7.0,13.3663,30.762431,1.306136,30.0,74.5856,33.0,25.4144
40428473.0,26.7565725355,46.48685486,0.0,0.0,0.0,0.0,0.0,0.0,0.0,0.0,-109.2246514,31.42539378,0.053,7.71,5.63,550.0,2.46,0.418,2.11,0.29,83.2,32.9,140.5,4.57,53.0,6.06,19.9,0.27,4.58,0.075,1.73,39.9,25.3,1.27,1130.0,1.65,1.025,44.3,83.7,1330.0,17.2,88.4,0.02,0.68,18.25,0.8,2.34,342.0,2.48,0.08,11.05,1.05,0.346,2.03,141.0,1.205,28.6,90.4,190.0,,,,,,,,,,,,,,,,,,,,,,,,,,,
40428453.0,99.99999974,0.0,0.0,0.0,0.0,0.0,0.0,0.0,0.0,0.0,-109.3571139,31.60040645,0.068,9.04,2.54,540.0,1.26,0.327,3.22,0.22,49.4,31.1,23.3,5.15,84.5,6.5,20.8,0.21,4.78,0.089,1.27,21.4,66.6,2.08,1225.0,0.61,1.555,9.16,21.9,1290.0,12.9,54.3,0.01,0.29,24.4,0.7,1.75,320.0,0.5,0.07,4.84,0.724,0.212,0.85,179.0,0.379,29.3,103.0,180.5,687636.2058,4658.338907,5102.0,206.50784,41.389813,255.0,15.2894,126.0,0.0153,180.407882,43.14464,255.0,4.7316,49.0,0.0152,42.76565,1.60782,42.0,61.7911,47.0,3.4909,9.897436,6.408022,5.0,53.6477,25.0,0.0763
40428457.0,1.595818349,98.40418275,0.0,0.0,0.0,0.0,0.0,0.0,0.0,0.0,-109.159001,33.104597,0.057,7.9,3.61,1070.0,1.99,0.241,2.13,0.33,86.3,21.6,91.1,2.56,100.5,4.13,20.1,0.22,5.57,0.052,1.81,38.0,23.2,1.11,811.0,4.74,1.645,16.5,47.8,1010.0,18.95,75.3,0.03,0.53,10.25,0.5,1.96,474.0,0.98,0.05,11.85,0.598,0.328,2.08,107.5,1.125,19.85,87.5,223.0,2736751.644,9675.26497,17908.0,135.562207,39.064146,135.0,1.1065,241.0,0.0038,86.771759,35.143047,78.0,0.8997,2.0,0.0038,120.47719,30.40021,124.0,41.8018,72.0,0.4629,5.829577,4.597971,2.0,58.3255,19.0,0.9859
40428459.0,25.40479661,37.297601560000004,0.0,0.0,0.0,0.0,0.0,0.0,0.0,0.0,-109.4043042,31.67711641,0.142,7.03,7.93,550.0,2.53,0.314,1.45,0.177,70.6,11.75,25.7,10.35,28.8,3.03,16.2,0.21,3.55,0.055,2.85,31.8,43.9,0.69,702.0,1.69,1.295,18.2,16.15,480.0,20.6,179.5,0.02,1.29,8.48,0.4,1.99,191.5,1.25,0.02,13.25,0.398,0.858,2.46,73.3,2.72,27.5,64.6,114.0,4775495.81,13581.37455,15090.0,173.566137,47.486989,255.0,3.0128,31.0,0.0022,109.279442,32.94376,103.0,0.497,7.0,0.0022,99.499735,4.114905,99.0,36.8123,83.0,0.1504,5.476466,1.295702,5.0,88.0884,9.0,11.9116
40428466.0,0.0,49.8301716145,0.0,0.0,0.0,0.0,0.0,0.339656867,0.0,0.0,-109.0498201,32.30324169,0.13,7.27,10.45,750.0,2.59,0.42,1.63,0.184,96.6,11.45,36.1,8.82,24.5,3.31,19.45,0.27,3.69,0.064,2.55,46.0,35.0,0.69,719.0,1.71,1.705,20.5,16.85,650.0,22.8,145.0,0.04,1.12,11.8,0.4,2.45,242.0,1.39,0.16,14.85,0.493,0.683,3.08,87.1,1.9,30.3,78.5,118.5,6951422.89,19532.46657,65990.0,112.596575,43.534501,89.0,1.2431,2.0,0.006,52.690336,35.008038,1.0,6.5226,195.0,0.0015,-59.759826,76.244206,-141.0,16.3364,92.0,0.0102,21.956992,2.492627,23.0,85.0999,16.0,14.9001
40428458.0,100.0,0.0,0.0,0.0,0.0,0.0,0.0,0.0,0.0,0.0,-109.3770477,31.6704507,0.078,7.51,4.69,550.0,1.52,0.293,4.23,0.225,50.1,23.3,36.4,12.25,70.2,5.49,19.05,0.21,3.8,0.072,1.77,22.3,88.1,1.37,916.0,1.36,1.58,10.05,21.7,1180.0,13.0,94.3,0.03,0.63,18.25,0.5,1.86,307.0,0.56,0.05,5.34,0.719,0.534,1.08,165.5,1.99,22.5,88.8,126.0,4427535.286,12893.22302,8415.0,240.062864,27.224909,255.0,12.3227,127.0,0.0024,88.872035,33.563375,97.0,0.3121,188.0,0.0024,122.365358,13.180047,112.0,21.5112,94.0,1.974,13.030857,9.092199,9.0,52.6699,31.0,7.8395
40428461.0,99.96676607,0.0,0.0,0.033233905,0.0,0.0,0.0,0.0,0.0,0.0,-109.3676198,31.64900099,0.048,7.86,2.87,580.0,1.31,0.171,3.4,0.226,40.0,23.3,22.3,13.3,33.0,5.14,20.3,0.21,4.28,0.063,1.59,15.9,101.5,1.51,989.0,0.73,2.06,8.36,15.85,960.0,11.3,57.5,0.01,0.4,16.8,0.7,1.47,341.0,0.44,0.06,3.65,0.601,0.383,0.77,150.0,0.881,22.8,84.4,155.5,2135885.187,9032.53096,4327.0,214.264618,35.555053,255.0,4.5965,92.0,0.0049,59.212657,29.719761,50.0,0.4269,3.0,0.0049,136.305758,12.195694,144.0,59.9347,129.0,0.1657,25.020036,0.346145,25.0,99.6661,31.0,0.3339
40428465.0,100.0,0.0,0.0,0.0,0.0,0.0,0.0,0.0,0.0,0.0,-109.076028,32.237289,0.449,6.78,6.37,580.0,2.52,0.448,1.79,0.267,75.4,10.9,51.6,8.99,64.2,3.15,18.4,0.24,3.21,0.059,2.49,36.2,38.6,0.73,659.0,1.59,1.435,18.75,23.2,520.0,27.0,138.5,0.02,1.25,9.59,0.6,2.29,232.0,1.31,0.06,14.0,0.425,0.68,2.55,79.2,2.28,25.0,86.8,99.4,4016283.402,11940.79428,38574.0,90.648157,28.390528,84.0,2.1941,16.0,0.0052,7.052295,15.687617,1.0,77.7133,107.0,0.0026,-66.810631,18.305012,-79.0,21.3916,-48.0,0.3431,17.550983,2.907118,16.0,77.8431,23.0,22.1569
40312535.0,90.66069478,9.339304911,0.0,0.0,0.0,0.0,0.0,0.0,0.0,0.0,-109.2478001,33.04375027,0.08,6.9,8.23,710.0,1.83,0.258,4.03,0.435,71.1,25.6,166.0,5.04,117.5,6.92,17.0,0.14,4.53,0.052,1.84,32.2,32.0,1.56,963.0,2.89,1.505,13.75,67.0,1090.0,22.0,71.7,0.005,1.3,13.45,0.9,2.24,434.0,0.82,0.08,7.2,0.817,0.287,1.7,214.0,1.275,23.9,112.5,186.0,5705716.961,16733.0915,51784.0,134.724761,41.932215,115.0,1.3309,226.0,0.0018,98.762428,35.444367,94.0,1.0674,219.0,0.0018,-146.652882,61.510256,-166.0,20.1286,-168.0,0.071,7.354208,2.150845,6.0,67.7429,12.0,0.0036
40312534.0,3.745667953,96.12849853,0.0,0.0,0.0,0.0,0.0,0.125833386,0.0,0.0,-109.239925,33.01619472,0.068,7.65,5.72,890.0,2.31,0.175,4.88,0.368,75.1,18.7,70.3,5.2,79.6,5.18,17.3,0.14,4.84,0.061,2.41,34.1,28.2,1.4,929.0,2.1,1.71,13.5,35.3,1480.0,19.3,84.6,0.005,1.09,9.55,0.6,1.8,534.0,0.82,0.09,8.03,0.671,0.34,1.62,146.5,1.595,22.5,92.1,208.0,10600278.67,25338.11584,97338.0,133.30241,37.488252,127.0,1.2987,239.0,0.0029,91.682835,32.937648,78.0,1.2441,240.0,0.001,-146.153424,102.498762,-10.0,16.8636,-254.0,0.044,8.282063,3.077992,11.0,46.5664,6.0,1.9918
40312533.0,23.313367386333336,13.9169725445,0.0,0.490039526,0.0,0.0,1.735913202,0.0,0.0,0.0,-109.2236676,33.01893011,0.069,8.29,5.58,930.0,1.99,0.24,3.4,0.422,101.0,25.9,108.5,4.89,108.0,7.53,20.5,0.17,5.72,0.076,2.35,52.5,25.7,0.98,1075.0,2.83,2.11,16.9,51.2,1520.0,22.7,84.7,0.01,0.6,11.6,0.7,2.2,533.0,0.94,0.11,8.77,1.015,0.301,1.69,239.0,1.215,26.3,134.5,251.0,1634203.23,8724.492465,15813.0,115.562891,33.656704,118.0,2.097,29.0,0.0378,73.650743,26.799907,60.0,2.0789,3.0,0.0063,-206.688692,22.754791,-196.0,39.8749,-168.0,2.4399,9.013779,0.165434,9.0,99.311,11.0,0.689
40312536.0,0.0,42.149596405,0.0,0.0,0.0,0.0,15.70080719,0.0,0.0,0.0,-109.2483558,33.03022624,0.073,6.64,11.25,630.0,3.0,0.344,4.54,0.519,136.5,16.25,63.4,10.05,100.0,4.49,18.1,0.17,5.9,0.108,2.68,48.5,36.4,1.25,693.0,3.97,1.405,24.2,36.7,1010.0,29.9,132.5,0.005,2.26,10.4,1.0,5.51,337.0,1.57,0.11,12.8,0.546,0.554,2.64,110.0,4.2,45.9,109.5,220.0,1624971.254,8774.646476,14177.0,107.274035,36.767936,109.0,1.5502,207.0,0.0127,105.181113,33.292166,92.0,1.2451,3.0,0.0064,-282.355072,25.009186,-312.0,36.2304,-191.0,0.0125,4.26013,0.672749,4.0,86.9935,6.0,13.0065
40312537.0,99.99999875,0.0,0.0,0.0,0.0,0.0,0.0,0.0,0.0,0.0,-109.2473871,33.02212622,0.136,7.1,21.9,710.0,6.16,0.658,3.92,1.36,168.5,14.65,50.5,30.4,301.0,4.87,21.8,0.25,7.22,0.164,2.46,80.9,55.4,0.94,852.0,9.07,0.987,35.6,28.1,1220.0,44.5,142.5,0.02,4.3,13.2,1.4,7.27,311.0,2.29,0.22,18.0,0.656,0.695,3.33,95.1,10.2,74.1,216.0,260.0,752387.65,5760.848225,6844.0,114.657364,39.222111,138.0,1.9814,222.0,0.0273,110.158744,31.619831,104.0,1.5799,20.0,0.0137,-289.329564,13.584263,-292.0,44.3592,-290.0,0.2154,4.0,0.0,4.0,100.0,4.0,100.0
40309779.0,37.383040605,2.32376449,0.0,10.293195166499999,0.0,0.0,0.0,0.0,0.0,0.0,-110.380034,32.095399,0.028,8.45,1.05,470.0,2.59,1.19,3.31,0.121,97.9,10.95,52.1,4.4,23.3,5.35,20.1,0.1,0.469,0.07,1.78,44.6,24.2,0.81,1055.0,0.53,2.84,17.1,19.45,1190.0,18.7,80.3,0.005,0.37,15.85,0.7,2.32,454.0,1.57,0.02,13.65,0.594,0.35,3.3,115.5,0.885,36.6,57.3,11.9,6649365.743,18751.58557,43399.0,130.459066,34.525371,120.0,1.2307,24.0,0.0031,194.936775,43.036757,255.0,8.2138,1.0,0.0016,-184.004696,13.344077,-175.0,20.7678,-204.0,0.1575,6.673258,2.475261,9.0,52.9998,5.0,2.3266
40309786.0,42.6377487655,3.4207271305,0.0,0.0,0.0,0.0,7.883048349,0.0,0.0,0.0,-110.478779,32.160915,0.065,6.97,3.4,490.0,2.52,0.458,2.12,0.177,129.0,7.22,20.9,8.23,25.3,3.15,19.05,0.2,0.664,0.049,2.45,59.4,29.5,0.61,900.0,1.21,2.08,14.15,11.45,980.0,29.9,137.5,0.01,1.39,8.89,0.5,1.99,163.0,1.27,0.02,20.4,0.352,0.579,2.92,55.6,2.0,32.2,72.5,20.2,12626518.12,25407.45854,11604.0,101.140469,45.115313,88.0,0.1492,12.0,0.0008,133.983892,39.809469,141.0,0.1277,8.0,0.0008,-81.747839,20.601616,-101.0,10.9589,-39.0,0.0478,10.270015,4.659873,16.0,39.3828,23.0,0.0856
40309781.0,8.187950407,91.8120498,0.0,0.0,0.0,0.0,0.0,0.0,0.0,0.0,-110.507803,32.452492,0.06,6.17,3.1,550.0,2.58,0.56,6.45,0.191,60.4,7.18,20.0,6.94,26.2,2.77,14.55,0.025,0.721,0.073,2.05,31.0,23.5,0.52,1185.0,1.38,1.645,9.22,8.71,540.0,18.45,100.0,0.005,1.49,6.94,0.8,1.58,281.0,0.79,0.11,6.56,0.426,0.503,1.67,51.0,1.87,23.5,43.3,22.1,2270.16061,229.9064418,21.0,130.52381,44.776289,55.0,16.6667,121.0,8.3333,113.263158,54.558363,117.0,12.5,30.0,4.1667,-41.0,0.0,-41.0,100.0,-41.0,100.0,5.0,0.0,5.0,100.0,5.0,100.0
40309782.0,33.33333333266666,0.0,0.0,0.0,0.0,0.0,0.0,0.0,0.0,0.0,-110.5059202,32.49060664,0.065,5.06,2.71,480.0,3.0,0.735,7.79,0.194,62.4,6.49,20.0,10.8,22.6,3.03,12.4,0.025,0.757,0.057,1.85,31.9,30.1,0.47,931.0,1.75,1.2,10.15,8.46,450.0,16.45,93.0,0.005,1.32,6.8,0.9,1.55,263.0,0.87,0.08,7.0,0.543,0.473,2.33,53.9,1.725,24.4,38.9,23.1,34795.07752,1122.104504,315.0,140.431746,38.579923,116.0,6.3218,212.0,0.2874,104.738994,56.855088,59.0,2.3055,16.0,0.2882,-15.0,0.0,-15.0,100.0,-15.0,100.0,8.089783,4.030993,7.0,93.1889,23.0,6.8111
40309772.0,100.0,0.0,0.0,0.0,0.0,0.0,0.0,0.0,0.0,0.0,-110.0267082,31.99038585,0.146,6.06,2.97,480.0,4.55,1.49,1.59,0.407,90.9,5.66,30.1,10.05,100.5,2.2,16.1,0.06,0.945,0.109,2.54,46.6,31.5,0.55,824.0,2.89,0.978,12.45,12.25,360.0,27.9,194.0,0.005,0.52,8.16,0.8,3.09,128.5,1.03,0.18,15.9,0.227,0.806,2.74,43.1,64.3,25.0,135.5,21.5,993471.1402,5409.459373,5224.0,159.294602,47.881161,255.0,2.2129,54.0,0.0105,126.527053,40.756716,125.0,0.8273,5.0,0.0105,-196.731371,46.902083,-222.0,52.8122,-220.0,0.5178,16.08953,13.453616,4.0,53.8551,2.0,1.2745
40309776.0,5.480610149,32.684244535000005,0.0,14.575450525,0.0,0.0,0.0,0.0,0.0,0.0,-110.0212,32.0021,0.12,6.06,4.13,440.0,2.71,1.42,0.91,0.26,72.8,9.6,50.7,10.35,49.6,4.11,14.55,0.025,0.951,0.052,2.21,36.5,30.7,0.66,489.0,3.17,0.979,9.83,17.9,330.0,27.0,156.0,0.005,0.49,10.05,0.5,2.14,76.7,0.72,0.18,11.2,0.274,0.665,2.47,61.6,10.6,22.8,83.8,33.1,,,,,,,,,,,,,,,,,,,,,,,,,,,
40309777.0,100.0,0.0,0.0,0.0,0.0,0.0,0.0,0.0,0.0,0.0,-110.2022734,31.9599422,0.101,7.04,3.65,700.0,4.85,0.392,3.51,0.14,115.5,5.93,19.4,9.26,21.2,2.23,18.4,0.1,1.015,0.017,2.49,58.3,39.2,0.57,625.0,0.83,2.3,14.1,9.49,510.0,20.6,117.0,0.005,0.73,5.11,0.8,1.71,336.0,1.19,0.06,14.85,0.255,0.576,1.67,43.7,3.51,19.05,51.7,36.8,14531460.98,38628.34511,130182.0,64.864336,32.454528,52.0,2.1123,204.0,0.0007,144.27405,44.656617,255.0,2.293,6.0,0.0007,-158.62029,48.096034,-169.0,7.6868,-203.0,0.0083,10.62781,3.149074,12.0,38.3264,5.0,1.3598
40309780.0,50.0000000135,0.0,0.0,0.0,0.0,0.0,0.0,0.0,0.0,0.0,-110.516902,32.450974,0.065,4.9,4.54,389.0,2.22,0.679,5.72,0.208,73.1,10.4,29.6,4.72,26.5,6.68,13.5,0.05,1.195,0.053,1.37,37.5,22.6,0.45,2840.0,1.93,1.08,12.65,9.65,440.0,16.4,69.1,0.005,2.13,7.64,0.9,1.45,234.0,1.06,0.04,8.18,0.932,0.374,2.27,92.9,2.5,32.1,55.9,41.4,32645703.87,41250.62068,297489.0,144.311289,53.117366,255.0,4.2864,17.0,0.0044,105.878475,43.861558,90.0,1.0391,252.0,0.0159,-78.741756,20.73091,-82.0,10.3913,-48.0,0.0731,20.599412,8.939424,21.0,27.5722,5.0,8.7269
40309771.0,100.0,0.0,0.0,0.0,0.0,0.0,0.0,0.0,0.0,0.0,-110.012466,32.01975063,0.102,3.97,3.73,323.0,1.82,0.294,11.7,0.322,53.6,6.66,34.9,7.71,16.4,1.86,9.54,0.025,1.225,0.023,1.34,28.1,29.0,1.24,390.0,0.83,0.364,8.67,15.75,450.0,15.65,83.8,0.005,1.03,6.32,0.6,1.57,216.0,0.64,0.08,7.54,0.224,0.455,1.92,45.0,20.5,15.85,47.9,42.2,1359881.224,10191.64038,10380.0,185.718593,55.30596,255.0,16.4074,81.0,0.0153,119.285466,44.980774,106.0,0.9198,7.0,0.0077,-259.731337,30.587218,-221.0,34.5318,-172.0,0.5264,32.943308,0.331919,33.0,97.1654,31.0,2.8346
40309783.0,0.002224606,73.57572253,0.0,0.0,0.0,0.0,26.42205279,0.0,0.0,0.0,-110.5476975,32.48384044,0.043,4.57,4.51,315.0,4.16,1.625,8.47,0.262,110.5,17.7,53.1,3.69,30.0,10.7,15.4,0.11,1.44,0.102,1.21,51.6,16.7,0.44,3070.0,3.77,0.513,40.7,14.75,620.0,17.1,49.3,0.005,1.31,12.45,1.2,2.48,272.0,4.27,0.15,10.1,1.985,0.22,2.94,158.5,3.27,46.9,67.5,28.4,1745988.484,9331.134238,,,,,,,,85.520489,34.933102,69.0,1.4281,2.0,0.006,-28.38045,4.91085,-31.0,44.6713,-32.0,0.4383,5.410567,5.718864,2.0,73.7649,15.0,26.2351
40309787.0,24.10883617,2.371595031,0.0,50.5658967,0.0,0.0,9.519090279,13.4345806,0.0,0.0,-110.333713,32.892192,0.401,7.13,5.61,590.0,2.41,2.05,1.69,0.976,83.4,6.64,20.8,4.43,40.4,2.63,18.9,0.15,1.6,0.118,2.92,34.4,24.2,0.38,1165.0,1.62,2.59,25.5,11.8,340.0,861.0,171.0,0.005,2.67,6.66,0.1,2.58,226.0,2.09,0.15,14.5,0.294,0.805,3.08,50.7,7.88,32.0,292.0,33.9,2205646.879,9505.737785,11795.0,121.227469,48.381428,118.0,0.8193,232.0,0.0047,63.928383,32.395222,1.0,1.0555,166.0,0.0047,-75.622081,65.582461,-101.0,35.635,-28.0,0.7814,16.0,0.0,16.0,100.0,16.0,100.0
40309788.0,3.591676144,93.66138899,0.0,0.0,0.0,0.0,2.746934956,0.0,0.0,0.0,-110.373347,32.908708,0.322,6.14,12.6,610.0,1.64,0.665,2.03,0.576,67.1,14.25,65.4,5.0,36.5,5.97,16.05,0.15,3.09,0.102,2.59,31.6,24.4,0.72,1685.0,1.57,1.545,16.45,24.9,650.0,140.5,121.5,0.005,3.23,11.1,0.3,2.12,185.5,1.07,0.08,10.65,1.435,0.675,2.05,235.0,4.67,23.2,280.0,113.0,568441.2658,4697.684756,4135.0,167.001693,32.325682,150.0,2.7526,97.0,0.0181,101.919378,35.834183,85.0,1.1271,12.0,0.0182,-132.531361,7.413755,-130.0,82.3352,-117.0,0.5847,15.714832,8.83512,23.0,59.5268,5.0,40.4732
40311927.0,100.0,0.0,0.0,0.0,0.0,0.0,0.0,0.0,0.0,0.0,-112.6055831,34.04658983,0.145,7.6,3.76,800.0,2.16,0.718,2.92,0.178,135.5,22.2,50.4,2.64,87.7,8.27,20.2,0.19,0.779,0.081,2.39,63.8,22.7,1.33,1155.0,2.47,1.84,22.2,26.9,1260.0,28.5,84.2,0.005,0.52,19.1,0.2,2.87,263.0,1.76,0.06,14.5,0.625,0.426,4.94,167.5,3.05,51.8,117.0,18.9,8753089.404,18331.41674,68758.0,180.772419,37.891156,255.0,3.6082,58.0,0.0035,110.487192,35.111737,104.0,1.005,3.0,0.0023,-49.26886,20.023734,-64.0,20.9638,-22.0,0.0205,23.0,0.0,23.0,100.0,23.0,100.0
40311929.0,100.0,0.0,0.0,0.0,0.0,0.0,0.0,0.0,0.0,0.0,-112.6505063,33.99156788,0.136,8.23,3.76,1620.0,2.17,0.718,3.37,0.182,95.1,20.7,59.3,3.9,70.3,7.96,22.3,0.17,1.04,0.065,2.89,44.6,43.4,1.5,1235.0,2.35,2.26,16.55,27.1,1470.0,41.5,107.5,0.01,0.57,16.05,0.1,2.65,392.0,1.34,0.04,8.91,0.595,0.552,3.47,199.0,2.86,35.2,158.0,26.4,2536613.534,9282.99105,24129.0,157.035435,30.485693,149.0,1.8889,67.0,0.004,82.401178,30.366016,77.0,1.392,3.0,0.004,32.698474,4.210537,36.0,33.4605,33.0,0.0157,23.0,0.0,23.0,100.0,23.0,100.0
40311928.0,4.390113034800001,39.0247174355,0.0,0.0,0.0,0.0,0.0,0.0,0.0,0.0,-112.6185346,34.03950105,0.073,7.46,2.77,780.0,2.44,0.659,2.8,0.134,134.5,17.85,45.7,3.65,72.4,6.36,19.85,0.2,1.255,0.066,2.38,64.6,30.6,1.23,934.0,2.24,2.2,23.1,24.1,1380.0,22.8,90.9,0.005,0.47,15.15,0.1,3.19,320.0,1.92,0.06,14.65,0.513,0.424,4.68,133.0,2.75,48.1,96.7,32.5,13387.00575,677.2905792,126.0,180.809524,22.43782,153.0,9.0226,151.0,0.7519,103.914062,31.241506,110.0,4.4118,33.0,0.7353,-4.0,0.0,-4.0,100.0,-4.0,100.0,23.0,0.0,23.0,100.0,23.0,100.0
40312718.0,50.0,0.0,0.0,0.0,0.0,0.0,0.0,0.0,0.0,0.0,-112.6392043,33.91193891,0.112,7.05,6.98,800.0,2.04,0.834,3.67,0.206,76.3,24.3,74.0,4.37,63.0,7.14,18.7,0.16,1.27,0.074,1.79,36.7,43.3,1.75,1330.0,2.0,1.84,12.2,40.8,1060.0,53.0,71.4,0.005,0.76,22.2,0.3,1.73,333.0,0.86,0.08,5.77,0.618,0.37,1.95,184.5,4.53,27.1,119.0,43.2,23089.90828,807.2272032,212.0,171.825472,40.073196,183.0,8.3333,115.0,0.4386,101.933333,42.02137,64.0,3.3493,27.0,0.4785,-32.0,0.0,-32.0,100.0,-32.0,100.0,16.0,0.0,16.0,100.0,16.0,100.0
40303919.0,10.822075346,16.5749447825,0.0,7.651654561,0.0,0.0,18.777152756499998,0.0,0.0,0.0,-112.8435852,33.87441871,0.243,8.86,5.95,850.0,3.55,3.03,2.69,0.272,131.5,14.1,30.1,9.84,335.0,5.16,26.7,0.22,1.33,0.098,3.06,57.8,50.7,0.97,810.0,45.4,2.46,16.0,15.3,2010.0,19.0,149.0,0.02,0.78,9.68,0.6,2.96,626.0,1.07,0.3,7.31,0.438,0.976,3.7,127.5,91.9,23.5,72.2,37.8,,,,,,,,,,,,,,,,,,,,,,,,,,,
40312716.0,20.60171637666667,1.285066625,0.0,16.026074653,4.607118808,0.0,0.0,0.250516154,0.0,0.0,-112.5254087,33.95432113,0.12,6.45,11.45,450.0,2.03,1.465,3.8,0.231,61.0,31.1,132.5,4.92,87.0,9.61,17.45,0.13,1.35,0.085,1.45,28.3,36.6,1.94,2610.0,3.66,1.42,11.05,56.8,820.0,24.6,64.7,0.005,1.42,25.5,0.2,1.74,219.0,0.8,0.14,4.53,0.803,0.361,1.66,245.0,76.8,26.9,126.0,33.7,,,,,,,,,,,,,,,,,,,,,,,,,,,
40311923.0,51.54348322,0.0,0.0,0.0,0.0,0.0,24.2282583655,0.0,0.0,0.0,-112.4813068,34.06711724,0.305,7.69,11.55,1710.0,2.8,8.23,2.02,0.221,114.5,11.6,77.6,4.98,48.2,6.43,18.15,0.16,1.57,0.059,3.05,49.1,25.0,0.77,939.0,1.39,2.41,20.5,27.7,1240.0,191.0,112.5,0.02,1.75,9.48,0.3,2.68,243.0,1.44,0.04,18.55,0.409,0.599,4.09,136.5,12.4,24.9,142.5,51.9,23045.91291,956.020407,143.0,127.321678,25.00702,120.0,5.7018,98.0,0.4386,94.318841,17.732303,88.0,2.5974,34.0,0.4329,-97.0,0.0,-97.0,100.0,-97.0,100.0,21.524664,2.85495,23.0,78.9238,16.0,21.0762
40311921.0,16.554923063500002,16.74615592,0.0,0.0,0.0,0.0,49.05381993,0.0,0.0,0.0,-112.4644425,34.05110135,0.218,7.01,10.95,970.0,2.42,1.09,2.84,0.26,80.9,19.4,59.2,6.1,109.0,6.12,18.7,0.16,1.68,0.084,1.9,36.3,33.1,1.49,1030.0,2.92,1.875,15.2,36.7,1060.0,48.6,76.8,0.01,1.7,16.6,0.2,2.46,395.0,1.04,0.06,8.84,0.54,0.405,2.75,141.0,3.67,22.7,132.5,59.2,,,,,,,,,,,,,,,,,,,,,,,,,,,
40303918.0,100.0,0.0,0.0,0.0,0.0,0.0,0.0,0.0,0.0,0.0,-112.8882718,33.86459172,0.113,8.11,3.62,800.0,2.64,0.34,2.16,0.151,134.5,11.7,30.5,6.68,173.5,7.16,26.4,0.2,1.93,0.053,3.14,62.6,36.0,0.82,890.0,2.62,2.4,21.6,11.75,1240.0,23.0,142.0,0.02,0.96,8.42,0.1,2.22,506.0,1.48,0.06,20.6,0.439,0.997,5.1,168.5,4.35,27.4,83.9,46.3,,,,,,,,,,,,,,,,,,,,,,,,,,,
40303922.0,49.9999999795,0.0,0.0,0.0,0.0,0.0,0.0,0.0,0.0,0.0,-113.0597344,33.77219235,0.461,3.7,6.05,4630.0,1.59,5.53,2.07,0.745,201.0,26.1,123.5,2.11,208.0,30.2,18.25,0.36,2.21,0.038,1.81,92.5,19.5,0.88,1415.0,3.73,0.662,31.5,29.0,1270.0,225.0,79.8,0.1,1.04,11.3,0.1,3.07,232.0,3.06,0.15,302.0,0.581,0.414,29.6,689.0,13.05,52.6,224.0,42.3,,,,,,,,,,,,,,,,,,,,,,,,,,,
40311856.0,50.000000022500004,0.0,0.0,0.0,0.0,0.0,0.0,0.0,0.0,0.0,-112.480161,34.06692072,0.237,7.65,18.05,1050.0,2.77,2.13,2.0,0.174,233.0,14.2,71.6,6.5,62.4,11.3,22.3,0.31,2.3,0.102,2.77,105.0,21.3,0.67,992.0,1.95,2.24,22.9,19.05,1950.0,128.0,120.0,0.02,3.22,12.55,0.3,3.66,212.0,1.41,0.04,56.9,0.366,0.597,7.39,182.0,10.4,49.6,123.5,78.1,7434.22749,477.8099971,35.0,122.771429,39.488939,64.0,10.4478,101.0,1.4925,113.282051,22.336527,94.0,2.6316,80.0,1.3158,-97.0,0.0,-97.0,100.0,-97.0,100.0,23.0,0.0,23.0,100.0,23.0,100.0
40304148.0,36.02804721,63.97195242,0.0,0.0,0.0,0.0,0.0,0.0,0.0,0.0,-112.7890485,33.92817915,0.092,6.45,7.31,730.0,1.83,1.17,2.09,0.159,134.0,17.65,66.7,5.29,177.0,11.95,22.0,0.23,2.88,0.049,2.17,59.0,39.6,0.92,941.0,2.26,1.79,22.1,24.4,1340.0,27.1,80.9,0.01,1.15,11.0,0.1,2.34,401.0,1.61,0.04,23.3,0.588,0.431,4.91,300.0,6.12,31.6,92.7,88.8,,,,,,,,,,,,,,,,,,,,,,,,,,,
40312717.0,96.81564704,3.184352321,0.0,0.0,0.0,0.0,0.0,0.0,0.0,0.0,-112.5252032,33.9542954,0.086,7.88,8.99,1060.0,2.36,0.373,1.92,0.143,69.3,16.85,58.8,4.84,54.5,4.44,20.5,0.14,2.96,0.067,3.66,30.2,54.2,1.29,1105.0,0.64,1.725,17.35,45.5,1110.0,18.2,137.5,0.005,0.69,12.05,0.2,1.61,279.0,1.16,0.02,6.2,0.452,0.805,2.27,95.7,3.12,19.65,106.5,117.0,3060021.271,13070.5408,24314.0,166.633298,47.24728,255.0,4.0003,55.0,0.0067,86.337873,38.687621,60.0,0.9924,220.0,0.0033,-117.461887,13.094734,-123.0,34.6473,-85.0,0.0033,9.41413,3.987373,7.0,73.1763,16.0,26.8237
40303924.0,100.0,0.0,0.0,0.0,0.0,0.0,0.0,0.0,0.0,0.0,-113.0926773,33.75327959,0.108,7.29,5.69,780.0,1.75,0.262,3.12,0.199,107.5,20.8,73.6,3.67,40.6,6.36,19.35,0.16,3.63,0.054,1.88,50.3,30.3,1.48,1035.0,0.95,1.21,17.05,33.5,1110.0,27.1,75.7,0.03,0.77,17.95,0.1,1.94,377.0,1.08,0.06,11.15,0.794,0.443,2.51,194.5,1.63,26.6,92.2,142.0,17168.4757,768.0962372,175.0,129.668571,20.189216,122.0,8.5714,102.0,1.1429,89.09697,29.353689,89.0,3.6364,10.0,0.6061,66.0,0.0,66.0,100.0,66.0,100.0,23.0,0.0,23.0,100.0,23.0,100.0
40304149.0,99.99999994,0.0,0.0,0.0,0.0,0.0,0.0,0.0,0.0,0.0,-112.814447,33.92209208,0.106,4.53,17.7,490.0,1.98,13.85,2.08,0.247,274.0,35.1,150.0,3.4,287.0,27.1,26.0,0.39,4.39,0.054,1.55,138.5,25.2,0.89,1390.0,14.85,1.285,38.6,38.7,1690.0,61.9,63.3,0.01,6.06,14.05,0.1,3.63,300.0,3.8,0.15,151.0,0.944,0.338,22.9,784.0,16.45,52.5,128.5,122.0,925960.899,7514.197792,8795.0,141.734053,41.592447,148.0,1.8052,33.0,0.022,87.714367,31.400352,84.0,1.4279,4.0,0.0111,49.414261,11.897762,56.0,51.1741,61.0,0.5493,23.0,0.0,23.0,100.0,23.0,100.0
40303921.0,77.33215809,22.66784139,0.0,0.0,0.0,0.0,0.0,0.0,0.0,0.0,-113.1733924,33.72052223,0.031,5.86,24.0,449.0,2.62,0.674,2.82,0.145,382.0,14.55,82.9,5.26,45.3,9.11,21.2,0.46,4.71,0.052,1.9,173.0,26.6,0.98,866.0,2.63,1.65,75.9,20.8,1790.0,22.5,90.8,0.01,2.29,15.5,0.1,5.6,259.0,9.05,0.05,316.0,0.793,0.479,41.5,264.0,3.83,103.0,64.4,106.0,2240.462026,219.5055952,16.0,86.125,20.690804,69.0,37.5,121.0,25.0,54.541667,13.335351,48.0,8.3333,33.0,4.1667,143.0,0.0,143.0,100.0,143.0,100.0,23.0,0.0,23.0,100.0,23.0,100.0
40311930.0,0.0,100.0,0.0,0.0,0.0,0.0,0.0,0.0,0.0,0.0,-112.254828,34.27338016,3.29,6.54,29.4,362.0,1.68,0.719,2.05,0.421,41.0,20.6,84.4,4.49,53.3,7.78,16.1,0.13,1.025,0.053,1.33,16.85,35.7,1.02,2510.0,1.09,1.825,6.85,32.6,660.0,51.9,52.8,0.01,4.21,15.8,0.3,1.04,291.0,1.48,0.07,4.26,0.452,0.251,1.2,184.0,11.45,15.55,115.0,39.0,114202.4425,2158.663124,702.0,181.233618,44.626907,255.0,2.0087,148.0,0.0873,141.107715,44.54156,105.0,1.3381,48.0,0.0892,-88.358209,21.476611,-96.0,88.7621,-28.0,11.2379,5.0,0.0,5.0,100.0,5.0,100.0
40311808.0,100.0,0.0,0.0,0.0,0.0,0.0,0.0,0.0,0.0,0.0,-110.8603809,33.30160162,0.112,8.39,11.15,750.0,1.98,0.89,2.35,0.421,111.0,28.1,106.5,7.82,107.5,9.05,26.0,0.18,0.342,0.132,2.35,49.4,36.9,1.31,1250.0,0.89,1.22,16.35,55.6,1180.0,49.1,124.5,0.02,1.47,33.0,0.1,3.85,307.0,0.9,0.34,10.4,0.864,0.556,1.86,210.0,9.84,30.7,218.0,9.6,71214.11029,1586.968924,,,,,,,,,,,,,,-135.0,0.0,-135.0,100.0,-135.0,100.0,7.339623,6.130479,3.0,66.6183,16.0,33.3817
40312311.0,36.7575344,0.0,26.48493152,0.0,0.0,0.0,0.0,0.0,0.0,0.0,-110.9381497,33.36359686,0.052,7.21,6.42,590.0,4.26,4.09,1.65,0.277,289.0,7.35,18.4,4.65,76.1,5.26,22.3,0.38,0.402,0.054,2.73,114.5,22.0,0.19,784.0,7.86,2.61,30.0,5.55,3110.0,40.0,127.5,0.005,1.33,8.94,0.6,3.46,451.0,2.7,0.16,55.8,0.795,0.509,6.01,110.5,9.4,74.0,68.3,9.6,,,,,,,,,,,,,,,,,,,,,,,,,,,
40311807.0,0.0,49.9999999955,0.0,0.0,0.0,0.0,0.0,0.0,0.0,0.0,-110.7603488,33.33657,0.01,4.15,9.18,346.0,1.13,0.454,1.46,0.091,402.0,26.9,160.0,2.43,31.6,28.0,19.9,0.63,0.498,0.096,1.02,175.0,12.5,0.29,2920.0,0.59,0.725,29.5,26.8,2700.0,26.6,45.5,0.01,0.95,18.75,0.2,2.55,161.0,1.89,0.12,49.6,1.675,0.221,2.69,466.0,2.26,60.2,104.5,17.6,2247.894534,210.2274625,24.0,156.166667,38.682109,157.0,25.0,147.0,4.1667,72.5625,22.240079,36.0,12.5,49.0,6.25,-268.0,0.0,-268.0,100.0,-268.0,100.0,4.0,0.0,4.0,100.0,4.0,100.0
40312312.0,49.999999595,0.0,0.0,0.0,0.0,0.0,0.0,0.0,0.0,0.0,-110.8583246,33.38749048,0.085,5.12,6.44,387.0,1.77,0.905,1.84,0.16,96.2,22.1,199.5,3.53,163.0,11.9,17.15,0.18,0.581,0.115,1.43,41.4,15.1,0.53,1425.0,4.5,0.798,16.4,38.3,1160.0,19.95,71.4,0.005,0.92,18.45,0.1,3.23,226.0,1.14,0.27,9.09,0.999,0.311,1.72,284.0,12.85,28.0,83.4,17.1,197710.2566,2814.550856,996.0,138.634538,36.248819,151.0,1.821,176.0,0.052,82.268775,20.650654,90.0,1.4026,26.0,0.0519,-68.638818,9.240956,-66.0,92.4605,-101.0,7.5395,7.0,0.0,7.0,100.0,7.0,100.0
40312313.0,35.04535851999999,11.384845353,0.0,7.139592431,0.0,0.0,0.0,0.0,0.0,0.0,-110.867861,33.37331731,0.141,7.1,7.72,480.0,2.2,0.751,1.82,0.203,101.0,22.1,173.0,6.0,367.0,10.25,20.8,0.2,0.648,0.114,1.65,44.9,28.0,1.06,1150.0,4.02,0.878,14.4,47.4,1100.0,20.9,90.7,0.01,0.71,19.35,0.4,3.14,235.0,0.98,0.16,9.92,0.905,0.428,1.56,242.0,4.04,22.9,104.5,20.8,728098.836,5352.010304,1208.0,159.206954,47.678527,92.0,0.4936,103.0,0.0141,83.33534,27.710939,89.0,0.3242,1.0,0.0141,-150.082722,9.770917,-145.0,76.7049,-129.0,0.7055,11.448626,4.499707,7.0,50.5708,16.0,49.4292
40312250.0,75.13301285,0.0,0.0,0.0,0.0,0.0,24.86698722,0.0,0.0,0.0,-110.8972345,33.27227657,0.132,8.23,5.43,690.0,2.42,0.556,1.71,0.8,120.0,13.85,54.8,8.14,70.2,4.36,23.7,0.19,0.774,0.091,2.65,57.4,32.6,0.64,748.0,0.52,1.455,11.7,26.7,1440.0,43.6,138.0,0.02,1.72,20.6,0.1,3.22,245.0,0.77,0.31,14.3,0.45,0.599,1.86,98.5,3.72,29.8,218.0,24.2,490376.7194,4278.402578,1270.0,144.43937,33.125327,147.0,0.8752,70.0,0.0208,46.535222,22.91276,1.0,0.7716,4.0,0.0209,-258.635843,2.568688,-259.0,97.9951,-244.0,0.7365,4.624869,0.780729,5.0,81.2435,3.0,18.7565
40311809.0,99.99999883,0.0,0.0,0.0,0.0,0.0,0.0,0.0,0.0,0.0,-110.862478,33.27054026,0.025,7.8,7.43,720.0,1.96,0.613,2.79,0.2,217.0,16.4,66.1,7.82,35.1,6.27,23.8,0.32,0.897,0.167,2.37,94.0,34.6,0.86,1465.0,0.43,1.48,22.4,25.2,3860.0,36.3,124.0,0.02,1.14,35.0,0.1,3.61,322.0,1.51,0.07,24.5,0.908,0.532,2.87,119.0,1.895,64.6,113.0,27.3,27745.21371,948.9251293,5.0,114.6,16.8,123.0,1.4652,81.0,0.3663,56.0,3.265986,52.0,0.3597,52.0,0.3597,-89.0,0.0,-89.0,100.0,-89.0,100.0,3.0,0.0,3.0,100.0,3.0,100.0
40312254.0,32.81050558,34.37898894,0.0,0.0,0.0,0.0,0.0,0.0,0.0,0.0,-113.6316102,33.88442372,0.063,7.87,2.43,930.0,2.45,0.243,3.56,0.119,103.0,10.75,45.3,2.62,35.5,2.97,22.9,0.15,0.935,0.049,2.71,53.1,19.6,0.95,650.0,1.04,2.56,14.95,25.6,1440.0,25.2,97.9,0.005,0.32,10.85,0.5,1.94,497.0,0.92,0.04,9.49,0.355,0.494,2.64,71.7,0.722,23.6,66.7,31.5,14169.07893,618.146209,148.0,53.97973,15.737917,39.0,14.1892,63.0,1.3514,70.492958,30.330514,53.0,3.5211,1.0,0.7042,-0.965035,7.430247,-6.0,68.5315,10.0,31.4685,16.0,0.0,16.0,100.0,16.0,100.0
40312314.0,0.0,0.0,0.0,0.0,0.0,0.0,100.0000009,0.0,0.0,0.0,-110.9228153,33.31557162,0.128,6.24,10.2,550.0,1.93,1.48,1.05,0.332,102.0,16.05,133.0,6.67,99.4,6.76,16.45,0.15,0.975,0.187,2.04,47.9,22.2,0.59,846.0,1.6,0.762,13.2,36.1,730.0,25.4,117.0,0.02,1.07,14.9,0.6,3.4,137.0,0.89,0.44,14.45,0.513,0.549,2.64,128.5,3.17,25.0,186.5,30.1,6745.322236,549.6265498,2.0,160.5,14.5,146.0,1.3699,146.0,1.3699,94.75,2.58602,91.0,1.3514,91.0,1.3514,-124.0,0.0,-124.0,100.0,-124.0,100.0,7.0,0.0,7.0,100.0,7.0,100.0
40312310.0,33.333333323333335,0.0,0.0,0.0,0.0,0.0,0.0,0.0,0.0,0.0,-110.9339846,33.34390413,0.049,5.06,6.38,480.0,1.7,0.842,0.34,0.077,62.4,9.67,77.4,6.51,63.1,4.6,13.55,0.11,1.28,0.06,2.05,26.2,19.6,0.39,496.0,0.9,0.6,8.5,23.5,390.0,16.85,112.5,0.005,0.41,9.42,0.1,2.44,61.3,0.69,0.25,9.74,0.354,0.504,1.94,66.4,3.67,14.6,70.7,39.5,700594.1649,6135.954293,249.0,169.62249,44.411028,218.0,0.2043,50.0,0.0146,19.684874,16.899029,1.0,0.7884,11.0,0.0146,-192.911188,23.46391,-170.0,45.9533,-173.0,3.2374,7.355402,1.7528,7.0,96.0511,16.0,3.9489
40312255.0,23.44042063,45.5377655,0.0,0.0,0.0,0.0,7.58139311,0.0,0.0,0.0,-113.7623286,33.82870092,0.213,6.52,9.04,820.0,1.92,1.86,4.11,0.343,77.1,17.4,58.7,3.07,90.9,4.18,16.55,0.14,1.335,0.126,2.19,38.0,21.3,1.58,913.0,5.08,1.63,12.6,34.9,940.0,44.4,87.8,0.01,1.05,14.85,0.9,1.95,501.0,0.79,0.28,8.7,0.393,0.522,2.29,97.8,3.68,23.7,116.0,45.9,746.3265718,109.7229402,27.0,128.222222,32.272375,131.0,33.3333,19.0,3.7037,81.333333,8.935986,83.0,11.1111,63.0,3.7037,-42.0,0.0,-42.0,100.0,-42.0,100.0,23.0,0.0,23.0,100.0,23.0,100.0
40312315.0,45.194125355,1.768302956,0.0,2.153417003,0.0,0.0,0.0,6.48255e-06,0.0,0.0,-113.5892899,33.92777279,0.096,6.92,4.16,790.0,2.02,0.432,2.85,0.142,73.6,14.7,83.2,3.07,83.8,3.39,18.6,0.14,1.755,0.058,2.18,36.4,23.2,1.47,1010.0,1.6,1.755,19.65,45.9,1320.0,19.4,88.4,0.005,0.9,13.4,0.7,1.89,377.0,1.19,0.05,8.83,0.445,0.497,2.63,86.0,0.921,24.0,77.6,58.0,,,,,,,,,,,,,,,,,,,,,,,,,,,
40312256.0,28.4638601,52.09829436,0.0,9.718922812999999,0.0,0.0,0.0,0.0,0.0,0.0,-113.7342012,33.78109502,0.143,6.3,9.91,700.0,1.48,0.303,4.21,0.29,75.8,15.45,55.1,4.13,32.5,3.51,14.95,0.12,2.08,0.063,1.98,38.9,25.1,1.58,780.0,1.03,1.235,12.95,31.8,700.0,29.0,81.6,0.005,1.08,13.3,0.6,1.7,351.0,0.82,0.06,11.1,0.468,0.484,2.35,90.1,1.705,22.9,96.6,71.2,13680448.89,26276.84933,133550.0,110.100232,57.451238,1.0,4.5873,243.0,0.012,84.601285,39.627696,72.0,1.1467,253.0,0.003,-81.759647,9.899871,-78.0,15.3173,-86.0,0.1415,16.615847,1.982842,16.0,91.2022,23.0,8.7978
40311804.0,70.62946371,0.0,0.0,13.776539549,0.0,0.0,0.0,1.81745726,0.0,0.0,-110.7788545,33.41581101,2.35,7.16,56.0,399.0,1.89,3.81,1.71,1.115,59.3,30.7,71.0,9.15,3820.0,6.79,23.6,0.13,2.44,0.565,2.05,26.1,29.7,1.43,1750.0,2.68,0.721,9.9,67.3,1300.0,164.0,91.3,0.17,7.61,17.7,0.9,5.29,171.0,0.64,3.62,6.86,0.691,0.585,2.98,141.0,5.32,25.9,645.0,96.8,2366968.22,9857.013245,20675.0,102.820846,46.779348,1.0,1.3805,245.0,0.0043,58.290129,31.739759,1.0,1.9924,166.0,0.0043,146.495134,19.7302,144.0,44.01,82.0,1.7339,5.151419,5.117789,2.0,71.7356,12.0,0.195
40311806.0,29.813681279333334,1.458315671,0.446757771,0.686969928,2.1759471915,0.0,0.011417192,0.0,0.0,0.0,-110.7825606,33.44115147,0.54,7.99,8.05,280.0,0.98,0.306,3.43,1.305,30.2,56.1,82.0,9.12,197.0,8.62,18.65,0.12,2.76,0.07,1.14,12.3,30.6,3.21,2930.0,1.24,1.135,10.45,154.0,1150.0,119.5,44.5,0.02,1.01,19.35,0.3,1.63,254.0,0.61,0.06,2.5,1.33,0.384,0.55,222.0,0.375,20.1,595.0,107.5,,,,,,,,,,,,,,,,,,,,,,,,,,,
40311805.0,40.6416021875,1.018938878,0.0,0.0,0.0,0.0,16.76151806,0.0,0.0,0.0,-110.748518,33.47939281,0.282,4.7,9.77,419.0,1.44,0.364,0.8,0.534,66.1,9.95,36.9,5.63,62.6,2.97,12.95,0.1,2.83,0.053,2.36,28.0,22.8,0.48,656.0,1.04,0.248,10.4,17.45,390.0,70.4,82.4,0.03,1.05,8.43,0.1,1.92,65.4,0.71,0.12,8.33,0.469,0.43,1.87,74.7,1.305,20.1,197.0,104.5,370314.2903,3023.603172,2675.0,137.749159,30.307241,124.0,2.4477,205.0,0.0275,68.524148,20.014747,59.0,1.8222,1.0,0.0276,385.068299,22.295577,361.0,33.034,381.0,18.0952,12.0,0.0,12.0,100.0,12.0,100.0
40312307.0,51.39253667,24.303731725000002,0.0,0.0,0.0,0.0,0.0,0.0,0.0,0.0,-110.887148,33.51711616,0.052,7.03,21.2,490.0,2.92,0.497,2.91,0.242,118.5,29.2,63.7,17.05,64.4,7.27,19.15,0.19,3.85,0.108,2.3,46.3,55.0,1.85,1370.0,1.3,1.58,19.85,42.7,2510.0,26.9,115.5,0.01,0.94,19.6,0.1,3.03,214.0,1.5,0.05,29.3,1.42,0.516,3.02,181.5,2.11,58.7,129.0,141.5,1456724.025,7297.73709,12156.0,168.392481,46.696829,255.0,5.5211,53.0,0.0211,85.11596,42.615133,66.0,1.0494,3.0,0.007,264.812056,14.976758,251.0,32.583,284.0,15.8324,7.295645,0.709848,7.0,85.2178,9.0,14.7822
40311801.0,53.18814294,21.52198946,0.0,0.17928199,0.0,0.0,0.0,3.588596473,0.0,0.0,-110.8781574,33.48012011,0.089,6.25,16.75,363.0,1.35,0.539,3.71,0.269,91.1,41.9,164.0,8.77,66.4,11.5,18.2,0.19,4.51,0.106,1.49,39.6,36.4,2.15,2080.0,2.01,1.575,25.7,71.1,2360.0,36.2,64.2,0.005,0.63,25.6,0.4,2.69,263.0,1.68,0.08,51.3,3.65,0.297,3.08,357.0,1.59,44.0,152.5,173.0,2244.281841,209.9841464,30.0,194.566667,22.379579,215.0,20.0,146.0,2.5,122.645161,30.406439,113.0,4.3478,49.0,2.1739,333.0,0.0,333.0,100.0,333.0,100.0,7.0,0.0,7.0,100.0,7.0,100.0
40312308.0,28.240205045,0.0,43.5195898,0.0,0.0,0.0,0.0,0.0,0.0,0.0,-110.8964465,33.5103077,0.043,6.99,18.1,530.0,2.97,0.517,2.48,0.189,110.5,30.0,86.0,13.4,51.3,8.67,19.7,0.19,4.88,0.106,2.58,43.4,47.8,1.62,1875.0,1.46,1.565,22.7,39.7,2260.0,26.8,118.5,0.005,1.45,20.1,0.1,3.34,196.0,1.63,0.02,20.4,1.965,0.473,2.97,260.0,2.16,54.5,143.0,166.5,9267689.25,22556.91569,73141.0,184.342886,44.335153,255.0,6.3461,36.0,0.0044,116.073539,58.043471,255.0,2.3065,3.0,0.0155,350.568154,44.63306,325.0,12.309,406.0,0.0033,11.684976,4.496197,16.0,52.0553,7.0,47.9447
40311802.0,9.487233709,45.256383256999996,0.0,0.0,0.0,0.0,0.0,0.0,0.0,0.0,-110.9399037,33.47406842,0.04,6.82,15.2,358.0,3.62,1.03,2.12,0.175,129.5,30.6,34.2,10.75,71.2,12.3,23.2,0.24,5.65,0.12,2.35,44.2,31.7,0.81,1805.0,1.3,1.935,44.4,26.2,1690.0,44.3,155.5,0.01,0.78,22.8,0.2,5.36,135.5,3.67,0.09,144.0,1.545,0.613,9.08,429.0,4.51,90.4,132.5,158.0,693533.664,4844.153444,5279.0,198.526236,50.905132,255.0,11.301,54.0,0.0147,100.600189,51.782353,1.0,1.1469,205.0,0.0147,412.381063,4.848046,410.0,78.6738,425.0,9.6424,13.232929,4.772955,16.0,74.8448,5.0,25.1552
40311803.0,44.80439095,27.59780454,0.0,0.0,0.0,0.0,0.0,0.0,0.0,0.0,-110.8039835,33.46957865,0.208,5.53,5.62,230.0,0.81,0.34,3.51,0.382,48.2,76.0,379.0,5.59,112.0,17.0,21.2,0.18,6.63,0.104,0.75,18.3,19.2,2.57,3820.0,2.18,1.175,33.9,107.5,2340.0,64.0,30.8,0.005,0.94,31.6,0.9,3.34,179.5,2.02,0.05,2.72,6.82,0.207,0.83,781.0,0.857,34.8,349.0,253.0,52372.47891,1397.170511,513.0,218.896686,24.68995,255.0,13.1021,169.0,0.3854,93.155206,18.793717,109.0,3.301,44.0,0.1942,295.0,0.0,295.0,100.0,295.0,100.0,31.0,0.0,31.0,100.0,31.0,100.0
40312253.0,4.592861634,65.60485724,0.0,0.540914382,0.0,0.0,19.48922168,9.772145435,0.0,0.0,-110.4067095,32.78942962,0.146,8.02,6.76,1120.0,2.3,0.216,2.02,0.194,98.9,22.9,76.3,10.9,52.8,5.69,20.5,0.17,6.87,0.076,2.83,48.7,60.6,1.4,1015.0,0.93,1.875,16.7,45.0,1970.0,24.2,136.0,0.005,1.03,14.35,0.2,2.09,488.0,0.9,0.06,8.15,0.787,0.582,1.59,131.5,1.06,30.7,123.5,288.0,7884648.163,20942.96552,21943.0,138.552522,43.400399,127.0,0.5255,244.0,0.0013,72.915711,33.160161,78.0,0.4443,192.0,0.0013,-76.713922,20.132537,-58.0,19.7141,-85.0,0.1124,12.17251,6.896815,9.0,64.6256,16.0,0.5894
40312305.0,24.290512079333336,27.12792688,0.0,0.000536888,0.0,0.0,0.0,0.0,0.0,0.0,-110.8826787,33.56141912,0.045,6.65,98.6,520.0,4.73,1.605,2.49,0.196,297.0,18.4,37.1,26.2,39.3,7.62,22.3,0.3,7.42,0.104,2.82,104.5,55.3,0.82,1305.0,2.14,1.895,40.0,18.5,2870.0,40.0,175.5,0.01,1.2,18.95,0.5,5.5,170.0,3.52,0.16,221.0,1.095,0.964,9.85,177.0,15.15,140.5,103.0,196.5,1086639.815,6536.938801,8979.0,115.849983,34.17031,113.0,1.8408,254.0,0.0094,63.490146,23.423143,58.0,1.7007,138.0,0.0094,301.75308,7.286994,305.0,67.5188,317.0,0.0834,2.0,0.0,2.0,100.0,2.0,100.0
40312301.0,10.74792518,15.85493408,0.0,36.698570405,0.0,0.0,0.0,0.0,0.0,0.0,-110.879419,33.59097987,0.04,4.33,67.9,470.0,2.11,1.38,2.28,0.16,269.0,34.0,160.5,14.65,28.9,17.55,22.2,0.37,7.49,0.158,1.57,116.0,17.0,0.56,2510.0,2.37,1.295,49.1,38.3,1680.0,30.9,76.0,0.01,1.26,22.2,0.5,5.94,222.0,3.31,0.12,166.0,4.17,0.664,7.87,590.0,8.83,96.6,226.0,243.0,2388143.746,12343.41208,15840.0,116.706755,36.530957,106.0,1.3093,25.0,0.0043,79.279001,28.179643,86.0,1.0301,2.0,0.0043,307.359582,6.989035,302.0,35.8487,295.0,0.1727,2.384457,0.788103,2.0,80.7771,4.0,19.2229
40312303.0,100.0,0.0,0.0,0.0,0.0,0.0,0.0,0.0,0.0,0.0,-110.8446112,33.59133078,0.055,6.72,48.0,347.0,4.4,2.54,1.31,0.223,219.0,24.5,60.7,17.1,40.0,17.75,26.4,0.33,7.82,0.137,2.52,87.3,42.6,0.61,1650.0,2.18,1.71,40.0,24.2,1990.0,48.5,182.5,0.01,1.31,19.15,0.6,5.93,125.5,3.58,0.09,124.5,0.953,0.817,12.65,374.0,21.8,113.0,139.0,208.0,,,,,,,,,,,,,,,,,,,,,,,,,,,
40312302.0,100.0,0.0,0.0,0.0,0.0,0.0,0.0,0.0,0.0,0.0,-110.8732429,33.58716238,0.011,2.18,48.3,215.0,1.53,2.15,1.13,0.148,421.0,44.6,251.0,8.78,23.9,35.2,30.7,0.57,8.33,0.202,0.74,194.0,11.2,0.36,3380.0,2.94,0.595,48.2,48.1,1380.0,30.3,38.1,0.005,0.8,27.3,0.4,7.17,98.2,2.59,0.06,214.0,5.1,0.372,7.1,1035.0,5.54,75.2,381.0,274.0,5201193.399,16200.11528,35601.0,150.588073,37.259082,161.0,1.1468,241.0,0.0039,52.92581,21.407509,46.0,1.5006,140.0,0.002,321.022948,14.345806,318.0,21.7411,302.0,0.3618,7.167028,5.569242,5.0,35.2479,4.0,12.4665
40312309.0,24.50256687975,1.989732646,0.0,0.0,0.0,0.0,0.0,0.0,0.0,0.0,-110.9144218,33.52371058,0.023,5.65,11.2,336.0,4.37,1.56,1.94,0.203,341.0,27.7,63.0,12.95,42.0,19.85,22.5,0.4,8.57,0.163,1.89,108.0,38.7,0.49,2180.0,1.73,1.51,38.2,20.3,3870.0,46.2,128.5,0.005,0.98,20.5,0.3,5.72,135.5,2.99,0.16,266.0,1.125,0.552,22.5,429.0,6.07,144.0,148.0,242.0,755193.6244,5763.09697,7182.0,149.743665,49.201147,191.0,1.5712,220.0,0.0271,106.077268,41.646226,112.0,1.1734,1.0,0.0136,198.180801,10.40291,195.0,84.9554,239.0,0.5991,13.833853,3.847484,16.0,75.9317,7.0,24.0683
40312304.0,32.538540025,34.92291941,0.0,0.0,0.0,0.0,0.0,0.0,0.0,0.0,-110.841239,33.59343959,0.039,6.07,57.4,248.0,3.53,1.765,2.08,0.279,310.0,46.3,83.1,13.85,59.7,23.0,27.8,0.35,10.35,0.152,1.54,85.1,33.6,0.94,2270.0,2.1,1.305,38.9,58.4,2050.0,75.9,116.0,0.01,1.37,23.8,0.8,6.0,119.0,3.16,0.13,240.0,1.425,0.559,17.15,573.0,7.11,148.0,236.0,289.0,,,,,,,,,,,,,,,,,,,,,,,,,,,
40312306.0,12.04821868,87.9517813,0.0,0.0,0.0,0.0,0.0,0.0,0.0,0.0,-110.8722767,33.57102369,0.022,5.11,181.5,440.0,5.02,2.17,2.89,0.263,394.0,26.8,76.6,26.2,50.8,16.95,23.1,0.44,11.2,0.157,2.01,123.5,45.9,0.73,2120.0,3.27,1.36,60.7,24.6,3280.0,59.0,133.5,0.005,1.37,21.8,0.3,8.03,137.0,5.07,0.21,267.0,1.795,0.942,12.55,401.0,15.55,181.5,145.5,277.0,476806.0371,3403.269296,2748.0,139.082242,36.630782,139.0,1.7438,169.0,0.0215,61.959756,22.927399,69.0,1.3913,2.0,0.0214,313.109682,8.955855,305.0,54.9462,323.0,45.0538,2.0,0.0,2.0,100.0,2.0,100.0
40303925.0,5.293840830500001,3.4157949055000003,0.0,25.8322443,6.990470209,0.0,0.0,23.92576961,0.0,0.0,-110.8459065,33.61189335,0.015,2.3,57.1,116.0,3.01,2.17,0.97,0.15,238.0,34.8,138.0,6.71,44.4,44.2,23.5,0.51,19.85,0.162,0.81,94.2,21.2,0.26,2700.0,2.02,0.476,50.1,31.6,3140.0,41.3,58.2,0.01,1.02,21.4,0.1,6.77,45.1,3.74,0.1,670.0,1.375,0.246,29.4,876.0,22.6,183.5,170.5,500.1,2240.965038,219.5177378,30.0,159.866667,22.718177,171.0,10.9091,150.0,1.8182,59.9,17.930142,58.0,7.4074,16.0,1.8519,243.0,0.0,243.0,100.0,243.0,100.0,16.0,0.0,16.0,100.0,16.0,100.0
40311857.0,100.0,0.0,0.0,0.0,0.0,0.0,0.0,0.0,0.0,0.0,-112.402578,34.194376,0.062,8.16,3.4,448.0,1.32,0.298,4.14,0.115,46.0,24.6,82.9,1.55,92.7,9.6,21.4,0.15,0.485,0.077,1.26,18.6,10.3,1.53,1185.0,3.79,2.26,6.49,24.5,930.0,8.34,39.7,0.01,0.6,25.3,0.3,1.37,391.0,0.37,0.11,3.03,0.404,0.168,1.62,217.0,49.5,27.5,89.7,12.3,3618399.312,13390.89351,,,,,,,,212.631579,58.090864,255.0,0.0325,115.0,0.003,178.5116,36.812044,133.0,25.5621,255.0,0.6353,8.271194,2.536885,9.0,48.0155,12.0,19.2939
40311858.0,100.0,0.0,0.0,0.0,0.0,0.0,0.0,0.0,0.0,0.0,-112.38266,34.19983,0.227,8.22,3.37,710.0,2.35,0.656,1.86,0.226,55.8,7.15,15.0,1.59,226.0,3.67,20.8,0.11,0.682,0.06,2.16,22.3,16.6,0.37,449.0,29.5,3.11,7.31,7.39,950.0,12.95,65.3,0.01,0.74,4.85,0.4,1.27,609.0,0.48,0.39,2.87,0.209,0.262,1.54,74.1,15.65,9.98,58.6,13.5,3746365.02,9521.096634,,,,,,,,50.895652,25.590546,1.0,0.0163,4.0,0.0027,132.133287,47.269345,145.0,30.5445,203.0,0.2828,9.0,0.0,9.0,100.0,9.0,100.0
40311859.0,43.22849086,56.77150954,0.0,0.0,0.0,0.0,0.0,0.0,0.0,0.0,-112.38261,34.19971,0.242,8.53,2.83,630.0,2.26,0.726,2.34,0.259,58.8,10.6,23.5,1.53,431.0,4.78,22.1,0.13,0.682,0.073,1.69,24.7,15.7,0.58,757.0,15.85,3.24,7.57,9.89,840.0,11.1,49.9,0.01,0.44,7.01,0.3,1.36,668.0,0.49,0.32,3.14,0.246,0.212,1.71,103.5,7.82,13.2,91.1,13.9,,,,,,,,,,,,,,,,,,,,,,,,,,,
40311860.0,100.0,0.0,0.0,0.0,0.0,0.0,0.0,0.0,0.0,0.0,-112.36593,34.15995,0.827,7.13,7.32,760.0,1.28,0.343,2.5,2.29,68.8,14.25,48.4,2.14,31.2,8.88,19.75,0.16,0.811,0.079,1.54,28.4,19.5,0.61,699.0,1.77,2.27,8.09,10.8,710.0,35.5,45.7,0.01,2.49,15.4,0.3,1.62,367.0,0.55,0.02,4.11,0.299,0.22,2.01,195.5,1.31,24.3,222.0,18.8,14851.41601,687.0501914,,,,,,,,,,,,,,130.0,0.0,130.0,100.0,130.0,100.0,6.0,0.0,6.0,100.0,6.0,100.0
40311931.0,100.0000004,0.0,0.0,0.0,0.0,0.0,0.0,0.0,0.0,0.0,-112.20876,34.25141,1.22,5.64,37.0,460.0,0.96,0.571,3.41,0.345,62.2,28.1,136.5,2.11,52.1,10.15,15.3,0.12,1.335,0.075,1.18,29.0,16.7,1.42,2210.0,1.39,1.455,11.15,46.5,1020.0,94.3,32.6,0.01,5.42,21.3,0.4,1.27,275.0,0.71,0.1,7.86,0.974,0.17,1.46,252.0,19.9,20.7,137.0,45.8,3691791.958,15068.35636,33655.0,201.566721,39.164607,255.0,12.686,83.0,0.0028,150.566298,33.008253,154.0,1.2291,4.0,0.0027,59.83763,106.03157,44.0,24.3907,85.0,0.0812,3.957035,4.787302,3.0,57.9746,21.0,7.2489
40311926.0,100.0,0.0,0.0,0.0,0.0,0.0,0.0,0.0,0.0,0.0,-112.56283,34.0991,0.178,6.3,33.3,4680.0,2.91,11.8,2.59,0.24,500.1,22.4,140.5,4.67,97.5,15.4,22.0,0.53,2.33,0.078,2.13,290.0,24.7,0.88,1685.0,3.9,1.69,23.1,37.5,3130.0,464.0,86.6,0.11,2.76,12.65,0.5,3.5,260.0,1.7,0.09,93.4,0.6,0.467,10.85,296.0,72.2,80.7,132.0,76.1,,,,,,,,,,,,,,,,,,,,,,,,,,,
40430262.0,100.0,0.0,0.0,0.0,0.0,0.0,0.0,0.0,0.0,0.0,-110.0357682,33.22084249,0.08,7.7,3.62,780.0,2.22,0.225,2.1,0.155,84.1,14.8,39.7,3.17,56.6,4.1,18.6,0.18,5.07,0.056,2.6,37.2,23.5,0.98,692.0,1.38,1.725,25.4,28.3,1420.0,18.55,93.2,0.01,0.43,9.42,0.7,2.19,309.0,1.5,0.04,9.44,0.673,0.303,1.8,93.1,0.906,24.0,84.3,215.0,43514775.55,44269.4748,195688.0,138.146662,45.969026,126.0,0.5651,9.0,0.0014,107.20196,33.766723,104.0,0.6249,245.0,0.0024,162.983854,122.88087,182.0,3.3199,-3.0,0.0137,6.769335,3.681187,11.0,33.965,15.0,0.0317
